month,merchant_key,merchant_name,owner,merchant_scale,priority_level,current_gmv,previous_gmv,gmv_change_abs,gmv_loss,gmv_mom,gmv_rank_current,gmv_rank_change,previous_gmv_share,diagnostic_dimensions,data_quality_status,metric_quality_status,merchant_mapping_status,aftersales_rate,attention_reasons
2025-05,ID:11125,药悦网,负责人 B,MID,WATCHLIST,38264.38,57493.95,-19229.57,19229.57,-0.3344624956191042,54.0,6.0,0.0042331179820242,Service,NO_ALERT,MISSING,ID_MATCHED,0.0652920962199312,Service: 售后率6.5%，环比变化32.4%
2025-05,ID:1140,都尔东康,负责人 B,MID,PRIORITY,14085.48,15196.01,-1110.5300000000009,1110.5300000000009,-0.0730803678070757,65.0,2.0,0.0011188395159146,Trend|Service,NO_ALERT,MISSING,NAME_MATCHED,0.0526315789473684,Trend: GMV环比-7.3%，连续下降3个月；Service: 售后率5.3%，环比变化584.2%
2025-05,ID:1142,普宁普慈,负责人 B,KEY,WATCHLIST,257435.33,265300.85,-7865.519999999989,7865.519999999989,-0.0296475491880255,18.0,-2.0,0.0195333560971425,Scale / Impact,NO_ALERT,MISSING,NAME_MATCHED,0.0357370772176132,Scale / Impact: GMV损失7865.52，上月区域占比2.0%
2025-05,ID:11628,子钦医疗,,LONG_TAIL,WATCHLIST,175.0,745.0,-570.0,570.0,-0.7651006711409396,77.0,0.0,5.485225656974404e-05,Trend,NO_ALERT,MISSING,NAME_MATCHED,0.0,Trend: GMV环比-76.5%
2025-05,ID:11854,诺和堂,负责人 B,KEY,ATTENTION,1090839.81,785458.35,305381.4600000001,0.0,0.3887939570570484,1.0,0.0,0.0578310911933527,Scale / Impact|Service,NO_ALERT,MISSING,NAME_MATCHED,0.0542986425339366,Scale / Impact: GMV损失0.00，上月区域占比5.8%；Service: 售后率5.4%，环比变化4.1%
2025-05,ID:11860,一玖堂,负责人 B,MID,NO_PRIORITY,47826.58,45895.64,1930.9400000000023,0.0,0.0420724060063222,50.0,-3.0,0.0033791670076679,,NO_ALERT,MISSING,NAME_MATCHED,0.0323624595469255,
2025-05,ID:11905,贰美医疗,负责人 B,MID,NO_PRIORITY,50398.08,58483.9,-8085.82,8085.82,-0.1382571955700628,48.0,1.0,0.0043060052187909,,NO_ALERT,MISSING,NAME_MATCHED,0.0161377084454007,
2025-05,ID:11908,药精采,负责人 B,MID,WATCHLIST,50637.37,64299.98,-13662.61,13662.61,-0.2124823366974608,47.0,1.0,0.0047342268461602,Service,NO_ALERT,MISSING,NAME_MATCHED,0.0632054176072234,Service: 售后率6.3%，环比变化4.3%
2025-05,ID:11984,四川北尘,负责人 B,MID,PRIORITY,30319.78,125657.71,-95337.93,95337.93,-0.7587113436970959,58.0,27.0,0.009251824092465,Trend|Scale / Impact|Relative Position,NO_ALERT,MISSING,NAME_MATCHED,0.0344827586206896,Trend: GMV环比-75.9%；Scale / Impact: GMV损失95337.93，上月区域占比0.9%；Relative Position: 排名变化27，同月分位42.4%
2025-05,ID:12380,纽瑞特,负责人 B,MID,WATCHLIST,15662.47,36262.18,-20599.71,20599.71,-0.56807698820093,63.0,7.0,0.0026698824176352,Trend,NO_ALERT,MISSING,ID_MATCHED,0.0277777777777777,Trend: GMV环比-56.8%
2025-05,ID:12382,四川奥慈,负责人 B,MID,NO_PRIORITY,76095.48,68317.3,7778.179999999993,0.0,0.1138537383649529,36.0,-5.0,0.0050300108291975,,NO_ALERT,MISSING,NAME_MATCHED,0.037111334002006,
2025-05,ID:1257,辉莹医疗,负责人 B,LONG_TAIL,WATCHLIST,0.0,0.0,0.0,0.0,,78.0,-1.0,0.0,Relative Position,NO_ALERT,MISSING,ID_MATCHED,,Relative Position: 排名变化-1，同月分位11.6%
2025-05,ID:12642,九之堂旗舰店,负责人 B,MID,NO_PRIORITY,59928.43,89991.64,-30063.21,30063.21,-0.3340666977510355,42.0,5.0,0.0066258315790765,,NO_ALERT,MISSING,NAME_MATCHED,0.0236363636363636,
2025-05,ID:12823,众维器械,负责人 B,LONG_TAIL,WATCHLIST,0.0,0.0,0.0,0.0,,78.0,-1.0,0.0,Relative Position,NO_ALERT,MISSING,ID_MATCHED,,Relative Position: 排名变化-1，同月分位11.6%
2025-05,ID:12947,江西省战狼商贸,负责人 B,KEY,WATCHLIST,532460.04,416948.66,115511.38000000006,0.0,0.277039815885246,6.0,-7.0,0.0306987582211154,Scale / Impact,NO_ALERT,MISSING,NAME_MATCHED,0.0334148329258353,Scale / Impact: GMV损失0.00，上月区域占比3.1%
2025-05,ID:12980,有之源旗舰店,负责人 B,MID,PRIORITY,4080.8,5006.17,-925.37,925.37,-0.1848459001592035,72.0,-1.0,0.0003685902298949,Trend,NO_ALERT,MISSING,NAME_MATCHED,0.0,Trend: GMV环比-18.5%，连续下降4个月
2025-05,ID:13094,四川唤初新材料,负责人 B,LONG_TAIL,WATCHLIST,0.0,0.0,0.0,0.0,,78.0,-1.0,0.0,Relative Position,NO_ALERT,MISSING,ID_MATCHED,,Relative Position: 排名变化-1，同月分位11.6%
2025-05,ID:13249,成都锦莱源商贸,负责人 B,MID,NO_PRIORITY,32275.07,37423.37,-5148.300000000003,5148.300000000003,-0.1375691179068053,56.0,1.0,0.002755377574422,,NO_ALERT,MISSING,ID_MATCHED,0.014866979655712,
2025-05,ID:1350,希尔康,负责人 B,KEY,WATCHLIST,469207.06,374394.19,94812.87,0.0,0.2532434330778477,10.0,-7.0,0.0275655921719483,Scale / Impact,NO_ALERT,MISSING,NAME_MATCHED,0.0392681838464971,Scale / Impact: GMV损失0.00，上月区域占比2.8%
2025-05,ID:13778,众维堂器械,负责人 B,MID,NO_PRIORITY,125759.4,120550.64,5208.759999999995,0.0,0.0432080659215081,30.0,-5.0,0.0088758048790964,,NO_ALERT,MISSING,NAME_MATCHED,0.0205128205128205,
2025-05,ID:14256,四川瑞锦医药科技,负责人 B,MID,NO_PRIORITY,7051.99,6587.85,464.1399999999994,0.0,0.0704539417260561,69.0,-2.0,0.000485044883816,,NO_ALERT,MISSING,NAME_MATCHED,0.044776119402985,
2025-05,ID:14726,四川然柠安,负责人 B,KEY,PRIORITY,261804.2,294050.31,-32246.109999999982,32246.109999999982,-0.109661880648927,17.0,-2.0,0.0216500980517218,Trend|Scale / Impact,NO_ALERT,MISSING,ID_MATCHED,0.0230055658627087,Trend: GMV环比-11.0%，连续下降3个月；Scale / Impact: GMV损失32246.11，上月区域占比2.2%
2025-05,ID:14782,四川弗佑斯贸易,负责人 B,MID,NO_PRIORITY,184345.31,129704.42,54640.89,0.0,0.4212723822364728,25.0,-4.0,0.0095497719786172,,NO_ALERT,MISSING,NAME_MATCHED,0.0222419928825622,
2025-05,ID:1513,长盛医药科技,负责人 B,MID,NO_PRIORITY,5791.45,4486.55,1304.8999999999996,0.0,0.2908470874056903,70.0,-4.0,0.0003303320694134,,NO_ALERT,MISSING,NAME_MATCHED,0.02,
2025-05,ID:15134,【退店公示中】成都宝和堂科技,负责人 B,LONG_TAIL,WATCHLIST,0.0,0.0,0.0,0.0,,78.0,-1.0,0.0,Relative Position,NO_ALERT,MISSING,ID_MATCHED,,Relative Position: 排名变化-1，同月分位11.6%
2025-05,ID:15251,四川宜初霁,负责人 B,KEY,ATTENTION,487724.59,391242.3,96482.29000000004,0.0,0.246604955548007,7.0,-9.0,0.0288060711685057,Scale / Impact|Service,NO_ALERT,MISSING,NAME_MATCHED,0.0912337662337662,Scale / Impact: GMV损失0.00，上月区域占比2.9%；Service: 售后率9.1%，环比变化10.3%
2025-05,ID:15504,多多医生,负责人 B,MID,NO_PRIORITY,136150.27,123597.05,12553.219999999988,0.0,0.1015656927086849,29.0,-5.0,0.009100103487065,,NO_ALERT,MISSING,NAME_MATCHED,0.049234135667396,
2025-05,ID:15756,四川瑾辉医疗器械,负责人 B,MID,NO_PRIORITY,35468.11,29615.2,5852.91,0.0,0.1976319592641615,55.0,-4.0,0.0021804839580728,,NO_ALERT,MISSING,NAME_MATCHED,0.0178217821782178,
2025-05,ID:15847,成都市嘉乐康健医疗器械,负责人 B,MID,NO_PRIORITY,8484.68,9210.54,-725.8600000000006,725.8600000000006,-0.0788075400573691,68.0,0.0,0.0006781461788266,,NO_ALERT,MISSING,NAME_MATCHED,0.0476190476190476,
2025-05,ID:16025,四川微至,负责人 B,KEY,WATCHLIST,570456.01,778911.44,-208455.42999999996,208455.42999999996,-0.2676240446539082,4.0,2.0,0.0573490606066963,Scale / Impact,NO_ALERT,MISSING,NAME_MATCHED,0.0267686424474187,Scale / Impact: GMV损失208455.43，上月区域占比5.7%
2025-05,ID:16163,济郎中医药科技,负责人 B,KEY,WATCHLIST,190325.22,326232.32,-135907.1,135907.1,-0.4165960625850927,24.0,6.0,0.0240195690174266,Scale / Impact,NO_ALERT,MISSING,NAME_MATCHED,0.0323974082073434,Scale / Impact: GMV损失135907.10，上月区域占比2.4%
2025-05,ID:16231,非药易,负责人 B,MID,NO_PRIORITY,3873.36,5450.81,-1577.4500000000005,1577.4500000000005,-0.2893973556223754,73.0,1.0,0.0004013278236683,,NO_ALERT,MISSING,ID_MATCHED,0.0284090909090909,
2025-05,ID:16711,鑫宇豪旗舰店,负责人 B,MID,NO_PRIORITY,41502.82,37747.99,3754.8300000000017,0.0,0.0994709917004852,53.0,-1.0,0.0027792784328484,,NO_ALERT,MISSING,ID_MATCHED,0.0337837837837837,
2025-05,ID:16854,成都原数生物,负责人 B,LONG_TAIL,WATCHLIST,0.0,0.0,0.0,0.0,,78.0,-1.0,0.0,Relative Position,NO_ALERT,MISSING,ID_MATCHED,,Relative Position: 排名变化-1，同月分位11.6%
2025-05,ID:17301,四川牙易,负责人 B,LONG_TAIL,WATCHLIST,0.0,0.0,0.0,0.0,,78.0,-1.0,0.0,Relative Position,NO_ALERT,MISSING,ID_MATCHED,,Relative Position: 排名变化-1，同月分位11.6%
2025-05,ID:17386,保和堂,负责人 B,KEY,NO_PRIORITY,237763.86,199437.03,38326.82999999999,0.0,0.1921750940635247,20.0,-3.0,0.0146839881061311,,NO_ALERT,MISSING,NAME_MATCHED,0.020759613116301,
2025-05,ID:17613,远聚隆创旗舰店,负责人 B,KEY,PRIORITY,222811.8,583182.69,-360370.89,360370.89,-0.6179382484757907,22.0,17.0,0.0429381027367966,Trend|Scale / Impact|Relative Position,NO_ALERT,MISSING,NAME_MATCHED,0.0355648535564853,Trend: GMV环比-61.8%；Scale / Impact: GMV损失360370.89，上月区域占比4.3%；Relative Position: 排名变化17，同月分位78.8%
2025-05,ID:17614,成都铸盛医疗器械,负责人 B,MID,ATTENTION,0.0,9925.0,-9925.0,9925.0,-1.0,78.0,11.0,0.000730749861013,Trend|Relative Position,NO_ALERT,MISSING,ID_MATCHED,,Trend: GMV环比-100.0%；Relative Position: 排名变化11，同月分位11.6%
2025-05,ID:17716,致呈优选,负责人 B,MID,NO_PRIORITY,23136.3,12562.58,10573.72,0.0,0.8416837942524544,59.0,-6.0,0.0009249474648831,,NO_ALERT,MISSING,NAME_MATCHED,0.0032362459546925,
2025-05,ID:17859,四川亦辰美唯网络科技,负责人 B,MID,WATCHLIST,50250.53,55926.67,-5676.139999999999,5676.139999999999,-0.1014925437184084,49.0,0.0,0.0041177235596394,Service,NO_ALERT,MISSING,NAME_MATCHED,0.058078141499472,Service: 售后率5.8%，环比变化35.9%
2025-05,ID:17862,【已退店】医道彤行,负责人 B,LONG_TAIL,ATTENTION,0.0,460.45,-460.45,460.45,-1.0,78.0,0.0,3.390163964770288e-05,Trend|Relative Position,NO_ALERT,MISSING,ID_MATCHED,,Trend: GMV环比-100.0%；Relative Position: 排名变化0，同月分位11.6%
2025-05,ID:18090,天启明,负责人 B,MID,WATCHLIST,9532.03,10486.88,-954.8499999999984,954.8499999999984,-0.0910518667134551,66.0,0.0,0.0007721195065451,Service,NO_ALERT,MISSING,ID_MATCHED,0.0707070707070707,Service: 售后率7.1%，环比变化116.8%
2025-05,ID:18134,四川奇力康健康科技,负责人 B,MID,NO_PRIORITY,69243.98,67373.34,1870.6399999999996,0.0,0.0277652852003478,37.0,-6.0,0.0049605097069001,,NO_ALERT,MISSING,NAME_MATCHED,0.0252844500632111,
2025-05,ID:18152,亦蓝辰美,负责人 B,MID,NO_PRIORITY,46978.97,35753.57,11225.4,0.0,0.3139658501234981,51.0,-6.0,0.0026324348925158,,NO_ALERT,MISSING,NAME_MATCHED,0.0525525525525525,
2025-05,ID:18517,聚药汇,负责人 B,KEY,ATTENTION,360269.68,425271.09,-65001.41000000003,65001.41000000003,-0.1528469993104869,14.0,2.0,0.0313115153562076,Scale / Impact|Service,NO_ALERT,MISSING,NAME_MATCHED,0.0735239509840326,Scale / Impact: GMV损失65001.41，上月区域占比3.1%；Service: 售后率7.4%，环比变化3.4%
2025-05,ID:18716,【已退店】悦美康宸,负责人 B,LONG_TAIL,WATCHLIST,0.0,0.0,0.0,0.0,,78.0,-1.0,0.0,Relative Position,NO_ALERT,MISSING,ID_MATCHED,,Relative Position: 排名变化-1，同月分位11.6%
2025-05,ID:19233,成都至本生物科技,负责人 B,MID,WATCHLIST,16114.44,7537.43,8577.01,0.0,1.1379223422307074,62.0,-7.0,0.0005549597909214,Service,NO_ALERT,MISSING,NAME_MATCHED,0.1346153846153846,Service: 售后率13.5%，环比变化189.4%
2025-05,ID:19239,有识医药,负责人 B,MID,ATTENTION,41687.61,83743.5,-42055.89,42055.89,-0.5021988572247398,52.0,14.0,0.0061657985879843,Relative Position|Service,NO_ALERT,MISSING,NAME_MATCHED,0.056338028169014,Relative Position: 排名变化14，同月分位48.5%；Service: 售后率5.6%，环比变化-30.5%
2025-05,ID:19273,鑫众维医药,负责人 B,MID,NO_PRIORITY,59352.17,66810.43,-7458.259999999995,7458.259999999995,-0.1116331686534571,44.0,-1.0,0.0049190642253623,,NO_ALERT,MISSING,NAME_MATCHED,0.0308123249299719,
2025-05,ID:1957,臻品堂医药,负责人 B,KEY,NO_PRIORITY,248204.08,193335.1,54868.97999999998,0.0,0.2838024755980677,19.0,-5.0,0.0142347201464927,,NO_ALERT,MISSING,NAME_MATCHED,0.0226969292389853,
2025-05,ID:1970,成都诚美,负责人 B,KEY,WATCHLIST,479522.17,451522.92,27999.25,0.0,0.062010694828072,8.0,-2.0,0.033244363832161,Scale / Impact,NO_ALERT,MISSING,NAME_MATCHED,0.0507266246229777,Scale / Impact: GMV损失0.00，上月区域占比3.3%
2025-05,ID:19743,梦方迪,负责人 B,MID,NO_PRIORITY,65637.44,54072.23,11565.21,0.0,0.2138844652791276,39.0,-12.0,0.0039811863533667,,NO_ALERT,MISSING,ID_MATCHED,0.0337552742616033,
2025-05,ID:20204,四川永瑞康健医药科技,负责人 B,KEY,NO_PRIORITY,215203.86,243480.51,-28276.650000000023,28276.650000000023,-0.1161351682728117,23.0,1.0,0.0179267857775196,,NO_ALERT,MISSING,NAME_MATCHED,0.0198537095088819,
2025-05,ID:2021,榕庆商贸,负责人 B,MID,NO_PRIORITY,58216.19,55278.17,2938.020000000004,0.0,0.0531497334300321,45.0,-5.0,0.0040699763269072,,NO_ALERT,MISSING,NAME_MATCHED,0.0316742081447963,
2025-05,ID:20230,四川多多邦健康管理,负责人 B,MID,NO_PRIORITY,137541.0,153665.25,-16124.25,16124.25,-0.1049310107522683,27.0,0.0,0.0113139405622199,,NO_ALERT,MISSING,NAME_MATCHED,,
2025-05,ID:2080,深圳亿乐康,负责人 B,KEY,ATTENTION,364117.28,646520.72,-282403.43999999994,282403.43999999994,-0.4368049333360885,13.0,10.0,0.0476015039075109,Scale / Impact|Relative Position,NO_ALERT,MISSING,ID_MATCHED,0.0200481154771451,Scale / Impact: GMV损失282403.44，上月区域占比4.8%；Relative Position: 排名变化10，同月分位87.9%
2025-05,ID:2084,鲁鸿医疗,负责人 B,KEY,WATCHLIST,630368.69,547871.73,82496.95999999996,0.0,0.1505771433032325,2.0,-4.0,0.0403382559748584,Scale / Impact,NO_ALERT,MISSING,NAME_MATCHED,0.0389665396018636,Scale / Impact: GMV损失0.00，上月区域占比4.0%
2025-05,ID:21117,四川赤泉甘木生物科技,,LONG_TAIL,WATCHLIST,0.0,0.0,0.0,0.0,,78.0,-1.0,0.0,Relative Position,NO_ALERT,MISSING,ID_MATCHED,,Relative Position: 排名变化-1，同月分位11.6%
2025-05,ID:2116,锦仁堂,负责人 B,MID,NO_PRIORITY,68174.26,66896.15,1278.1100000000006,0.0,0.0191058827750176,38.0,-6.0,0.0049253755480913,,NO_ALERT,MISSING,NAME_MATCHED,0.0509090909090909,
2025-05,ID:21206,四川共创盛世商贸,,LONG_TAIL,NO_PRIORITY,280.4,0.0,280.4,0.0,,76.0,-3.0,0.0,,NO_ALERT,MISSING,NAME_MATCHED,0.0,
2025-05,ID:2170,康爱多医药,负责人 B,MID,NO_PRIORITY,136358.33,123657.6,12700.72999999998,0.0,0.1027088508914937,28.0,-5.0,0.0091045616134211,,NO_ALERT,MISSING,NAME_MATCHED,0.0171496156120638,
2025-05,ID:2182,舒力特,负责人 B,MID,NO_PRIORITY,31823.88,33541.05,-1717.170000000002,1717.170000000002,-0.0511960716793302,57.0,-1.0,0.0024695332620384,,NO_ALERT,MISSING,NAME_MATCHED,0.0534351145038167,
2025-05,ID:21964,四川承泰仁商贸,,LONG_TAIL,WATCHLIST,0.0,0.0,0.0,0.0,,78.0,-1.0,0.0,Relative Position,NO_ALERT,MISSING,NAME_MATCHED,,Relative Position: 排名变化-1，同月分位11.6%
2025-05,ID:22033,重庆铃宇消费品供应链,,LONG_TAIL,WATCHLIST,0.0,0.0,0.0,0.0,,78.0,-1.0,0.0,Relative Position,NO_ALERT,MISSING,NAME_MATCHED,,Relative Position: 排名变化-1，同月分位11.6%
2025-05,ID:2205,成都墨芑,负责人 B,KEY,WATCHLIST,471571.49,506577.34,-35005.850000000035,35005.850000000035,-0.0691026764047519,9.0,1.0,0.0372978660752999,Scale / Impact,NO_ALERT,MISSING,ID_MATCHED,0.0426610978520286,Scale / Impact: GMV损失35005.85，上月区域占比3.7%
2025-05,ID:2245,蒙特生物,负责人 B,MID,NO_PRIORITY,64657.8,68222.85,-3565.050000000003,3565.050000000003,-0.052255952367865,40.0,-2.0,0.0050230567410995,,NO_ALERT,MISSING,NAME_MATCHED,0.0430528375733855,
2025-05,ID:22679,江西古戈尔商贸,,LONG_TAIL,WATCHLIST,0.0,0.0,0.0,0.0,,78.0,-1.0,0.0,Relative Position,NO_ALERT,MISSING,NAME_MATCHED,,Relative Position: 排名变化-1，同月分位11.6%
2025-05,ID:22862,四川众恩德科技,,LONG_TAIL,WATCHLIST,0.0,0.0,0.0,0.0,,78.0,-1.0,0.0,Relative Position,NO_ALERT,MISSING,NAME_MATCHED,,Relative Position: 排名变化-1，同月分位11.6%
2025-05,ID:22917,成都天蕊贸易,,LONG_TAIL,WATCHLIST,0.0,0.0,0.0,0.0,,78.0,-1.0,0.0,Relative Position,NO_ALERT,MISSING,NAME_MATCHED,,Relative Position: 排名变化-1，同月分位11.6%
2025-05,ID:22940,四川壹贝佳健康咨询,,LONG_TAIL,WATCHLIST,0.0,0.0,0.0,0.0,,78.0,-1.0,0.0,Relative Position,NO_ALERT,MISSING,NAME_MATCHED,,Relative Position: 排名变化-1，同月分位11.6%
2025-05,ID:23028,重庆小橘灯商贸,,LONG_TAIL,WATCHLIST,0.0,0.0,0.0,0.0,,78.0,-1.0,0.0,Relative Position,NO_ALERT,MISSING,NAME_MATCHED,,Relative Position: 排名变化-1，同月分位11.6%
2025-05,ID:23497,重庆赛迪亨商贸,,LONG_TAIL,WATCHLIST,0.0,0.0,0.0,0.0,,78.0,-1.0,0.0,Relative Position,NO_ALERT,MISSING,NAME_MATCHED,,Relative Position: 排名变化-1，同月分位11.6%
2025-05,ID:23871,好品惠,,LONG_TAIL,WATCHLIST,0.0,0.0,0.0,0.0,,78.0,-1.0,0.0,Relative Position,NO_ALERT,MISSING,NAME_MATCHED,,Relative Position: 排名变化-1，同月分位11.6%
2025-05,ID:24075,好尔思健康,,LONG_TAIL,WATCHLIST,0.0,0.0,0.0,0.0,,78.0,-1.0,0.0,Relative Position,NO_ALERT,MISSING,NAME_MATCHED,,Relative Position: 排名变化-1，同月分位11.6%
2025-05,ID:24236,重庆即美购供应链管理,,UNAVAILABLE,DATA_QUALITY_ALERT,,,,,,,,,,NO_ALERT,MISSING,NAME_MATCHED,,
2025-05,ID:24287,四川美恩堂医药,,UNAVAILABLE,DATA_QUALITY_ALERT,,,,,,,,,,NO_ALERT,MISSING,NAME_MATCHED,,
2025-05,ID:24447,成都德善堂生物科技,,UNAVAILABLE,DATA_QUALITY_ALERT,,,,,,,,,,NO_ALERT,MISSING,NAME_MATCHED,,
2025-05,ID:24474,成都三合力医疗用品,,UNAVAILABLE,DATA_QUALITY_ALERT,,,,,,,,,,NO_ALERT,MISSING,NAME_MATCHED,,
2025-05,ID:24489,成都喜之安健康咨询,,UNAVAILABLE,DATA_QUALITY_ALERT,,,,,,,,,,NO_ALERT,MISSING,NAME_MATCHED,,
2025-05,ID:24491,四川蓝漂日用品,,UNAVAILABLE,DATA_QUALITY_ALERT,,,,,,,,,,NO_ALERT,MISSING,NAME_MATCHED,,
2025-05,ID:24513,成都瑞舒达健康管理,,UNAVAILABLE,DATA_QUALITY_ALERT,,,,,,,,,,NO_ALERT,MISSING,NAME_MATCHED,,
2025-05,ID:24713,四川蜀妈妈生物科技,,UNAVAILABLE,DATA_QUALITY_ALERT,,,,,,,,,,NO_ALERT,MISSING,NAME_MATCHED,,
2025-05,ID:24732,四川康福达医疗科技,,UNAVAILABLE,DATA_QUALITY_ALERT,,,,,,,,,,NO_ALERT,MISSING,NAME_MATCHED,,
2025-05,ID:24857,四川汇天美优贸易,,UNAVAILABLE,DATA_QUALITY_ALERT,,,,,,,,,,NO_ALERT,MISSING,NAME_MATCHED,,
2025-05,ID:24874,陕西商玺伟康医药用品,,UNAVAILABLE,DATA_QUALITY_ALERT,,,,,,,,,,NO_ALERT,MISSING,NAME_MATCHED,,
2025-05,ID:24989,盛弘康品,,UNAVAILABLE,DATA_QUALITY_ALERT,,,,,,,,,,NO_ALERT,MISSING,NAME_MATCHED,,
2025-05,ID:25025,成都御养集商贸,,UNAVAILABLE,DATA_QUALITY_ALERT,,,,,,,,,,NO_ALERT,MISSING,NAME_MATCHED,,
2025-05,ID:2563,成都天然堂,负责人 B,MID,WATCHLIST,53849.87,99366.73,-45516.85999999999,45516.85999999999,-0.4580694161919185,46.0,10.0,0.0073160931120221,Relative Position,NO_ALERT,MISSING,NAME_MATCHED,0.046070460704607,Relative Position: 排名变化10，同月分位54.5%
2025-05,ID:2837,四川多乐士,负责人 B,KEY,PRIORITY,268371.46,416128.32,-147756.86,147756.86,-0.3550752325628786,16.0,2.0,0.030638358892049,Trend|Scale / Impact,NO_ALERT,MISSING,NAME_MATCHED,0.0454884414615958,Trend: GMV环比-35.5%，连续下降4个月；Scale / Impact: GMV损失147756.86，上月区域占比3.1%
2025-05,ID:3001,华药天康,负责人 B,MID,NO_PRIORITY,76273.83,74205.76,2068.070000000007,0.0,0.0278693998956416,35.0,-4.0,0.005463561592581,,NO_ALERT,MISSING,NAME_MATCHED,0.0301587301587301,
2025-05,ID:3279,四川朝利,负责人 B,MID,NO_PRIORITY,20865.13,19820.74,1044.3899999999994,0.0,0.0526917763917995,60.0,-1.0,0.0014593453904458,,NO_ALERT,MISSING,NAME_MATCHED,0.0175438596491228,
2025-05,ID:3314,上品康健,负责人 B,KEY,ATTENTION,95262.03,168905.86,-73643.82999999999,73643.82999999999,-0.4360051806373088,34.0,9.0,0.0124360638508097,Scale / Impact|Relative Position,NO_ALERT,MISSING,NAME_MATCHED,0.0207156308851224,Scale / Impact: GMV损失73643.83，上月区域占比1.2%；Relative Position: 排名变化9，同月分位66.7%
2025-05,ID:3787,蓉易购,负责人 B,MID,WATCHLIST,15079.28,22270.17,-7190.889999999998,7190.889999999998,-0.3228933591436436,64.0,4.0,0.0016396900385125,Service,NO_ALERT,MISSING,NAME_MATCHED,0.0597014925373134,Service: 售后率6.0%，环比变化-16.0%
2025-05,ID:4216,壹药师,负责人 B,KEY,ATTENTION,574937.8,458244.05,116693.75000000006,0.0,0.2546541520833714,3.0,-6.0,0.0337392217478639,Scale / Impact|Service,NO_ALERT,MISSING,NAME_MATCHED,0.0694615700780929,Scale / Impact: GMV损失0.00，上月区域占比3.4%；Service: 售后率6.9%，环比变化45.7%
2025-05,ID:4930,大圣旗舰店,负责人 B,KEY,WATCHLIST,378147.86,405829.28,-27681.42000000004,27681.42000000004,-0.0682095190371676,12.0,-3.0,0.0298800695168785,Scale / Impact,NO_ALERT,MISSING,NAME_MATCHED,0.0208073241781106,Scale / Impact: GMV损失27681.42，上月区域占比3.0%
2025-05,ID:5293,成都利民康,负责人 B,MID,WATCHLIST,9053.99,13963.49,-4909.5,4909.5,-0.3515954822182706,67.0,3.0,0.0010280925316631,Service,NO_ALERT,MISSING,NAME_MATCHED,0.0588235294117647,Service: 售后率5.9%，环比变化77.9%
2025-05,ID:5379,四川长生康,负责人 B,MID,NO_PRIORITY,99909.55,134284.77,-34375.21999999999,34375.21999999999,-0.2559874809332435,32.0,4.0,0.0098870102784551,,NO_ALERT,MISSING,NAME_MATCHED,0.0368956743002544,
2025-05,ID:5504,亿辰科技,负责人 B,MID,NO_PRIORITY,59853.17,53714.53,6138.639999999999,0.0,0.1142826717463598,43.0,-9.0,0.0039548499074942,,NO_ALERT,MISSING,NAME_MATCHED,0.0501930501930501,
2025-05,ID:6256,四川锐源通,负责人 B,MID,WATCHLIST,62791.86,69720.67,-6928.809999999998,6928.809999999998,-0.0993795670638276,41.0,1.0,0.005133337018865,Service,NO_ALERT,MISSING,NAME_MATCHED,0.0713043478260869,Service: 售后率7.1%，环比变化-4.3%
2025-05,ID:6326,成都福美康,负责人 B,LONG_TAIL,PRIORITY,2253.24,2834.59,-581.3500000000004,581.3500000000004,-0.2050913888781095,74.0,-1.0,0.0002087028965772,Trend|Service,NO_ALERT,MISSING,ID_MATCHED,0.125,Trend: GMV环比-20.5%，连续下降3个月；Service: 售后率12.5%，环比变化25.0%
2025-05,ID:7119,鑫强劲,负责人 B,MID,WATCHLIST,20677.76,17817.43,2860.329999999998,0.0,0.1605354981049453,61.0,-1.0,0.0013118473043938,Service,NO_ALERT,MISSING,NAME_MATCHED,0.0206185567010309,Service: 售后率2.1%，环比变化258.8%
2025-05,ID:720,丽康琴保健品,负责人 B,MID,NO_PRIORITY,97959.95,124454.34,-26494.39,26494.39,-0.2128844201013802,33.0,1.0,0.0091632233408028,,NO_ALERT,MISSING,NAME_MATCHED,0.0321167883211678,
2025-05,ID:7201,恒生医疗,负责人 B,KEY,WATCHLIST,407752.55,442899.34,-35146.79000000004,35146.79000000004,-0.07935615799292,11.0,0.0,0.0326094338687923,Scale / Impact,NO_ALERT,MISSING,NAME_MATCHED,0.0295566502463054,Scale / Impact: GMV损失35146.79，上月区域占比3.3%
2025-05,ID:7370,乐宜堂,负责人 B,MID,NO_PRIORITY,163949.11,156651.5,7297.609999999986,0.0,0.0465849991860913,26.0,0.0,0.0115338097584365,,NO_ALERT,MISSING,NAME_MATCHED,0.0295169946332737,
2025-05,ID:8187,四川吉瑞兴,负责人 B,KEY,WATCHLIST,564841.14,583548.73,-18707.589999999967,18707.589999999967,-0.0320583167064727,5.0,1.0,0.0429650532334339,Scale / Impact,NO_ALERT,MISSING,ID_MATCHED,0.0257078986587183,Scale / Impact: GMV损失18707.59，上月区域占比4.3%
2025-05,ID:8188,康晟旗舰店,负责人 B,MID,PRIORITY,101860.75,126212.68,-24351.929999999997,24351.929999999997,-0.1929436091524242,31.0,1.0,0.009292684974114,Trend,NO_ALERT,MISSING,ID_MATCHED,0.0341643582640812,Trend: GMV环比-19.3%，连续下降3个月
2025-05,ID:8235,福信美商贸,负责人 B,KEY,ATTENTION,307616.9,515605.36,-207988.46,207988.46,-0.403386923673563,15.0,8.0,0.037962573819403,Scale / Impact|Relative Position,NO_ALERT,MISSING,NAME_MATCHED,0.0485902819436112,Scale / Impact: GMV损失207988.46，上月区域占比3.8%；Relative Position: 排名变化8，同月分位85.9%
2025-05,ID:8521,聚美健,负责人 B,KEY,PRIORITY,235507.15,259338.25,-23831.10000000001,23831.10000000001,-0.0918919596318708,21.0,0.0,0.0190943466138905,Trend,NO_ALERT,MISSING,NAME_MATCHED,0.0472972972972973,Trend: GMV环比-9.2%，连续下降4个月
2025-05,ID:8913,【2024/10/31关店】活玉旗舰店,负责人 B,LONG_TAIL,WATCHLIST,0.0,0.0,0.0,0.0,,78.0,-1.0,0.0,Relative Position,NO_ALERT,MISSING,ID_MATCHED,,Relative Position: 排名变化-1，同月分位11.6%
2025-05,ID:8930,惠仁棠,负责人 B,MID,NO_PRIORITY,5011.6,7173.99,-2162.3899999999994,2162.3899999999994,-0.3014208271826416,71.0,1.0,0.0005282007249782,,NO_ALERT,MISSING,ID_MATCHED,0.0084033613445378,
2025-05,ID:9348,平康购,负责人 B,LONG_TAIL,NO_PRIORITY,1431.8,1573.77,-141.97000000000003,141.97000000000003,-0.090210132357333,75.0,-1.0,0.000115872262848,,NO_ALERT,MISSING,ID_MATCHED,0.0,
2025-05,ID:960,【退店公示中】欣乐士(原亮剑),负责人 B,LONG_TAIL,WATCHLIST,0.0,0.0,0.0,0.0,,78.0,-1.0,0.0,Relative Position,NO_ALERT,MISSING,ID_MATCHED,,Relative Position: 排名变化-1，同月分位11.6%
2025-05,NAME:内蒙古康依商贸,内蒙古康依商贸,,UNAVAILABLE,DATA_QUALITY_ALERT,,,,,,,,,,DATA_QUALITY_ALERT,UNRESOLVED_MERCHANT,UNRESOLVED,,
2025-05,NAME:四川聚俊仁信医疗器械,四川聚俊仁信医疗器械,,UNAVAILABLE,DATA_QUALITY_ALERT,,,,,,,,,,DATA_QUALITY_ALERT,UNRESOLVED_MERCHANT,UNRESOLVED,,
2025-05,NAME:成都八百供应链管理,成都八百供应链管理,,UNAVAILABLE,DATA_QUALITY_ALERT,,,,,,,,,,DATA_QUALITY_ALERT,UNRESOLVED_MERCHANT,UNRESOLVED,,
2025-05,NAME:湛江市远潮食品,湛江市远潮食品,,UNAVAILABLE,DATA_QUALITY_ALERT,,,,,,,,,,DATA_QUALITY_ALERT,UNRESOLVED_MERCHANT,UNRESOLVED,,
2025-05,NAME:燊楠贸易,燊楠贸易,,UNAVAILABLE,DATA_QUALITY_ALERT,,,,,,,,,,DATA_QUALITY_ALERT,UNRESOLVED_MERCHANT,UNRESOLVED,,
2025-05,NAME:重庆和煜医疗器械,重庆和煜医疗器械,,UNAVAILABLE,DATA_QUALITY_ALERT,,,,,,,,,,DATA_QUALITY_ALERT,UNRESOLVED_MERCHANT,UNRESOLVED,,
2025-06,ID:11125,药悦网,负责人 B,MID,PRIORITY,34029.43,38264.38,-4234.949999999997,4234.949999999997,-0.1106760386552715,53.0,-1.0,0.0030464046826959,Trend,NO_ALERT,MISSING,ID_MATCHED,0.0224719101123595,Trend: GMV环比-11.1%，连续下降3个月
2025-06,ID:1140,都尔东康,负责人 B,MID,NO_PRIORITY,14282.8,14085.48,197.3199999999997,0.0,0.0140087522753928,63.0,-2.0,0.0011214103620657,,NO_ALERT,MISSING,NAME_MATCHED,0.0103092783505154,
2025-06,ID:1142,普宁普慈,负责人 B,KEY,WATCHLIST,190865.97,257435.33,-66569.35999999999,66569.35999999999,-0.2585867293350916,21.0,3.0,0.0204956200728556,Scale / Impact,NO_ALERT,MISSING,NAME_MATCHED,0.0309194467046379,Scale / Impact: GMV损失66569.36，上月区域占比2.0%
2025-06,ID:11628,子钦医疗,,LONG_TAIL,NO_PRIORITY,906.0,175.0,731.0,0.0,4.177142857142857,75.0,-2.0,1.3932561287332804e-05,,NO_ALERT,MISSING,NAME_MATCHED,0.0,
2025-06,ID:11854,诺和堂,负责人 B,KEY,WATCHLIST,633839.59,1090839.81,-457000.2200000001,457000.2200000001,-0.4189434743860329,4.0,3.0,0.0868468143284998,Scale / Impact,NO_ALERT,MISSING,NAME_MATCHED,0.0526161940952937,Scale / Impact: GMV损失457000.22，上月区域占比8.7%
2025-06,ID:11860,一玖堂,负责人 B,MID,NO_PRIORITY,31888.62,47826.58,-15937.960000000005,15937.960000000005,-0.3332448190943196,54.0,4.0,0.003807695754363,,NO_ALERT,MISSING,NAME_MATCHED,0.0145530145530145,
2025-06,ID:11905,贰美医疗,负责人 B,MID,PRIORITY,43563.29,50398.08,-6834.790000000001,6834.790000000001,-0.1356160790252327,50.0,2.0,0.0040124247906508,Trend,NO_ALERT,MISSING,NAME_MATCHED,0.0139165009940357,Trend: GMV环比-13.6%，连续下降3个月
2025-06,ID:11908,药精采,负责人 B,MID,WATCHLIST,50298.91,50637.37,-338.4599999999991,338.4599999999991,-0.0066839964239848,48.0,1.0,0.0040314757768819,Service,NO_ALERT,MISSING,NAME_MATCHED,0.0562347188264058,Service: 售后率5.6%，环比变化-11.0%
2025-06,ID:11984,四川北尘,负责人 B,MID,PRIORITY,30131.56,30319.78,-188.21999999999755,188.21999999999755,-0.0062078286847726,55.0,-3.0,0.0024138982461054,Trend,NO_ALERT,MISSING,NAME_MATCHED,0.0340136054421768,Trend: GMV环比-0.6%，连续下降3个月
2025-06,ID:12380,纽瑞特,负责人 B,MID,PRIORITY,494.7,15662.47,-15167.77,15167.77,-0.96841494349231,76.0,13.0,0.0012469618467772,Trend|Relative Position,NO_ALERT,MISSING,ID_MATCHED,0.0,Trend: GMV环比-96.8%，连续下降3个月；Relative Position: 排名变化13，同月分位24.2%
2025-06,ID:12382,四川奥慈,负责人 B,MID,NO_PRIORITY,65789.7,76095.48,-10305.78,10305.78,-0.1354322227811691,39.0,3.0,0.0060583139359371,,NO_ALERT,MISSING,NAME_MATCHED,0.0290360046457607,
2025-06,ID:1257,辉莹医疗,负责人 B,LONG_TAIL,WATCHLIST,0.0,0.0,0.0,0.0,,77.0,-1.0,0.0,Relative Position,NO_ALERT,MISSING,ID_MATCHED,,Relative Position: 排名变化-1，同月分位12.1%
2025-06,ID:12642,九之堂旗舰店,负责人 B,MID,NO_PRIORITY,51125.9,59928.43,-8802.529999999999,8802.529999999999,-0.1468840415141861,47.0,5.0,0.0047711801361636,,NO_ALERT,MISSING,NAME_MATCHED,0.0347071583514099,
2025-06,ID:12823,众维器械,负责人 B,LONG_TAIL,WATCHLIST,0.0,0.0,0.0,0.0,,77.0,-1.0,0.0,Relative Position,NO_ALERT,MISSING,ID_MATCHED,,Relative Position: 排名变化-1，同月分位12.1%
2025-06,ID:12947,江西省战狼商贸,负责人 B,KEY,WATCHLIST,410350.52,532460.04,-122109.52000000002,122109.52000000002,-0.2293308620868526,11.0,5.0,0.0423916122306038,Scale / Impact,NO_ALERT,MISSING,NAME_MATCHED,0.034869976359338,Scale / Impact: GMV损失122109.52，上月区域占比4.2%
2025-06,ID:12980,有之源旗舰店,负责人 B,MID,PRIORITY,1616.72,4080.8,-2464.08,2464.08,-0.6038227798470888,74.0,2.0,0.0003248914062934,Trend,NO_ALERT,MISSING,NAME_MATCHED,0.0,Trend: GMV环比-60.4%，连续下降5个月
2025-06,ID:13094,四川唤初新材料,负责人 B,LONG_TAIL,WATCHLIST,0.0,0.0,0.0,0.0,,77.0,-1.0,0.0,Relative Position,NO_ALERT,MISSING,ID_MATCHED,,Relative Position: 排名变化-1，同月分位12.1%
2025-06,ID:13249,成都锦莱源商贸,负责人 B,MID,PRIORITY,19265.5,32275.07,-13009.57,13009.57,-0.4030841761148775,58.0,2.0,0.0025695679475883,Trend,NO_ALERT,MISSING,ID_MATCHED,0.0258249641319942,Trend: GMV环比-40.3%，连续下降3个月
2025-06,ID:1350,希尔康,负责人 B,KEY,WATCHLIST,291626.75,469207.06,-177580.31,177580.31,-0.378468964213795,17.0,7.0,0.037355749256567,Scale / Impact,NO_ALERT,MISSING,NAME_MATCHED,0.039727582292849,Scale / Impact: GMV损失177580.31，上月区域占比3.7%
2025-06,ID:13778,众维堂器械,负责人 B,MID,NO_PRIORITY,103224.95,125759.4,-22534.45,22534.45,-0.1791870031186535,30.0,0.0,0.0100122888454754,,NO_ALERT,MISSING,NAME_MATCHED,0.0175913396481732,
2025-06,ID:14256,四川瑞锦医药科技,负责人 B,MID,NO_PRIORITY,6240.34,7051.99,-811.6499999999996,811.6499999999996,-0.1150951717174868,69.0,0.0,0.0005614416164151,,NO_ALERT,MISSING,NAME_MATCHED,0.0307692307692307,
2025-06,ID:14726,四川然柠安,负责人 B,KEY,PRIORITY,202651.34,261804.2,-59152.860000000015,59152.860000000015,-0.2259431284906812,19.0,2.0,0.0208434460673207,Trend|Scale / Impact,NO_ALERT,MISSING,ID_MATCHED,0.0242171189979123,Trend: GMV环比-22.6%，连续下降4个月；Scale / Impact: GMV损失59152.86，上月区域占比2.1%
2025-06,ID:14782,四川弗佑斯贸易,负责人 B,KEY,WATCHLIST,114202.68,184345.31,-70142.63,70142.63,-0.3804958748340276,29.0,4.0,0.0146765847406135,Scale / Impact,NO_ALERT,MISSING,NAME_MATCHED,0.0340050377833753,Scale / Impact: GMV损失70142.63，上月区域占比1.5%
2025-06,ID:1513,长盛医药科技,负责人 B,MID,NO_PRIORITY,5515.05,5791.45,-276.39999999999964,276.39999999999964,-0.0477255264225711,70.0,0.0,0.0004610841832429,,NO_ALERT,MISSING,NAME_MATCHED,0.0,
2025-06,ID:15134,【退店公示中】成都宝和堂科技,负责人 B,LONG_TAIL,WATCHLIST,0.0,0.0,0.0,0.0,,77.0,-1.0,0.0,Relative Position,NO_ALERT,MISSING,ID_MATCHED,,Relative Position: 排名变化-1，同月分位12.1%
2025-06,ID:15251,四川宜初霁,负责人 B,KEY,ATTENTION,717365.83,487724.59,229641.23999999996,0.0,0.4708420381264762,1.0,-6.0,0.0388300156657957,Scale / Impact|Service,NO_ALERT,MISSING,NAME_MATCHED,0.0680216802168021,Scale / Impact: GMV损失0.00，上月区域占比3.9%；Service: 售后率6.8%，环比变化-25.4%
2025-06,ID:15504,多多医生,负责人 B,MID,WATCHLIST,125876.33,136150.27,-10273.939999999988,10273.939999999988,-0.0754602983894191,27.0,-2.0,0.0108395541774966,Service,NO_ALERT,MISSING,NAME_MATCHED,0.0557575757575757,Service: 售后率5.6%，环比变化13.2%
2025-06,ID:15756,四川瑾辉医疗器械,负责人 B,MID,NO_PRIORITY,43497.45,35468.11,8029.3399999999965,0.0,0.2263819526893311,51.0,-4.0,0.0028237806646906,,NO_ALERT,MISSING,NAME_MATCHED,0.029090909090909,
2025-06,ID:15847,成都市嘉乐康健医疗器械,负责人 B,MID,PRIORITY,8196.86,8484.68,-287.8199999999997,287.8199999999997,-0.0339223164574267,65.0,-3.0,0.0006755047091623,Trend,NO_ALERT,MISSING,NAME_MATCHED,0.0294117647058823,Trend: GMV环比-3.4%，连续下降3个月
2025-06,ID:16025,四川微至,负责人 B,KEY,WATCHLIST,671729.76,570456.01,101273.75,0.0,0.177531217525432,2.0,-2.0,0.0454166475488704,Scale / Impact,NO_ALERT,MISSING,NAME_MATCHED,0.0248390064397424,Scale / Impact: GMV损失0.00，上月区域占比4.5%
2025-06,ID:16163,济郎中医药科技,负责人 B,KEY,NO_PRIORITY,238745.62,190325.22,48420.4,0.0,0.2544087430977355,18.0,-6.0,0.0151526730981434,,NO_ALERT,MISSING,NAME_MATCHED,0.025,
2025-06,ID:16231,非药易,负责人 B,MID,NO_PRIORITY,10968.41,3873.36,7095.049999999999,0.0,1.831755891525704,64.0,-9.0,0.0003083761462165,,NO_ALERT,MISSING,ID_MATCHED,0.0127737226277372,
2025-06,ID:16711,鑫宇豪旗舰店,负责人 B,MID,NO_PRIORITY,59349.75,41502.82,17846.93,0.0,0.430017285572402,45.0,-8.0,0.0033042319042693,,NO_ALERT,MISSING,ID_MATCHED,0.0404040404040404,
2025-06,ID:16854,成都原数生物,负责人 B,LONG_TAIL,WATCHLIST,0.0,0.0,0.0,0.0,,77.0,-1.0,0.0,Relative Position,NO_ALERT,MISSING,ID_MATCHED,,Relative Position: 排名变化-1，同月分位12.1%
2025-06,ID:17301,四川牙易,负责人 B,LONG_TAIL,WATCHLIST,0.0,0.0,0.0,0.0,,77.0,-1.0,0.0,Relative Position,NO_ALERT,MISSING,ID_MATCHED,,Relative Position: 排名变化-1，同月分位12.1%
2025-06,ID:17386,保和堂,负责人 B,KEY,NO_PRIORITY,197922.09,237763.86,-39841.76999999999,39841.76999999999,-0.1675686540418716,20.0,0.0,0.0189294831506446,,NO_ALERT,MISSING,NAME_MATCHED,0.0252525252525252,
2025-06,ID:17613,远聚隆创旗舰店,负责人 B,KEY,NO_PRIORITY,635020.88,222811.8,412209.08,0.0,1.8500325386716503,3.0,-19.0,0.0177390803373767,,NO_ALERT,MISSING,NAME_MATCHED,0.0256706085953273,
2025-06,ID:17614,成都铸盛医疗器械,负责人 B,LONG_TAIL,WATCHLIST,0.0,0.0,0.0,0.0,,77.0,-1.0,0.0,Relative Position,NO_ALERT,MISSING,ID_MATCHED,0.0,Relative Position: 排名变化-1，同月分位12.1%
2025-06,ID:17716,致呈优选,负责人 B,MID,WATCHLIST,21886.19,23136.3,-1250.1100000000006,1250.1100000000006,-0.0540324079476839,57.0,-2.0,0.0018419881012121,Service,NO_ALERT,MISSING,NAME_MATCHED,0.0206489675516224,Service: 售后率2.1%，环比变化538.1%
2025-06,ID:17859,四川亦辰美唯网络科技,负责人 B,MID,NO_PRIORITY,61272.35,50250.53,11021.82,0.0,0.2193373880832698,44.0,-5.0,0.0040006776511197,,NO_ALERT,MISSING,NAME_MATCHED,0.0391791044776119,
2025-06,ID:17862,【已退店】医道彤行,负责人 B,LONG_TAIL,WATCHLIST,0.0,0.0,0.0,0.0,,77.0,-1.0,0.0,Relative Position,NO_ALERT,MISSING,ID_MATCHED,,Relative Position: 排名变化-1，同月分位12.1%
2025-06,ID:18090,天启明,负责人 B,MID,NO_PRIORITY,7429.56,9532.03,-2102.4700000000003,2102.4700000000003,-0.2205689658970859,67.0,1.0,0.0007588890981011,,NO_ALERT,MISSING,ID_MATCHED,0.0461538461538461,
2025-06,ID:18134,四川奇力康健康科技,负责人 B,MID,NO_PRIORITY,65094.32,69243.98,-4149.659999999996,4149.659999999996,-0.0599280977205527,40.0,3.0,0.0055128342578791,,NO_ALERT,MISSING,NAME_MATCHED,0.0298701298701298,
2025-06,ID:18152,亦蓝辰美,负责人 B,MID,NO_PRIORITY,43960.9,46978.97,-3018.07,3018.07,-0.0642430006447565,49.0,-2.0,0.0037402135928043,,NO_ALERT,MISSING,NAME_MATCHED,0.0501730103806228,
2025-06,ID:18517,聚药汇,负责人 B,KEY,ATTENTION,385490.19,360269.68,25220.51000000001,0.0,0.0700045310501844,12.0,-2.0,0.0286827394089587,Scale / Impact|Service,NO_ALERT,MISSING,NAME_MATCHED,0.0659603554340396,Scale / Impact: GMV损失0.00，上月区域占比2.9%；Service: 售后率6.6%，环比变化-10.3%
2025-06,ID:18716,【已退店】悦美康宸,负责人 B,LONG_TAIL,WATCHLIST,0.0,0.0,0.0,0.0,,77.0,-1.0,0.0,Relative Position,NO_ALERT,MISSING,ID_MATCHED,,Relative Position: 排名变化-1，同月分位12.1%
2025-06,ID:19233,成都至本生物科技,负责人 B,MID,PRIORITY,5215.66,16114.44,-10898.78,10898.78,-0.6763362549365662,71.0,9.0,0.0012829452737774,Trend|Relative Position|Service,NO_ALERT,MISSING,NAME_MATCHED,0.0681818181818181,Trend: GMV环比-67.6%；Relative Position: 排名变化9，同月分位29.3%；Service: 售后率6.8%，环比变化-49.4%
2025-06,ID:19239,有识医药,负责人 B,MID,PRIORITY,18491.32,41687.61,-23196.29,23196.29,-0.5564312753837412,59.0,7.0,0.0033189438928424,Trend|Service,NO_ALERT,MISSING,NAME_MATCHED,0.0579710144927536,Trend: GMV环比-55.6%；Service: 售后率5.8%，环比变化2.9%
2025-06,ID:19273,鑫众维医药,负责人 B,MID,NO_PRIORITY,67379.39,59352.17,8027.220000000001,0.0,0.1352472875043995,38.0,-6.0,0.0047253014060639,,NO_ALERT,MISSING,NAME_MATCHED,0.0220440881763527,
2025-06,ID:1957,臻品堂医药,负责人 B,KEY,WATCHLIST,160210.44,248204.08,-87993.63999999998,87993.63999999998,-0.3545213277718883,23.0,4.0,0.0197606774649488,Scale / Impact,NO_ALERT,MISSING,NAME_MATCHED,0.0276008492569002,Scale / Impact: GMV损失87993.64，上月区域占比2.0%
2025-06,ID:1970,成都诚美,负责人 B,KEY,WATCHLIST,421807.85,479522.17,-57714.32000000001,57714.32000000001,-0.1203579805288251,8.0,0.0,0.0381769829837704,Scale / Impact,NO_ALERT,MISSING,NAME_MATCHED,0.0342447571011414,Scale / Impact: GMV损失57714.32，上月区域占比3.8%
2025-06,ID:19743,梦方迪,负责人 B,MID,NO_PRIORITY,74351.46,65637.44,8714.020000000004,0.0,0.1327599004470618,35.0,-4.0,0.0052257008888207,,NO_ALERT,MISSING,ID_MATCHED,0.034313725490196,
2025-06,ID:20204,四川永瑞康健医药科技,负责人 B,KEY,NO_PRIORITY,177109.17,215203.86,-38094.68999999997,38094.68999999997,-0.1770167598294936,22.0,-1.0,0.0171333769641176,,NO_ALERT,MISSING,NAME_MATCHED,0.0090264345583494,
2025-06,ID:2021,榕庆商贸,负责人 B,MID,NO_PRIORITY,52554.49,58216.19,-5661.700000000004,5661.700000000004,-0.0972530150118035,46.0,1.0,0.0046348607719429,,NO_ALERT,MISSING,NAME_MATCHED,0.0403458213256484,
2025-06,ID:20230,四川多多邦健康管理,负责人 B,MID,NO_PRIORITY,138236.68,137541.0,695.679999999993,0.0,0.0050579827106098,24.0,-3.0,0.0109502766401202,,NO_ALERT,MISSING,NAME_MATCHED,,
2025-06,ID:2080,深圳亿乐康,负责人 B,KEY,PRIORITY,335489.3,364117.28,-28627.98000000004,28627.98000000004,-0.0786229645569143,14.0,1.0,0.0289890646821538,Trend|Scale / Impact,NO_ALERT,MISSING,ID_MATCHED,0.0220017256255392,Trend: GMV环比-7.9%，连续下降3个月；Scale / Impact: GMV损失28627.98，上月区域占比2.9%
2025-06,ID:2084,鲁鸿医疗,负责人 B,KEY,WATCHLIST,523394.6,630368.69,-106974.08999999995,106974.08999999995,-0.1697008301602035,6.0,4.0,0.0501865737545182,Scale / Impact,NO_ALERT,MISSING,NAME_MATCHED,0.0221870047543581,Scale / Impact: GMV损失106974.09，上月区域占比5.0%
2025-06,ID:21117,四川赤泉甘木生物科技,,LONG_TAIL,WATCHLIST,0.0,0.0,0.0,0.0,,77.0,-1.0,0.0,Relative Position,NO_ALERT,MISSING,ID_MATCHED,,Relative Position: 排名变化-1，同月分位12.1%
2025-06,ID:2116,锦仁堂,负责人 B,MID,WATCHLIST,63741.83,68174.26,-4432.429999999993,4432.429999999993,-0.0650161805936726,42.0,4.0,0.0054276688895346,Service,NO_ALERT,MISSING,NAME_MATCHED,0.0725274725274725,Service: 售后率7.3%，环比变化42.5%
2025-06,ID:21206,四川共创盛世商贸,,LONG_TAIL,WATCHLIST,16273.3,280.4,15992.9,0.0,57.03601997146933,61.0,-15.0,2.2323943914103533e-05,Service,NO_ALERT,MISSING,NAME_MATCHED,0.0786516853932584,Service: 售后率7.9%
2025-06,ID:2170,康爱多医药,负责人 B,MID,NO_PRIORITY,134960.07,136358.33,-1398.2599999999802,1398.2599999999802,-0.0102543056958821,25.0,-3.0,0.0108561187986477,,NO_ALERT,MISSING,NAME_MATCHED,0.0206686930091185,
2025-06,ID:2182,舒力特,负责人 B,MID,NO_PRIORITY,28442.36,31823.88,-3381.5200000000004,3381.5200000000004,-0.1062573136902226,56.0,-1.0,0.0025336466200041,,NO_ALERT,MISSING,NAME_MATCHED,0.0276679841897233,
2025-06,ID:21964,四川承泰仁商贸,,LONG_TAIL,WATCHLIST,0.0,0.0,0.0,0.0,,77.0,-1.0,0.0,Relative Position,NO_ALERT,MISSING,NAME_MATCHED,,Relative Position: 排名变化-1，同月分位12.1%
2025-06,ID:22033,重庆铃宇消费品供应链,,LONG_TAIL,WATCHLIST,0.0,0.0,0.0,0.0,,77.0,-1.0,0.0,Relative Position,NO_ALERT,MISSING,NAME_MATCHED,,Relative Position: 排名变化-1，同月分位12.1%
2025-06,ID:2205,成都墨芑,负责人 B,KEY,WATCHLIST,421405.18,471571.49,-50166.31,50166.31,-0.1063811342793432,9.0,0.0,0.0375439924901934,Scale / Impact,NO_ALERT,MISSING,ID_MATCHED,0.0359435173299101,Scale / Impact: GMV损失50166.31，上月区域占比3.8%
2025-06,ID:2245,蒙特生物,负责人 B,MID,NO_PRIORITY,73166.37,64657.8,8508.569999999992,0.0,0.1315938680252033,37.0,-3.0,0.0051477072068806,,NO_ALERT,MISSING,NAME_MATCHED,0.0240963855421686,
2025-06,ID:22679,江西古戈尔商贸,,LONG_TAIL,WATCHLIST,0.0,0.0,0.0,0.0,,77.0,-1.0,0.0,Relative Position,NO_ALERT,MISSING,NAME_MATCHED,,Relative Position: 排名变化-1，同月分位12.1%
2025-06,ID:22862,四川众恩德科技,,LONG_TAIL,WATCHLIST,0.0,0.0,0.0,0.0,,77.0,-1.0,0.0,Relative Position,NO_ALERT,MISSING,NAME_MATCHED,,Relative Position: 排名变化-1，同月分位12.1%
2025-06,ID:22917,成都天蕊贸易,,LONG_TAIL,WATCHLIST,0.0,0.0,0.0,0.0,,77.0,-1.0,0.0,Relative Position,NO_ALERT,MISSING,NAME_MATCHED,,Relative Position: 排名变化-1，同月分位12.1%
2025-06,ID:22940,四川壹贝佳健康咨询,,LONG_TAIL,WATCHLIST,0.0,0.0,0.0,0.0,,77.0,-1.0,0.0,Relative Position,NO_ALERT,MISSING,NAME_MATCHED,,Relative Position: 排名变化-1，同月分位12.1%
2025-06,ID:23028,重庆小橘灯商贸,,LONG_TAIL,WATCHLIST,0.0,0.0,0.0,0.0,,77.0,-1.0,0.0,Relative Position,NO_ALERT,MISSING,NAME_MATCHED,,Relative Position: 排名变化-1，同月分位12.1%
2025-06,ID:23497,重庆赛迪亨商贸,,LONG_TAIL,WATCHLIST,0.0,0.0,0.0,0.0,,77.0,-1.0,0.0,Relative Position,NO_ALERT,MISSING,NAME_MATCHED,,Relative Position: 排名变化-1，同月分位12.1%
2025-06,ID:23871,好品惠,,LONG_TAIL,WATCHLIST,0.0,0.0,0.0,0.0,,77.0,-1.0,0.0,Relative Position,NO_ALERT,MISSING,NAME_MATCHED,,Relative Position: 排名变化-1，同月分位12.1%
2025-06,ID:24075,好尔思健康,,LONG_TAIL,WATCHLIST,0.0,0.0,0.0,0.0,,77.0,-1.0,0.0,Relative Position,NO_ALERT,MISSING,NAME_MATCHED,,Relative Position: 排名变化-1，同月分位12.1%
2025-06,ID:24236,重庆即美购供应链管理,,UNAVAILABLE,DATA_QUALITY_ALERT,,,,,,,,,,NO_ALERT,MISSING,NAME_MATCHED,,
2025-06,ID:24287,四川美恩堂医药,,UNAVAILABLE,DATA_QUALITY_ALERT,,,,,,,,,,NO_ALERT,MISSING,NAME_MATCHED,,
2025-06,ID:24447,成都德善堂生物科技,,UNAVAILABLE,DATA_QUALITY_ALERT,,,,,,,,,,NO_ALERT,MISSING,NAME_MATCHED,,
2025-06,ID:24474,成都三合力医疗用品,,UNAVAILABLE,DATA_QUALITY_ALERT,,,,,,,,,,NO_ALERT,MISSING,NAME_MATCHED,,
2025-06,ID:24489,成都喜之安健康咨询,,UNAVAILABLE,DATA_QUALITY_ALERT,,,,,,,,,,NO_ALERT,MISSING,NAME_MATCHED,,
2025-06,ID:24491,四川蓝漂日用品,,UNAVAILABLE,DATA_QUALITY_ALERT,,,,,,,,,,NO_ALERT,MISSING,NAME_MATCHED,,
2025-06,ID:24513,成都瑞舒达健康管理,,UNAVAILABLE,DATA_QUALITY_ALERT,,,,,,,,,,NO_ALERT,MISSING,NAME_MATCHED,,
2025-06,ID:24713,四川蜀妈妈生物科技,,UNAVAILABLE,DATA_QUALITY_ALERT,,,,,,,,,,NO_ALERT,MISSING,NAME_MATCHED,,
2025-06,ID:24732,四川康福达医疗科技,,UNAVAILABLE,DATA_QUALITY_ALERT,,,,,,,,,,NO_ALERT,MISSING,NAME_MATCHED,,
2025-06,ID:24857,四川汇天美优贸易,,UNAVAILABLE,DATA_QUALITY_ALERT,,,,,,,,,,NO_ALERT,MISSING,NAME_MATCHED,,
2025-06,ID:24874,陕西商玺伟康医药用品,,UNAVAILABLE,DATA_QUALITY_ALERT,,,,,,,,,,NO_ALERT,MISSING,NAME_MATCHED,,
2025-06,ID:24989,盛弘康品,,UNAVAILABLE,DATA_QUALITY_ALERT,,,,,,,,,,NO_ALERT,MISSING,NAME_MATCHED,,
2025-06,ID:25025,成都御养集商贸,,UNAVAILABLE,DATA_QUALITY_ALERT,,,,,,,,,,NO_ALERT,MISSING,NAME_MATCHED,,
2025-06,ID:2563,成都天然堂,负责人 B,MID,NO_PRIORITY,38049.8,53849.87,-15800.07,15800.07,-0.2934096219730893,52.0,6.0,0.0042872377947994,,NO_ALERT,MISSING,NAME_MATCHED,0.0377358490566037,
2025-06,ID:2837,四川多乐士,负责人 B,KEY,WATCHLIST,307795.13,268371.46,39423.669999999984,0.0,0.1468996367944639,15.0,-1.0,0.0213662960812627,Scale / Impact,NO_ALERT,MISSING,NAME_MATCHED,0.0330893118594436,Scale / Impact: GMV损失0.00，上月区域占比2.1%
2025-06,ID:3001,华药天康,负责人 B,MID,WATCHLIST,63108.94,76273.83,-13164.89,13164.89,-0.1726003532273127,43.0,8.0,0.0060725132062548,Relative Position,NO_ALERT,MISSING,NAME_MATCHED,0.0191256830601092,Relative Position: 排名变化8，同月分位57.6%
2025-06,ID:3279,四川朝利,负责人 B,MID,NO_PRIORITY,17877.04,20865.13,-2988.09,2988.09,-0.1432097475548918,60.0,0.0,0.0016611697285323,,NO_ALERT,MISSING,NAME_MATCHED,0.0185185185185185,
2025-06,ID:3314,上品康健,负责人 B,MID,NO_PRIORITY,93318.55,95262.03,-1943.479999999996,1943.479999999996,-0.0204014128189373,33.0,-1.0,0.0075842518361756,,NO_ALERT,MISSING,NAME_MATCHED,0.0409683426443203,
2025-06,ID:3787,蓉易购,负责人 B,MID,NO_PRIORITY,8105.37,15079.28,-6973.910000000001,6973.910000000001,-0.4624829567459454,66.0,2.0,0.0012005313872505,,NO_ALERT,MISSING,NAME_MATCHED,0.0379746835443038,
2025-06,ID:4216,壹药师,负责人 B,KEY,WATCHLIST,512962.4,574937.8,-61975.40000000002,61975.40000000002,-0.1077949649509912,7.0,4.0,0.0457734636280245,Scale / Impact,NO_ALERT,MISSING,NAME_MATCHED,0.0442043222003929,Scale / Impact: GMV损失61975.40，上月区域占比4.6%
2025-06,ID:4930,大圣旗舰店,负责人 B,KEY,WATCHLIST,523406.8,378147.86,145258.94,0.0,0.3841326511804139,5.0,-7.0,0.0301061042007071,Scale / Impact,NO_ALERT,MISSING,NAME_MATCHED,0.0274630964641263,Scale / Impact: GMV损失0.00，上月区域占比3.0%
2025-06,ID:5293,成都利民康,负责人 B,MID,NO_PRIORITY,6443.66,9053.99,-2610.33,2610.33,-0.2883071441430794,68.0,1.0,0.0007208301175422,,NO_ALERT,MISSING,NAME_MATCHED,0.0434782608695652,
2025-06,ID:5379,四川长生康,负责人 B,MID,NO_PRIORITY,100574.95,99909.55,665.3999999999942,0.0,0.0066600239917005,31.0,-1.0,0.0079542624489419,,NO_ALERT,MISSING,NAME_MATCHED,0.0172642762284196,
2025-06,ID:5504,亿辰科技,负责人 B,MID,NO_PRIORITY,73889.63,59853.17,14036.460000000006,0.0,0.2345148970388704,36.0,-7.0,0.0047651883386637,,NO_ALERT,MISSING,NAME_MATCHED,0.042016806722689,
2025-06,ID:6256,四川锐源通,负责人 B,MID,WATCHLIST,64523.67,62791.86,1731.8099999999977,0.0,0.0275801672382376,41.0,0.0,0.0049991510731178,Service,NO_ALERT,MISSING,NAME_MATCHED,0.0578358208955223,Service: 售后率5.8%，环比变化-18.9%
2025-06,ID:6326,成都福美康,负责人 B,MID,PRIORITY,0.0,2253.24,-2253.24,2253.24,-1.0,77.0,3.0,0.0001793908822575,Trend|Relative Position,NO_ALERT,MISSING,ID_MATCHED,,Trend: GMV环比-100.0%，连续下降4个月；Relative Position: 排名变化3，同月分位12.1%
2025-06,ID:7119,鑫强劲,负责人 B,MID,NO_PRIORITY,15734.0,20677.76,-4943.759999999998,4943.759999999998,-0.2390858584295396,62.0,1.0,0.0016462523341986,,NO_ALERT,MISSING,NAME_MATCHED,0.0223880597014925,
2025-06,ID:720,丽康琴保健品,负责人 B,MID,NO_PRIORITY,78464.7,97959.95,-19495.25,19495.25,-0.1990124535588269,34.0,1.0,0.0077990457547374,,NO_ALERT,MISSING,NAME_MATCHED,0.0354166666666666,
2025-06,ID:7201,恒生医疗,负责人 B,KEY,WATCHLIST,359630.34,407752.55,-48122.20999999996,48122.20999999996,-0.1180181705791906,13.0,2.0,0.032463070816807,Scale / Impact,NO_ALERT,MISSING,NAME_MATCHED,0.0280250576986482,Scale / Impact: GMV损失48122.21，上月区域占比3.2%
2025-06,ID:7370,乐宜堂,负责人 B,MID,NO_PRIORITY,128727.0,163949.11,-35222.109999999986,35222.109999999986,-0.214835627957968,26.0,0.0,0.0130527487033066,,NO_ALERT,MISSING,NAME_MATCHED,0.0293413173652694,
2025-06,ID:8187,四川吉瑞兴,负责人 B,KEY,PRIORITY,420054.07,564841.14,-144787.07,144787.07,-0.2563323733820096,10.0,5.0,0.0449696217180395,Trend|Scale / Impact,NO_ALERT,MISSING,ID_MATCHED,0.0253807106598984,Trend: GMV环比-25.6%，连续下降3个月；Scale / Impact: GMV损失144787.07，上月区域占比4.5%
2025-06,ID:8188,康晟旗舰店,负责人 B,MID,PRIORITY,94937.54,101860.75,-6923.210000000006,6923.210000000006,-0.0679673966665276,32.0,1.0,0.0081096065265639,Trend,NO_ALERT,MISSING,ID_MATCHED,0.0289855072463768,Trend: GMV环比-6.8%，连续下降4个月
2025-06,ID:8235,福信美商贸,负责人 B,KEY,PRIORITY,305889.24,307616.9,-1727.6600000000326,1727.6600000000326,-0.0056162714077153,16.0,1.0,0.0244908074986818,Trend|Scale / Impact,NO_ALERT,MISSING,NAME_MATCHED,0.0334075723830735,Trend: GMV环比-0.6%，连续下降3个月；Scale / Impact: GMV损失1727.66，上月区域占比2.4%
2025-06,ID:8521,聚美健,负责人 B,KEY,PRIORITY,115799.17,235507.15,-119707.98,119707.98,-0.5082987077037788,28.0,7.0,0.0187498160056004,Trend|Scale / Impact,NO_ALERT,MISSING,NAME_MATCHED,0.0378378378378378,Trend: GMV环比-50.8%，连续下降5个月；Scale / Impact: GMV损失119707.98，上月区域占比1.9%
2025-06,ID:8913,【2024/10/31关店】活玉旗舰店,负责人 B,LONG_TAIL,WATCHLIST,0.0,0.0,0.0,0.0,,77.0,-1.0,0.0,Relative Position,NO_ALERT,MISSING,ID_MATCHED,,Relative Position: 排名变化-1，同月分位12.1%
2025-06,ID:8930,惠仁棠,负责人 B,MID,PRIORITY,2395.9,5011.6,-2615.7000000000003,2615.7000000000003,-0.5219291244313193,72.0,1.0,0.0003989967094148,Trend|Service,NO_ALERT,MISSING,ID_MATCHED,0.0425531914893617,Trend: GMV环比-52.2%，连续下降3个月；Service: 售后率4.3%，环比变化406.4%
2025-06,ID:9348,平康购,负责人 B,LONG_TAIL,NO_PRIORITY,1678.54,1431.8,246.74,0.0,0.1723285375052381,73.0,-2.0,0.0001139922357211,,NO_ALERT,MISSING,ID_MATCHED,0.0227272727272727,
2025-06,ID:960,【退店公示中】欣乐士(原亮剑),负责人 B,LONG_TAIL,WATCHLIST,0.0,0.0,0.0,0.0,,77.0,-1.0,0.0,Relative Position,NO_ALERT,MISSING,ID_MATCHED,,Relative Position: 排名变化-1，同月分位12.1%
2025-06,NAME:内蒙古康依商贸,内蒙古康依商贸,,UNAVAILABLE,DATA_QUALITY_ALERT,,,,,,,,,,DATA_QUALITY_ALERT,UNRESOLVED_MERCHANT,UNRESOLVED,,
2025-06,NAME:四川聚俊仁信医疗器械,四川聚俊仁信医疗器械,,UNAVAILABLE,DATA_QUALITY_ALERT,,,,,,,,,,DATA_QUALITY_ALERT,UNRESOLVED_MERCHANT,UNRESOLVED,,
2025-06,NAME:成都八百供应链管理,成都八百供应链管理,,UNAVAILABLE,DATA_QUALITY_ALERT,,,,,,,,,,DATA_QUALITY_ALERT,UNRESOLVED_MERCHANT,UNRESOLVED,,
2025-06,NAME:湛江市远潮食品,湛江市远潮食品,,UNAVAILABLE,DATA_QUALITY_ALERT,,,,,,,,,,DATA_QUALITY_ALERT,UNRESOLVED_MERCHANT,UNRESOLVED,,
2025-06,NAME:燊楠贸易,燊楠贸易,,UNAVAILABLE,DATA_QUALITY_ALERT,,,,,,,,,,DATA_QUALITY_ALERT,UNRESOLVED_MERCHANT,UNRESOLVED,,
2025-06,NAME:重庆和煜医疗器械,重庆和煜医疗器械,,UNAVAILABLE,DATA_QUALITY_ALERT,,,,,,,,,,DATA_QUALITY_ALERT,UNRESOLVED_MERCHANT,UNRESOLVED,,
2025-07,ID:11125,药悦网,负责人 B,MID,PRIORITY,27371.32,34029.43,-6658.110000000001,6658.110000000001,-0.1956574059571376,57.0,4.0,0.0029231608855878,Trend,NO_ALERT,MISSING,ID_MATCHED,0.0454545454545454,Trend: GMV环比-19.6%，连续下降4个月
2025-07,ID:1140,都尔东康,负责人 B,MID,NO_PRIORITY,11677.14,14282.8,-2605.66,2605.66,-0.1824334164169491,63.0,0.0,0.001226906307178,,NO_ALERT,MISSING,NAME_MATCHED,0.0,
2025-07,ID:1142,普宁普慈,负责人 B,KEY,NO_PRIORITY,207450.55,190865.97,16584.579999999987,0.0,0.0868912357713633,21.0,0.0,0.0163955710658033,,NO_ALERT,MISSING,NAME_MATCHED,0.0172867343104096,
2025-07,ID:11628,子钦医疗,,LONG_TAIL,NO_PRIORITY,1398.0,906.0,492.0,0.0,0.5430463576158941,75.0,0.0,7.782627456124209e-05,,NO_ALERT,MISSING,NAME_MATCHED,0.0,
2025-07,ID:11854,诺和堂,负责人 B,KEY,ATTENTION,307667.19,633839.59,-326172.4,326172.4,-0.5145977075998045,15.0,11.0,0.0544474326259659,Scale / Impact|Relative Position,NO_ALERT,MISSING,NAME_MATCHED,0.0310383747178329,Scale / Impact: GMV损失326172.40，上月区域占比5.4%；Relative Position: 排名变化11，同月分位85.9%
2025-07,ID:11860,一玖堂,负责人 B,MID,NO_PRIORITY,29261.36,31888.62,-2627.2599999999984,2627.2599999999984,-0.0823886389564678,56.0,2.0,0.0027392632400652,,NO_ALERT,MISSING,NAME_MATCHED,0.0135869565217391,
2025-07,ID:11905,贰美医疗,负责人 B,MID,PRIORITY,37402.56,43563.29,-6160.730000000003,6160.730000000003,-0.1414202187208543,54.0,4.0,0.003742128662617,Trend,NO_ALERT,MISSING,NAME_MATCHED,0.0180533751962323,Trend: GMV环比-14.1%，连续下降4个月
2025-07,ID:11908,药精采,负责人 B,MID,PRIORITY,40889.63,50298.91,-9409.280000000006,9409.280000000006,-0.1870672744200621,53.0,5.0,0.0043207249225068,Trend|Service,NO_ALERT,MISSING,NAME_MATCHED,0.0552486187845303,Trend: GMV环比-18.7%，连续下降3个月；Service: 售后率5.5%，环比变化-1.8%
2025-07,ID:11984,四川北尘,负责人 B,MID,NO_PRIORITY,41128.81,30131.56,10997.249999999996,0.0,0.3649744653114539,52.0,-3.0,0.0025883300899763,,NO_ALERT,MISSING,NAME_MATCHED,0.0199556541019955,
2025-07,ID:12380,纽瑞特,负责人 B,LONG_TAIL,PRIORITY,242.5,494.7,-252.2,252.2,-0.5098039215686274,77.0,1.0,4.249520753360537e-05,Trend,NO_ALERT,MISSING,ID_MATCHED,0.0,Trend: GMV环比-51.0%，连续下降4个月
2025-07,ID:12382,四川奥慈,负责人 B,MID,NO_PRIORITY,79028.34,65789.7,13238.64,0.0,0.2012266357803729,37.0,-2.0,0.0056513987367568,,NO_ALERT,MISSING,NAME_MATCHED,0.0231660231660231,
2025-07,ID:1257,辉莹医疗,负责人 B,LONG_TAIL,WATCHLIST,0.0,0.0,0.0,0.0,,78.0,1.0,0.0,Relative Position,NO_ALERT,MISSING,ID_MATCHED,,Relative Position: 排名变化1，同月分位11.6%
2025-07,ID:12642,九之堂旗舰店,负责人 B,MID,NO_PRIORITY,69315.74,51125.9,18189.840000000004,0.0,0.3557852282307012,41.0,-6.0,0.0043917641617997,,NO_ALERT,MISSING,NAME_MATCHED,0.0227272727272727,
2025-07,ID:12823,众维器械,负责人 B,LONG_TAIL,WATCHLIST,0.0,0.0,0.0,0.0,,78.0,1.0,0.0,Relative Position,NO_ALERT,MISSING,ID_MATCHED,,Relative Position: 排名变化1，同月分位11.6%
2025-07,ID:12947,江西省战狼商贸,负责人 B,KEY,WATCHLIST,518213.46,410350.52,107862.94,0.0,0.2628556191423858,4.0,-7.0,0.0352495057791042,Scale / Impact,NO_ALERT,MISSING,NAME_MATCHED,0.0124626121635094,Scale / Impact: GMV损失0.00，上月区域占比3.5%
2025-07,ID:12980,有之源旗舰店,负责人 B,MID,NO_PRIORITY,4363.62,1616.72,2746.9,0.0,1.699057350685338,73.0,-1.0,0.0001388778086188,,NO_ALERT,MISSING,NAME_MATCHED,0.0188679245283018,
2025-07,ID:13094,四川唤初新材料,负责人 B,LONG_TAIL,WATCHLIST,0.0,0.0,0.0,0.0,,78.0,1.0,0.0,Relative Position,NO_ALERT,MISSING,ID_MATCHED,,Relative Position: 排名变化1，同月分位11.6%
2025-07,ID:13249,成都锦莱源商贸,负责人 B,MID,NO_PRIORITY,20796.21,19265.5,1530.7099999999991,0.0,0.0794534271106381,61.0,3.0,0.0016549250469752,,NO_ALERT,MISSING,ID_MATCHED,0.0172239108409321,
2025-07,ID:1350,希尔康,负责人 B,KEY,WATCHLIST,302387.09,291626.75,10760.340000000026,0.0,0.0368976439918493,16.0,-1.0,0.0250510193321221,Scale / Impact,NO_ALERT,MISSING,NAME_MATCHED,0.0198766278272789,Scale / Impact: GMV损失0.00，上月区域占比2.5%
2025-07,ID:13778,众维堂器械,负责人 B,MID,NO_PRIORITY,79622.79,103224.95,-23602.160000000003,23602.160000000003,-0.2286478220623987,36.0,6.0,0.0088671228479806,,NO_ALERT,MISSING,NAME_MATCHED,0.0096774193548387,
2025-07,ID:14256,四川瑞锦医药科技,负责人 B,MID,NO_PRIORITY,4984.38,6240.34,-1255.96,1255.96,-0.2012646746811872,72.0,3.0,0.0005360512297963,,NO_ALERT,MISSING,NAME_MATCHED,0.0408163265306122,
2025-07,ID:14726,四川然柠安,负责人 B,KEY,PRIORITY,182452.44,202651.34,-20198.899999999998,20198.899999999998,-0.0996731627829354,24.0,5.0,0.0174079457252137,Trend,NO_ALERT,MISSING,ID_MATCHED,0.0154876517371285,Trend: GMV环比-10.0%，连续下降5个月
2025-07,ID:14782,四川弗佑斯贸易,负责人 B,MID,NO_PRIORITY,214420.99,114202.68,100218.31,0.0,0.8775477948503485,20.0,-9.0,0.0098101204517766,,NO_ALERT,MISSING,NAME_MATCHED,0.0096269554753309,
2025-07,ID:1513,长盛医药科技,负责人 B,MID,NO_PRIORITY,6000.11,5515.05,485.0599999999995,0.0,0.0879520584582187,71.0,1.0,0.0004737481186743,,NO_ALERT,MISSING,NAME_MATCHED,0.0,
2025-07,ID:15134,【退店公示中】成都宝和堂科技,负责人 B,LONG_TAIL,WATCHLIST,0.0,0.0,0.0,0.0,,78.0,1.0,0.0,Relative Position,NO_ALERT,MISSING,ID_MATCHED,,Relative Position: 排名变化1，同月分位11.6%
2025-07,ID:15251,四川宜初霁,负责人 B,KEY,WATCHLIST,567089.05,717365.83,-150276.7799999999,150276.7799999999,-0.2094841623554887,3.0,2.0,0.0616224172697939,Scale / Impact,NO_ALERT,MISSING,NAME_MATCHED,0.0492354740061162,Scale / Impact: GMV损失150276.78，上月区域占比6.2%
2025-07,ID:15504,多多医生,负责人 B,MID,NO_PRIORITY,142298.91,125876.33,16422.58,0.0,0.13046598991248,28.0,1.0,0.0108128982553438,,NO_ALERT,MISSING,NAME_MATCHED,0.041407867494824,
2025-07,ID:15756,四川瑾辉医疗器械,负责人 B,MID,NO_PRIORITY,32333.72,43497.45,-11163.729999999996,11163.729999999996,-0.2566525164118816,55.0,4.0,0.0037364729430616,,NO_ALERT,MISSING,NAME_MATCHED,0.015625,
2025-07,ID:15847,成都市嘉乐康健医疗器械,负责人 B,MID,PRIORITY,6226.22,8196.86,-1970.6400000000003,1970.6400000000003,-0.2404140121949136,70.0,5.0,0.0007041181864239,Trend,NO_ALERT,MISSING,NAME_MATCHED,0.0459770114942528,Trend: GMV环比-24.0%，连续下降4个月
2025-07,ID:16025,四川微至,负责人 B,KEY,WATCHLIST,733254.01,671729.76,61524.25,0.0,0.0915907760287411,1.0,-1.0,0.0577022348043236,Scale / Impact,NO_ALERT,MISSING,NAME_MATCHED,0.0142131979695431,Scale / Impact: GMV损失0.00，上月区域占比5.8%
2025-07,ID:16163,济郎中医药科技,负责人 B,KEY,WATCHLIST,258360.94,238745.62,19615.320000000007,0.0,0.0821599156457824,18.0,0.0,0.0205084792189999,Scale / Impact,NO_ALERT,MISSING,NAME_MATCHED,0.0177960301163586,Scale / Impact: GMV损失0.00，上月区域占比2.1%
2025-07,ID:16231,非药易,负责人 B,MID,NO_PRIORITY,9211.57,10968.41,-1756.84,1756.84,-0.1601727141855565,67.0,3.0,0.0009421970067994,,NO_ALERT,MISSING,ID_MATCHED,0.0043956043956043,
2025-07,ID:16711,鑫宇豪旗舰店,负责人 B,MID,NO_PRIORITY,71641.77,59349.75,12292.020000000004,0.0,0.207111571657842,40.0,-5.0,0.0050982008152771,,NO_ALERT,MISSING,ID_MATCHED,0.0258064516129032,
2025-07,ID:16854,成都原数生物,负责人 B,LONG_TAIL,WATCHLIST,0.0,0.0,0.0,0.0,,78.0,1.0,0.0,Relative Position,NO_ALERT,MISSING,ID_MATCHED,,Relative Position: 排名变化1，同月分位11.6%
2025-07,ID:17301,四川牙易,负责人 B,LONG_TAIL,WATCHLIST,0.0,0.0,0.0,0.0,,78.0,1.0,0.0,Relative Position,NO_ALERT,MISSING,ID_MATCHED,,Relative Position: 排名变化1，同月分位11.6%
2025-07,ID:17386,保和堂,负责人 B,KEY,NO_PRIORITY,187576.21,197922.09,-10345.880000000005,10345.880000000005,-0.0522724876237917,22.0,2.0,0.0170016985850715,,NO_ALERT,MISSING,NAME_MATCHED,0.0150557061126166,
2025-07,ID:17613,远聚隆创旗舰店,负责人 B,KEY,WATCHLIST,578285.84,635020.88,-56735.04000000004,56735.04000000004,-0.0893435818992283,2.0,-1.0,0.0545489065772644,Scale / Impact,NO_ALERT,MISSING,NAME_MATCHED,0.023060143346837,Scale / Impact: GMV损失56735.04，上月区域占比5.5%
2025-07,ID:17614,成都铸盛医疗器械,负责人 B,LONG_TAIL,WATCHLIST,0.0,0.0,0.0,0.0,,78.0,1.0,0.0,Relative Position,NO_ALERT,MISSING,ID_MATCHED,,Relative Position: 排名变化1，同月分位11.6%
2025-07,ID:17716,致呈优选,负责人 B,MID,NO_PRIORITY,25053.57,21886.19,3167.380000000001,0.0,0.1447204835560689,58.0,1.0,0.0018800448477257,,NO_ALERT,MISSING,NAME_MATCHED,0.0025445292620865,
2025-07,ID:17859,四川亦辰美唯网络科技,负责人 B,MID,NO_PRIORITY,53188.59,61272.35,-8083.760000000002,8083.760000000002,-0.1319316135255136,46.0,2.0,0.0052633540111617,,NO_ALERT,MISSING,NAME_MATCHED,0.0421166306695464,
2025-07,ID:17862,【已退店】医道彤行,负责人 B,LONG_TAIL,WATCHLIST,0.0,0.0,0.0,0.0,,78.0,1.0,0.0,Relative Position,NO_ALERT,MISSING,ID_MATCHED,,Relative Position: 排名变化1，同月分位11.6%
2025-07,ID:18090,天启明,负责人 B,MID,PRIORITY,7117.7,7429.56,-311.8600000000006,311.8600000000006,-0.0419755678667378,68.0,1.0,0.0006382063757496,Trend,NO_ALERT,MISSING,ID_MATCHED,0.0405405405405405,Trend: GMV环比-4.2%，连续下降3个月
2025-07,ID:18134,四川奇力康健康科技,负责人 B,MID,NO_PRIORITY,72841.35,65094.32,7747.030000000006,0.0,0.1190123808037322,39.0,-1.0,0.005591664923507,,NO_ALERT,MISSING,NAME_MATCHED,0.0154162384378211,
2025-07,ID:18152,亦蓝辰美,负责人 B,MID,NO_PRIORITY,45738.13,43960.9,1777.229999999996,0.0,0.0404275162701399,49.0,0.0,0.0037762837454296,,NO_ALERT,MISSING,NAME_MATCHED,0.035548686244204,
2025-07,ID:18517,聚药汇,负责人 B,KEY,WATCHLIST,460342.17,385490.19,74851.97999999998,0.0,0.1941735015357977,9.0,-3.0,0.033113979434443,Scale / Impact,NO_ALERT,MISSING,NAME_MATCHED,0.0447619047619047,Scale / Impact: GMV损失0.00，上月区域占比3.3%
2025-07,ID:18716,【已退店】悦美康宸,负责人 B,LONG_TAIL,WATCHLIST,0.0,0.0,0.0,0.0,,78.0,1.0,0.0,Relative Position,NO_ALERT,MISSING,ID_MATCHED,,Relative Position: 排名变化1，同月分位11.6%
2025-07,ID:19233,成都至本生物科技,负责人 B,MID,NO_PRIORITY,6714.12,5215.66,1498.46,0.0,0.287300169106115,69.0,-2.0,0.0004480302286733,,NO_ALERT,MISSING,NAME_MATCHED,0.0222222222222222,
2025-07,ID:19239,有识医药,负责人 B,MID,WATCHLIST,22330.19,18491.32,3838.869999999999,0.0,0.2076038919882408,60.0,1.0,0.0015884222376598,Service,NO_ALERT,MISSING,NAME_MATCHED,0.056338028169014,Service: 售后率5.6%，环比变化-2.8%
2025-07,ID:19273,鑫众维医药,负责人 B,MID,WATCHLIST,47428.95,67379.39,-19950.44,19950.44,-0.2960911340990175,48.0,10.0,0.0057879546422836,Relative Position,NO_ALERT,MISSING,NAME_MATCHED,0.0134048257372654,Relative Position: 排名变化10，同月分位52.5%
2025-07,ID:1957,臻品堂医药,负责人 B,KEY,NO_PRIORITY,127185.58,160210.44,-33024.86,33024.86,-0.2061342569185877,29.0,6.0,0.013762231447039,,NO_ALERT,MISSING,NAME_MATCHED,0.0132939438700147,
2025-07,ID:1970,成都诚美,负责人 B,KEY,WATCHLIST,459840.17,421807.85,38032.32000000001,0.0,0.0901650360466264,10.0,2.0,0.0362337014858578,Scale / Impact,NO_ALERT,MISSING,NAME_MATCHED,0.0188148788927335,Scale / Impact: GMV损失0.00，上月区域占比3.6%
2025-07,ID:19743,梦方迪,负责人 B,MID,WATCHLIST,49804.96,74351.46,-24546.500000000007,24546.500000000007,-0.3301414659510385,47.0,12.0,0.0063868621854185,Relative Position,NO_ALERT,MISSING,ID_MATCHED,0.0077519379844961,Relative Position: 排名变化12，同月分位53.5%
2025-07,ID:20204,四川永瑞康健医药科技,负责人 B,KEY,NO_PRIORITY,177451.54,177109.17,342.36999999999534,0.0,0.0019331014876304,25.0,3.0,0.0152138486663727,,NO_ALERT,MISSING,NAME_MATCHED,0.0109119251753702,
2025-07,ID:2021,榕庆商贸,负责人 B,MID,NO_PRIORITY,60155.35,52554.49,7600.860000000001,0.0,0.1446281754422886,43.0,-3.0,0.0045144814218168,,NO_ALERT,MISSING,NAME_MATCHED,0.0311688311688311,
2025-07,ID:20230,四川多多邦健康管理,负责人 B,KEY,NO_PRIORITY,241605.6,138236.68,103368.92,0.0,0.7477676691888147,19.0,-5.0,0.011874664251782,,NO_ALERT,MISSING,NAME_MATCHED,,
2025-07,ID:2080,深圳亿乐康,负责人 B,KEY,WATCHLIST,426848.08,335489.3,91358.78000000004,0.0,0.2723150335942161,11.0,-3.0,0.0288188547176146,Scale / Impact,NO_ALERT,MISSING,ID_MATCHED,0.0095858895705521,Scale / Impact: GMV损失0.00，上月区域占比2.9%
2025-07,ID:2084,鲁鸿医疗,负责人 B,KEY,WATCHLIST,509469.08,523394.6,-13925.51999999996,13925.51999999996,-0.0266061591006097,6.0,0.0,0.044960101372485,Scale / Impact,NO_ALERT,MISSING,NAME_MATCHED,0.0157835400225479,Scale / Impact: GMV损失13925.52，上月区域占比4.5%
2025-07,ID:21117,四川赤泉甘木生物科技,,LONG_TAIL,WATCHLIST,0.0,0.0,0.0,0.0,,78.0,1.0,0.0,Relative Position,NO_ALERT,MISSING,ID_MATCHED,,Relative Position: 排名变化1，同月分位11.6%
2025-07,ID:2116,锦仁堂,负责人 B,MID,NO_PRIORITY,110773.5,63741.83,47031.67,0.0,0.7378462463346283,31.0,-11.0,0.0054754847269492,,NO_ALERT,MISSING,NAME_MATCHED,0.0292598967297762,
2025-07,ID:21206,四川共创盛世商贸,,MID,NO_PRIORITY,94487.05,16273.3,78213.75,0.0,4.806262405289647,33.0,-28.0,0.0013978921786064,,NO_ALERT,MISSING,NAME_MATCHED,0.0155902004454343,
2025-07,ID:2170,康爱多医药,负责人 B,KEY,NO_PRIORITY,168243.93,134960.07,33283.859999999986,0.0,0.2466200558431837,26.0,1.0,0.0115932002898724,,NO_ALERT,MISSING,NAME_MATCHED,0.0099216710182767,
2025-07,ID:2182,舒力特,负责人 B,MID,NO_PRIORITY,41583.26,28442.36,13140.9,0.0,0.4620186229272114,51.0,-5.0,0.0024432261793925,,NO_ALERT,MISSING,NAME_MATCHED,0.0185185185185185,
2025-07,ID:21964,四川承泰仁商贸,,LONG_TAIL,NO_PRIORITY,9922.95,0.0,9922.95,0.0,,66.0,-11.0,0.0,,NO_ALERT,MISSING,NAME_MATCHED,0.0078125,
2025-07,ID:22033,重庆铃宇消费品供应链,,LONG_TAIL,WATCHLIST,632.1,0.0,632.1,0.0,,76.0,-1.0,0.0,Service,NO_ALERT,MISSING,NAME_MATCHED,0.2,Service: 售后率20.0%
2025-07,ID:2205,成都墨芑,负责人 B,KEY,WATCHLIST,513429.45,421405.18,92024.27000000002,0.0,0.218374795487801,5.0,-4.0,0.0361991117441607,Scale / Impact,NO_ALERT,MISSING,ID_MATCHED,0.0174642776139714,Scale / Impact: GMV损失0.00，上月区域占比3.6%
2025-07,ID:2245,蒙特生物,负责人 B,MID,NO_PRIORITY,102557.11,73166.37,29390.740000000005,0.0,0.4016973918481947,32.0,-5.0,0.0062850618104519,,NO_ALERT,MISSING,NAME_MATCHED,0.0165289256198347,
2025-07,ID:22679,江西古戈尔商贸,,LONG_TAIL,WATCHLIST,0.0,0.0,0.0,0.0,,78.0,1.0,0.0,Relative Position,NO_ALERT,MISSING,NAME_MATCHED,,Relative Position: 排名变化1，同月分位11.6%
2025-07,ID:22862,四川众恩德科技,,LONG_TAIL,WATCHLIST,0.0,0.0,0.0,0.0,,78.0,1.0,0.0,Relative Position,NO_ALERT,MISSING,NAME_MATCHED,,Relative Position: 排名变化1，同月分位11.6%
2025-07,ID:22917,成都天蕊贸易,,LONG_TAIL,WATCHLIST,0.0,0.0,0.0,0.0,,78.0,1.0,0.0,Relative Position,NO_ALERT,MISSING,NAME_MATCHED,,Relative Position: 排名变化1，同月分位11.6%
2025-07,ID:22940,四川壹贝佳健康咨询,,LONG_TAIL,WATCHLIST,0.0,0.0,0.0,0.0,,78.0,1.0,0.0,Relative Position,NO_ALERT,MISSING,NAME_MATCHED,,Relative Position: 排名变化1，同月分位11.6%
2025-07,ID:23028,重庆小橘灯商贸,,LONG_TAIL,WATCHLIST,0.0,0.0,0.0,0.0,,78.0,1.0,0.0,Relative Position,NO_ALERT,MISSING,NAME_MATCHED,,Relative Position: 排名变化1，同月分位11.6%
2025-07,ID:23497,重庆赛迪亨商贸,,LONG_TAIL,WATCHLIST,0.0,0.0,0.0,0.0,,78.0,1.0,0.0,Relative Position,NO_ALERT,MISSING,NAME_MATCHED,,Relative Position: 排名变化1，同月分位11.6%
2025-07,ID:23871,好品惠,,LONG_TAIL,WATCHLIST,0.0,0.0,0.0,0.0,,78.0,1.0,0.0,Relative Position,NO_ALERT,MISSING,NAME_MATCHED,,Relative Position: 排名变化1，同月分位11.6%
2025-07,ID:24075,好尔思健康,,LONG_TAIL,WATCHLIST,0.0,0.0,0.0,0.0,,78.0,1.0,0.0,Relative Position,NO_ALERT,MISSING,NAME_MATCHED,,Relative Position: 排名变化1，同月分位11.6%
2025-07,ID:24236,重庆即美购供应链管理,,UNAVAILABLE,DATA_QUALITY_ALERT,,,,,,,,,,NO_ALERT,MISSING,NAME_MATCHED,,
2025-07,ID:24287,四川美恩堂医药,,UNAVAILABLE,DATA_QUALITY_ALERT,,,,,,,,,,NO_ALERT,MISSING,NAME_MATCHED,,
2025-07,ID:24447,成都德善堂生物科技,,UNAVAILABLE,DATA_QUALITY_ALERT,,,,,,,,,,NO_ALERT,MISSING,NAME_MATCHED,,
2025-07,ID:24474,成都三合力医疗用品,,UNAVAILABLE,DATA_QUALITY_ALERT,,,,,,,,,,NO_ALERT,MISSING,NAME_MATCHED,,
2025-07,ID:24489,成都喜之安健康咨询,,UNAVAILABLE,DATA_QUALITY_ALERT,,,,,,,,,,NO_ALERT,MISSING,NAME_MATCHED,,
2025-07,ID:24491,四川蓝漂日用品,,UNAVAILABLE,DATA_QUALITY_ALERT,,,,,,,,,,NO_ALERT,MISSING,NAME_MATCHED,,
2025-07,ID:24513,成都瑞舒达健康管理,,UNAVAILABLE,DATA_QUALITY_ALERT,,,,,,,,,,NO_ALERT,MISSING,NAME_MATCHED,,
2025-07,ID:24713,四川蜀妈妈生物科技,,UNAVAILABLE,DATA_QUALITY_ALERT,,,,,,,,,,NO_ALERT,MISSING,NAME_MATCHED,,
2025-07,ID:24732,四川康福达医疗科技,,UNAVAILABLE,DATA_QUALITY_ALERT,,,,,,,,,,NO_ALERT,MISSING,NAME_MATCHED,,
2025-07,ID:24857,四川汇天美优贸易,,UNAVAILABLE,DATA_QUALITY_ALERT,,,,,,,,,,NO_ALERT,MISSING,NAME_MATCHED,,
2025-07,ID:24874,陕西商玺伟康医药用品,,UNAVAILABLE,DATA_QUALITY_ALERT,,,,,,,,,,NO_ALERT,MISSING,NAME_MATCHED,,
2025-07,ID:24989,盛弘康品,,UNAVAILABLE,DATA_QUALITY_ALERT,,,,,,,,,,NO_ALERT,MISSING,NAME_MATCHED,,
2025-07,ID:25025,成都御养集商贸,,UNAVAILABLE,DATA_QUALITY_ALERT,,,,,,,,,,NO_ALERT,MISSING,NAME_MATCHED,,
2025-07,ID:2563,成都天然堂,负责人 B,MID,NO_PRIORITY,45187.72,38049.8,7137.919999999998,0.0,0.1875941529259022,50.0,-2.0,0.0032685145494485,,NO_ALERT,MISSING,NAME_MATCHED,0.0449438202247191,
2025-07,ID:2837,四川多乐士,负责人 B,KEY,WATCHLIST,360221.5,307795.13,52426.37,0.0,0.1703287833046611,14.0,-1.0,0.0264398987814494,Scale / Impact,NO_ALERT,MISSING,NAME_MATCHED,0.0158072039388442,Scale / Impact: GMV损失0.00，上月区域占比2.6%
2025-07,ID:3001,华药天康,负责人 B,MID,NO_PRIORITY,53320.48,63108.94,-9788.46,9788.46,-0.1551041738302053,45.0,2.0,0.0054211188650209,,NO_ALERT,MISSING,NAME_MATCHED,0.0389784946236559,
2025-07,ID:3279,四川朝利,负责人 B,MID,NO_PRIORITY,14568.37,17877.04,-3308.67,3308.67,-0.1850792972438389,62.0,2.0,0.0015356549926957,,NO_ALERT,MISSING,NAME_MATCHED,0.0070921985815602,
2025-07,ID:3314,上品康健,负责人 B,MID,PRIORITY,60775.14,93318.55,-32543.410000000003,32543.410000000003,-0.3487346299315623,42.0,9.0,0.0080161535253388,Trend|Relative Position,NO_ALERT,MISSING,NAME_MATCHED,0.0224719101123595,Trend: GMV环比-34.9%，连续下降3个月；Relative Position: 排名变化9，同月分位58.6%
2025-07,ID:3787,蓉易购,负责人 B,MID,NO_PRIORITY,10343.31,8105.37,2237.94,0.0,0.2761058409424861,64.0,-2.0,0.0006962591071086,,NO_ALERT,MISSING,NAME_MATCHED,0.0129870129870129,
2025-07,ID:4216,壹药师,负责人 B,KEY,WATCHLIST,485568.96,512962.4,-27393.44,27393.44,-0.0534024326149441,7.0,0.0,0.0440639653222888,Scale / Impact,NO_ALERT,MISSING,NAME_MATCHED,0.0273544353262993,Scale / Impact: GMV损失27393.44，上月区域占比4.4%
2025-07,ID:4930,大圣旗舰店,负责人 B,KEY,ATTENTION,389822.38,523406.8,-133584.41999999998,133584.41999999998,-0.255221025022984,13.0,8.0,0.0449611493642617,Scale / Impact|Relative Position,NO_ALERT,MISSING,NAME_MATCHED,0.0127887788778877,Scale / Impact: GMV损失133584.42，上月区域占比4.5%；Relative Position: 排名变化8，同月分位87.9%
2025-07,ID:5293,成都利民康,负责人 B,MID,NO_PRIORITY,10322.35,6443.66,3878.690000000001,0.0,0.6019389601561846,65.0,-3.0,0.000553516614061,,NO_ALERT,MISSING,NAME_MATCHED,0.0,
2025-07,ID:5379,四川长生康,负责人 B,MID,NO_PRIORITY,87323.09,100574.95,-13251.86,13251.86,-0.1317610399010886,35.0,4.0,0.0086394852899373,,NO_ALERT,MISSING,NAME_MATCHED,0.0131964809384164,
2025-07,ID:5504,亿辰科技,负责人 B,MID,NO_PRIORITY,93419.82,73889.63,19530.19,0.0,0.2643157097958131,34.0,-2.0,0.0063471905426143,,NO_ALERT,MISSING,NAME_MATCHED,0.0407458563535911,
2025-07,ID:6256,四川锐源通,负责人 B,MID,NO_PRIORITY,54267.98,64523.67,-10255.689999999997,10255.689999999997,-0.1589446167584701,44.0,3.0,0.0055426455376589,,NO_ALERT,MISSING,NAME_MATCHED,0.0347222222222222,
2025-07,ID:6326,成都福美康,负责人 B,LONG_TAIL,WATCHLIST,0.0,0.0,0.0,0.0,,78.0,1.0,0.0,Relative Position,NO_ALERT,MISSING,ID_MATCHED,,Relative Position: 排名变化1，同月分位11.6%
2025-07,ID:7119,鑫强劲,负责人 B,MID,NO_PRIORITY,24307.92,15734.0,8573.919999999998,0.0,0.5449294521418584,59.0,-3.0,0.0013515657880205,,NO_ALERT,MISSING,NAME_MATCHED,0.0039525691699604,
2025-07,ID:720,丽康琴保健品,负责人 B,MID,PRIORITY,73174.31,78464.7,-5290.389999999999,5290.389999999999,-0.0674238224322529,38.0,4.0,0.0067401934719265,Trend,NO_ALERT,MISSING,NAME_MATCHED,0.024,Trend: GMV环比-6.7%，连续下降3个月
2025-07,ID:7201,恒生医疗,负责人 B,KEY,WATCHLIST,398119.6,359630.34,38489.25999999995,0.0,0.1070245074428368,12.0,-1.0,0.0308925933569457,Scale / Impact,NO_ALERT,MISSING,NAME_MATCHED,0.0095779706674648,Scale / Impact: GMV损失0.00，上月区域占比3.1%
2025-07,ID:7370,乐宜堂,负责人 B,MID,NO_PRIORITY,124097.77,128727.0,-4629.229999999996,4629.229999999996,-0.0359616086757245,30.0,4.0,0.0110577735600938,,NO_ALERT,MISSING,NAME_MATCHED,0.0188133140376266,
2025-07,ID:8187,四川吉瑞兴,负责人 B,KEY,WATCHLIST,485004.88,420054.07,64950.81,0.0,0.1546248796018092,8.0,-2.0,0.0360830500909351,Scale / Impact,NO_ALERT,MISSING,ID_MATCHED,0.0135190495698484,Scale / Impact: GMV损失0.00，上月区域占比3.6%
2025-07,ID:8188,康晟旗舰店,负责人 B,MID,NO_PRIORITY,145300.14,94937.54,50362.60000000002,0.0,0.5304814091454237,27.0,-5.0,0.0081552263291488,,NO_ALERT,MISSING,ID_MATCHED,0.0142150803461063,
2025-07,ID:8235,福信美商贸,负责人 B,KEY,PRIORITY,291798.37,305889.24,-14090.869999999995,14090.869999999995,-0.046065268591991,17.0,1.0,0.026276180990695,Trend|Scale / Impact,NO_ALERT,MISSING,NAME_MATCHED,0.0139111824505082,Trend: GMV环比-4.6%，连续下降4个月；Scale / Impact: GMV损失14090.87，上月区域占比2.6%
2025-07,ID:8521,聚美健,负责人 B,MID,NO_PRIORITY,183244.43,115799.17,67445.26,0.0,0.582433017438726,23.0,-5.0,0.0099472604838674,,NO_ALERT,MISSING,NAME_MATCHED,0.019466474405191,
2025-07,ID:8913,【2024/10/31关店】活玉旗舰店,负责人 B,LONG_TAIL,WATCHLIST,0.0,0.0,0.0,0.0,,78.0,1.0,0.0,Relative Position,NO_ALERT,MISSING,ID_MATCHED,,Relative Position: 排名变化1，同月分位11.6%
2025-07,ID:8930,惠仁棠,负责人 B,MID,PRIORITY,0.0,2395.9,-2395.9,2395.9,-1.0,78.0,6.0,0.0002058101227607,Trend|Relative Position,NO_ALERT,MISSING,ID_MATCHED,,Trend: GMV环比-100.0%，连续下降4个月；Relative Position: 排名变化6，同月分位11.6%
2025-07,ID:9348,平康购,负责人 B,MID,NO_PRIORITY,2503.2,1678.54,824.6599999999999,0.0,0.4912960072443908,74.0,1.0,0.0001441882062936,,NO_ALERT,MISSING,ID_MATCHED,0.0,
2025-07,ID:960,【退店公示中】欣乐士(原亮剑),负责人 B,LONG_TAIL,WATCHLIST,0.0,0.0,0.0,0.0,,78.0,1.0,0.0,Relative Position,NO_ALERT,MISSING,ID_MATCHED,,Relative Position: 排名变化1，同月分位11.6%
2025-07,NAME:内蒙古康依商贸,内蒙古康依商贸,,UNAVAILABLE,DATA_QUALITY_ALERT,,,,,,,,,,DATA_QUALITY_ALERT,UNRESOLVED_MERCHANT,UNRESOLVED,,
2025-07,NAME:四川聚俊仁信医疗器械,四川聚俊仁信医疗器械,,UNAVAILABLE,DATA_QUALITY_ALERT,,,,,,,,,,DATA_QUALITY_ALERT,UNRESOLVED_MERCHANT,UNRESOLVED,,
2025-07,NAME:成都八百供应链管理,成都八百供应链管理,,UNAVAILABLE,DATA_QUALITY_ALERT,,,,,,,,,,DATA_QUALITY_ALERT,UNRESOLVED_MERCHANT,UNRESOLVED,,
2025-07,NAME:湛江市远潮食品,湛江市远潮食品,,UNAVAILABLE,DATA_QUALITY_ALERT,,,,,,,,,,DATA_QUALITY_ALERT,UNRESOLVED_MERCHANT,UNRESOLVED,,
2025-07,NAME:燊楠贸易,燊楠贸易,,UNAVAILABLE,DATA_QUALITY_ALERT,,,,,,,,,,DATA_QUALITY_ALERT,UNRESOLVED_MERCHANT,UNRESOLVED,,
2025-07,NAME:重庆和煜医疗器械,重庆和煜医疗器械,,UNAVAILABLE,DATA_QUALITY_ALERT,,,,,,,,,,DATA_QUALITY_ALERT,UNRESOLVED_MERCHANT,UNRESOLVED,,
2025-08,ID:11125,药悦网,负责人 B,MID,PRIORITY,14309.44,27371.32,-13061.88,13061.88,-0.4772104524005418,63.0,6.0,0.0022809835033536,Trend,NO_ALERT,MISSING,ID_MATCHED,0.0204081632653061,Trend: GMV环比-47.7%，连续下降5个月
2025-08,ID:1140,都尔东康,负责人 B,MID,NO_PRIORITY,10524.84,11677.14,-1152.2999999999993,1152.2999999999993,-0.0986799849963261,65.0,2.0,0.0009731121373156,,NO_ALERT,MISSING,NAME_MATCHED,0.0158730158730158,
2025-08,ID:1142,普宁普慈,负责人 B,KEY,WATCHLIST,144887.29,207450.55,-62563.25999999998,62563.25999999998,-0.3015815576290349,25.0,4.0,0.0172878502867834,Scale / Impact,NO_ALERT,MISSING,NAME_MATCHED,0.0239549084077031,Scale / Impact: GMV损失62563.26，上月区域占比1.7%
2025-08,ID:11628,子钦医疗,,LONG_TAIL,NO_PRIORITY,845.0,1398.0,-553.0,553.0,-0.3955650929899856,78.0,3.0,0.0001165020516982,,NO_ALERT,MISSING,NAME_MATCHED,0.0,
2025-08,ID:11854,诺和堂,负责人 B,KEY,PRIORITY,225402.94,307667.19,-82264.25,82264.25,-0.2673806394500498,17.0,2.0,0.0256393840309189,Trend|Scale / Impact,NO_ALERT,MISSING,NAME_MATCHED,0.0359116022099447,Trend: GMV环比-26.7%，连续下降3个月；Scale / Impact: GMV损失82264.25，上月区域占比2.6%
2025-08,ID:11860,一玖堂,负责人 B,MID,NO_PRIORITY,37019.85,29261.36,7758.489999999998,0.0,0.265144545571361,54.0,-2.0,0.0024384896105007,,NO_ALERT,MISSING,NAME_MATCHED,0.0192771084337349,
2025-08,ID:11905,贰美医疗,负责人 B,MID,NO_PRIORITY,50031.09,37402.56,12628.53,0.0,0.3376381188881188,46.0,-8.0,0.0031169348918208,,NO_ALERT,MISSING,NAME_MATCHED,0.0120967741935483,
2025-08,ID:11908,药精采,负责人 B,MID,PRIORITY,29398.79,40889.63,-11490.839999999997,11490.839999999997,-0.2810208847573332,56.0,3.0,0.003407529176095,Trend,NO_ALERT,MISSING,NAME_MATCHED,0.0349206349206349,Trend: GMV环比-28.1%，连续下降4个月
2025-08,ID:11984,四川北尘,负责人 B,MID,NO_PRIORITY,63355.03,41128.81,22226.22,0.0,0.540405132071655,40.0,-12.0,0.0034274611937811,,NO_ALERT,MISSING,NAME_MATCHED,0.029296875,
2025-08,ID:12380,纽瑞特,负责人 B,LONG_TAIL,NO_PRIORITY,656.8,242.5,414.3,0.0,1.7084536082474229,79.0,2.0,2.0208689225191165e-05,,NO_ALERT,MISSING,ID_MATCHED,0.0,
2025-08,ID:12382,四川奥慈,负责人 B,MID,NO_PRIORITY,73075.9,79028.34,-5952.440000000002,5952.440000000002,-0.075320321798484,39.0,2.0,0.0065858109816195,,NO_ALERT,MISSING,NAME_MATCHED,0.0148285449490268,
2025-08,ID:1257,辉莹医疗,负责人 B,LONG_TAIL,WATCHLIST,0.0,0.0,0.0,0.0,,80.0,2.0,0.0,Relative Position,NO_ALERT,MISSING,ID_MATCHED,,Relative Position: 排名变化2，同月分位10.6%
2025-08,ID:12642,九之堂旗舰店,负责人 B,MID,WATCHLIST,46220.74,69315.74,-23095.000000000007,23095.000000000007,-0.3331855073609544,50.0,9.0,0.0057764133941202,Relative Position,NO_ALERT,MISSING,NAME_MATCHED,0.0052631578947368,Relative Position: 排名变化9，同月分位50.5%
2025-08,ID:12823,众维器械,负责人 B,LONG_TAIL,WATCHLIST,0.0,0.0,0.0,0.0,,80.0,2.0,0.0,Relative Position,NO_ALERT,MISSING,ID_MATCHED,,Relative Position: 排名变化2，同月分位10.6%
2025-08,ID:12947,江西省战狼商贸,负责人 B,KEY,PRIORITY,141730.11,518213.46,-376483.35,376483.35,-0.7265024532554596,26.0,22.0,0.0431852155276331,Trend|Scale / Impact|Relative Position,NO_ALERT,MISSING,NAME_MATCHED,0.0085959885386819,Trend: GMV环比-72.7%；Scale / Impact: GMV损失376483.35，上月区域占比4.3%；Relative Position: 排名变化22，同月分位74.7%
2025-08,ID:12980,有之源旗舰店,负责人 B,MID,NO_PRIORITY,5157.9,4363.62,794.2799999999997,0.0,0.1820231825869347,70.0,-3.0,0.0003636414040281,,NO_ALERT,MISSING,NAME_MATCHED,0.0175438596491228,
2025-08,ID:13094,四川唤初新材料,负责人 B,LONG_TAIL,WATCHLIST,0.0,0.0,0.0,0.0,,80.0,2.0,0.0,Relative Position,NO_ALERT,MISSING,ID_MATCHED,,Relative Position: 排名变化2，同月分位10.6%
2025-08,ID:13249,成都锦莱源商贸,负责人 B,MID,ATTENTION,1704.88,20796.21,-19091.33,19091.33,-0.9180196776239516,75.0,14.0,0.0017330480204198,Trend|Relative Position,NO_ALERT,MISSING,ID_MATCHED,0.015625,Trend: GMV环比-91.8%；Relative Position: 排名变化14，同月分位25.3%
2025-08,ID:1350,希尔康,负责人 B,KEY,WATCHLIST,228180.48,302387.09,-74206.61000000002,74206.61000000002,-0.2454027055189426,16.0,0.0,0.0251993679485357,Scale / Impact,NO_ALERT,MISSING,NAME_MATCHED,0.0168453292496171,Scale / Impact: GMV损失74206.61，上月区域占比2.5%
2025-08,ID:13778,众维堂器械,负责人 B,MID,PRIORITY,75951.75,79622.79,-3671.0399999999936,3671.0399999999936,-0.0461053926897059,37.0,1.0,0.0066353493540315,Trend,NO_ALERT,MISSING,NAME_MATCHED,0.003454231433506,Trend: GMV环比-4.6%，连续下降3个月
2025-08,ID:14256,四川瑞锦医药科技,负责人 B,MID,PRIORITY,3401.2,4984.38,-1583.1800000000003,1583.1800000000003,-0.3176282707177222,72.0,0.0,0.0004153723150526,Trend,NO_ALERT,MISSING,NAME_MATCHED,0.0263157894736842,Trend: GMV环比-31.8%，连续下降3个月
2025-08,ID:14726,四川然柠安,负责人 B,KEY,NO_PRIORITY,198822.55,182452.44,16370.109999999986,0.0,0.0897226148359537,18.0,-6.0,0.0152046377663415,,NO_ALERT,MISSING,ID_MATCHED,0.0119485294117647,
2025-08,ID:14782,四川弗佑斯贸易,负责人 B,KEY,WATCHLIST,141134.23,214420.99,-73286.75999999998,73286.75999999998,-0.3417891130900943,27.0,7.0,0.0178687305165683,Scale / Impact,NO_ALERT,MISSING,NAME_MATCHED,0.0118518518518518,Scale / Impact: GMV损失73286.76，上月区域占比1.8%
2025-08,ID:1513,长盛医药科技,负责人 B,MID,WATCHLIST,4589.2,6000.11,-1410.91,1410.91,-0.2351473556318134,71.0,0.0,0.0005000179723998,Service,NO_ALERT,MISSING,NAME_MATCHED,0.1041666666666667,Service: 售后率10.4%
2025-08,ID:15134,【退店公示中】成都宝和堂科技,负责人 B,LONG_TAIL,WATCHLIST,0.0,0.0,0.0,0.0,,80.0,2.0,0.0,Relative Position,NO_ALERT,MISSING,ID_MATCHED,,Relative Position: 排名变化2，同月分位10.6%
2025-08,ID:15251,四川宜初霁,负责人 B,KEY,WATCHLIST,822242.81,567089.05,255153.76,0.0,0.4499359668468294,2.0,-1.0,0.0472582530905521,Scale / Impact,NO_ALERT,MISSING,NAME_MATCHED,0.040406050955414,Scale / Impact: GMV损失0.00，上月区域占比4.7%
2025-08,ID:15504,多多医生,负责人 B,MID,NO_PRIORITY,185549.64,142298.91,43250.73000000001,0.0,0.3039428060271159,20.0,-8.0,0.01185845133721,,NO_ALERT,MISSING,NAME_MATCHED,0.0296643247462919,
2025-08,ID:15756,四川瑾辉医疗器械,负责人 B,MID,NO_PRIORITY,21260.5,32333.72,-11073.22,11073.22,-0.3424666261723056,59.0,4.0,0.0026945241194818,,NO_ALERT,MISSING,NAME_MATCHED,0.0151515151515151,
2025-08,ID:15847,成都市嘉乐康健医疗器械,负责人 B,MID,PRIORITY,5573.35,6226.22,-652.8699999999999,652.8699999999999,-0.1048581643436948,68.0,-2.0,0.0005188608042378,Trend,NO_ALERT,MISSING,NAME_MATCHED,0.0125,Trend: GMV环比-10.5%，连续下降5个月
2025-08,ID:16025,四川微至,负责人 B,KEY,WATCHLIST,973355.96,733254.01,240101.94999999995,0.0,0.3274471693649516,1.0,0.0,0.0611055769534648,Scale / Impact,NO_ALERT,MISSING,NAME_MATCHED,0.0073820195096229,Scale / Impact: GMV损失0.00，上月区域占比6.1%
2025-08,ID:16163,济郎中医药科技,负责人 B,KEY,WATCHLIST,264156.58,258360.94,5795.640000000014,0.0,0.0224323382628968,14.0,-4.0,0.021530457502632,Scale / Impact,NO_ALERT,MISSING,NAME_MATCHED,0.0123203285420944,Scale / Impact: GMV损失0.00，上月区域占比2.2%
2025-08,ID:16231,非药易,负责人 B,MID,WATCHLIST,8673.1,9211.57,-538.4699999999993,538.4699999999993,-0.0584558332618652,66.0,-1.0,0.00076764435219,Service,NO_ALERT,MISSING,ID_MATCHED,0.0143540669856459,Service: 售后率1.4%，环比变化226.6%
2025-08,ID:16711,鑫宇豪旗舰店,负责人 B,MID,WATCHLIST,47583.9,71641.77,-24057.870000000003,24057.870000000003,-0.335807867393561,48.0,8.0,0.0059702526411242,Relative Position,NO_ALERT,MISSING,ID_MATCHED,0.0083102493074792,Relative Position: 排名变化8，同月分位52.5%
2025-08,ID:16854,成都原数生物,负责人 B,LONG_TAIL,WATCHLIST,0.0,0.0,0.0,0.0,,80.0,2.0,0.0,Relative Position,NO_ALERT,MISSING,ID_MATCHED,,Relative Position: 排名变化2，同月分位10.6%
2025-08,ID:17301,四川牙易,负责人 B,LONG_TAIL,WATCHLIST,0.0,0.0,0.0,0.0,,80.0,2.0,0.0,Relative Position,NO_ALERT,MISSING,ID_MATCHED,,Relative Position: 排名变化2，同月分位10.6%
2025-08,ID:17386,保和堂,负责人 B,KEY,PRIORITY,175397.02,187576.21,-12179.190000000002,12179.190000000002,-0.0649292892739437,21.0,-1.0,0.0156316261192956,Trend,NO_ALERT,MISSING,NAME_MATCHED,0.0183578104138851,Trend: GMV环比-6.5%，连续下降3个月
2025-08,ID:17613,远聚隆创旗舰店,负责人 B,KEY,WATCHLIST,813989.34,578285.84,235703.5,0.0,0.407589955859891,3.0,1.0,0.0481913353562417,Scale / Impact,NO_ALERT,MISSING,NAME_MATCHED,0.0182730204227875,Scale / Impact: GMV损失0.00，上月区域占比4.8%
2025-08,ID:17614,成都铸盛医疗器械,负责人 B,LONG_TAIL,NO_PRIORITY,3145.0,0.0,3145.0,0.0,,73.0,-5.0,0.0,,NO_ALERT,MISSING,ID_MATCHED,0.0,
2025-08,ID:17716,致呈优选,负责人 B,MID,NO_PRIORITY,35800.08,25053.57,10746.510000000002,0.0,0.4289412646580908,55.0,-3.0,0.0020878342685013,,NO_ALERT,MISSING,NAME_MATCHED,0.0034965034965034,
2025-08,ID:17859,四川亦辰美唯网络科技,负责人 B,MID,NO_PRIORITY,50579.74,53188.59,-2608.8499999999985,2608.8499999999985,-0.0490490535658117,43.0,-3.0,0.0044324605593241,,NO_ALERT,MISSING,NAME_MATCHED,0.0376749192680301,
2025-08,ID:17862,【已退店】医道彤行,负责人 B,LONG_TAIL,WATCHLIST,0.0,0.0,0.0,0.0,,80.0,2.0,0.0,Relative Position,NO_ALERT,MISSING,ID_MATCHED,,Relative Position: 排名变化2，同月分位10.6%
2025-08,ID:18090,天启明,负责人 B,MID,PRIORITY,6502.22,7117.7,-615.4799999999996,615.4799999999996,-0.0864717535158828,67.0,-1.0,0.0005931521125696,Trend|Service,NO_ALERT,MISSING,ID_MATCHED,0.0606060606060606,Trend: GMV环比-8.6%，连续下降4个月；Service: 售后率6.1%，环比变化49.5%
2025-08,ID:18134,四川奇力康健康科技,负责人 B,MID,NO_PRIORITY,81015.49,72841.35,8174.139999999999,0.0,0.1122184034205846,35.0,-4.0,0.0060702194016221,,NO_ALERT,MISSING,NAME_MATCHED,0.0160692212608158,
2025-08,ID:18152,亦蓝辰美,负责人 B,MID,NO_PRIORITY,41135.31,45738.13,-4602.82,4602.82,-0.1006341973316355,52.0,3.0,0.0038115779583974,,NO_ALERT,MISSING,NAME_MATCHED,0.0437062937062937,
2025-08,ID:18517,聚药汇,负责人 B,KEY,WATCHLIST,556895.37,460342.17,96553.2,0.0,0.209742244556913,5.0,-4.0,0.0383625230960004,Scale / Impact,NO_ALERT,MISSING,NAME_MATCHED,0.0530511269928532,Scale / Impact: GMV损失0.00，上月区域占比3.8%
2025-08,ID:18716,【已退店】悦美康宸,负责人 B,LONG_TAIL,WATCHLIST,0.0,0.0,0.0,0.0,,80.0,2.0,0.0,Relative Position,NO_ALERT,MISSING,ID_MATCHED,,Relative Position: 排名变化2，同月分位10.6%
2025-08,ID:19233,成都至本生物科技,负责人 B,MID,NO_PRIORITY,5192.67,6714.12,-1521.4499999999998,1521.4499999999998,-0.2266045289628424,69.0,0.0,0.0005595198536108,,NO_ALERT,MISSING,NAME_MATCHED,0.032258064516129,
2025-08,ID:19239,有识医药,负责人 B,MID,NO_PRIORITY,28898.62,22330.19,6568.43,0.0,0.2941502065141408,57.0,-3.0,0.0018608819383483,,NO_ALERT,MISSING,NAME_MATCHED,0.0479041916167664,
2025-08,ID:19273,鑫众维医药,负责人 B,MID,NO_PRIORITY,37398.7,47428.95,-10030.25,10030.25,-0.2114794866848202,53.0,5.0,0.0039524821065036,,NO_ALERT,MISSING,NAME_MATCHED,0.0163265306122449,
2025-08,ID:1957,臻品堂医药,负责人 B,MID,PRIORITY,107458.71,127185.58,-19726.869999999995,19726.869999999995,-0.155103039196739,31.0,2.0,0.0105989849902915,Trend,NO_ALERT,MISSING,NAME_MATCHED,0.0159235668789808,Trend: GMV环比-15.5%，连续下降3个月
2025-08,ID:1970,成都诚美,负责人 B,KEY,WATCHLIST,525131.86,459840.17,65291.69,0.0,0.1419877911057661,8.0,-2.0,0.0383206890259343,Scale / Impact,NO_ALERT,MISSING,NAME_MATCHED,0.0186246418338108,Scale / Impact: GMV损失0.00，上月区域占比3.8%
2025-08,ID:19743,梦方迪,负责人 B,MID,PRIORITY,18494.66,49804.96,-31310.3,31310.3,-0.6286582701803194,60.0,13.0,0.004150486426858,Trend|Relative Position|Service,NO_ALERT,MISSING,ID_MATCHED,0.0416666666666666,Trend: GMV环比-62.9%；Relative Position: 排名变化13，同月分位40.4%；Service: 售后率4.2%，环比变化437.5%
2025-08,ID:20204,四川永瑞康健医药科技,负责人 B,KEY,NO_PRIORITY,150535.57,177451.54,-26915.97,26915.97,-0.1516806785672302,23.0,-2.0,0.0147878887603776,,NO_ALERT,MISSING,NAME_MATCHED,0.0028846153846153,
2025-08,ID:2021,榕庆商贸,负责人 B,MID,NO_PRIORITY,48137.04,60155.35,-12018.309999999998,12018.309999999998,-0.1997878825407881,47.0,4.0,0.0050130341170416,,NO_ALERT,MISSING,NAME_MATCHED,0.0216867469879518,
2025-08,ID:20230,四川多多邦健康管理,负责人 B,KEY,ATTENTION,119238.2,241605.6,-122367.4,122367.4,-0.5064758432751559,30.0,11.0,0.0201341545792406,Scale / Impact|Relative Position,NO_ALERT,MISSING,NAME_MATCHED,,Scale / Impact: GMV损失122367.40，上月区域占比2.0%；Relative Position: 排名变化11，同月分位70.7%
2025-08,ID:2080,深圳亿乐康,负责人 B,KEY,WATCHLIST,425356.18,426848.08,-1491.9000000000233,1491.9000000000233,-0.0034951545289837,10.0,-1.0,0.035571299773565,Scale / Impact,NO_ALERT,MISSING,ID_MATCHED,0.0067340067340067,Scale / Impact: GMV损失1491.90，上月区域占比3.6%
2025-08,ID:2084,鲁鸿医疗,负责人 B,KEY,WATCHLIST,622207.73,509469.08,112738.64999999997,0.0,0.2212865400977817,4.0,-2.0,0.0424565043610888,Scale / Impact,NO_ALERT,MISSING,NAME_MATCHED,0.0151043980453131,Scale / Impact: GMV损失0.00，上月区域占比4.2%
2025-08,ID:21117,四川赤泉甘木生物科技,,LONG_TAIL,NO_PRIORITY,2950.0,0.0,2950.0,0.0,,74.0,-4.0,0.0,,NO_ALERT,MISSING,ID_MATCHED,0.0,
2025-08,ID:2116,锦仁堂,负责人 B,MID,ATTENTION,51703.02,110773.5,-59070.48,59070.48,-0.5332546141450798,42.0,11.0,0.0092312875706668,Scale / Impact|Relative Position,NO_ALERT,MISSING,NAME_MATCHED,0.0266666666666666,Scale / Impact: GMV损失59070.48，上月区域占比0.9%；Relative Position: 排名变化11，同月分位58.6%
2025-08,ID:21206,四川共创盛世商贸,,MID,NO_PRIORITY,126189.06,94487.05,31702.009999999995,0.0,0.3355169835443057,29.0,-4.0,0.0078740595020828,,NO_ALERT,MISSING,NAME_MATCHED,0.0103448275862069,
2025-08,ID:2170,康爱多医药,负责人 B,MID,NO_PRIORITY,146285.64,168243.93,-21958.28999999998,21958.28999999998,-0.1305146045982163,24.0,-2.0,0.0140205744139992,,NO_ALERT,MISSING,NAME_MATCHED,0.0161834120026972,
2025-08,ID:2182,舒力特,负责人 B,MID,NO_PRIORITY,41540.24,41583.26,-43.02000000000408,43.02000000000408,-0.001034550922655,51.0,0.0,0.0034653326940631,,NO_ALERT,MISSING,NAME_MATCHED,0.0132450331125827,
2025-08,ID:21964,四川承泰仁商贸,,MID,NO_PRIORITY,50251.62,9922.95,40328.67,0.0,4.064181518600819,45.0,-21.0,0.0008269270628746,,NO_ALERT,MISSING,NAME_MATCHED,0.0178217821782178,
2025-08,ID:22033,重庆铃宇消费品供应链,,LONG_TAIL,NO_PRIORITY,1065.6,632.1,433.4999999999999,0.0,0.6858092074038915,77.0,1.0,5.267592766698282e-05,,NO_ALERT,MISSING,NAME_MATCHED,0.0,
2025-08,ID:2205,成都墨芑,负责人 B,KEY,WATCHLIST,434866.68,513429.45,-78562.77000000002,78562.77000000002,-0.1530157064422386,9.0,4.0,0.0427865410066425,Scale / Impact,NO_ALERT,MISSING,ID_MATCHED,0.0202357126973537,Scale / Impact: GMV损失78562.77，上月区域占比4.3%
2025-08,ID:2245,蒙特生物,负责人 B,MID,NO_PRIORITY,77655.86,102557.11,-24901.25,24901.25,-0.2428037412520691,36.0,4.0,0.0085465763456649,,NO_ALERT,MISSING,NAME_MATCHED,0.0035211267605633,
2025-08,ID:22679,江西古戈尔商贸,,LONG_TAIL,WATCHLIST,0.0,0.0,0.0,0.0,,80.0,2.0,0.0,Relative Position,NO_ALERT,MISSING,NAME_MATCHED,,Relative Position: 排名变化2，同月分位10.6%
2025-08,ID:22862,四川众恩德科技,,LONG_TAIL,WATCHLIST,0.0,0.0,0.0,0.0,,80.0,2.0,0.0,Relative Position,NO_ALERT,MISSING,NAME_MATCHED,,Relative Position: 排名变化2，同月分位10.6%
2025-08,ID:22917,成都天蕊贸易,,LONG_TAIL,WATCHLIST,0.0,0.0,0.0,0.0,,80.0,2.0,0.0,Relative Position,NO_ALERT,MISSING,NAME_MATCHED,,Relative Position: 排名变化2，同月分位10.6%
2025-08,ID:22940,四川壹贝佳健康咨询,,LONG_TAIL,WATCHLIST,0.0,0.0,0.0,0.0,,80.0,2.0,0.0,Relative Position,NO_ALERT,MISSING,NAME_MATCHED,,Relative Position: 排名变化2，同月分位10.6%
2025-08,ID:23028,重庆小橘灯商贸,,LONG_TAIL,WATCHLIST,0.0,0.0,0.0,0.0,,80.0,2.0,0.0,Relative Position,NO_ALERT,MISSING,NAME_MATCHED,,Relative Position: 排名变化2，同月分位10.6%
2025-08,ID:23497,重庆赛迪亨商贸,,LONG_TAIL,WATCHLIST,0.0,0.0,0.0,0.0,,80.0,2.0,0.0,Relative Position,NO_ALERT,MISSING,NAME_MATCHED,,Relative Position: 排名变化2，同月分位10.6%
2025-08,ID:23871,好品惠,,LONG_TAIL,WATCHLIST,0.0,0.0,0.0,0.0,,80.0,2.0,0.0,Relative Position,NO_ALERT,MISSING,NAME_MATCHED,,Relative Position: 排名变化2，同月分位10.6%
2025-08,ID:24075,好尔思健康,,LONG_TAIL,WATCHLIST,0.0,0.0,0.0,0.0,,80.0,2.0,0.0,Relative Position,NO_ALERT,MISSING,NAME_MATCHED,,Relative Position: 排名变化2，同月分位10.6%
2025-08,ID:24236,重庆即美购供应链管理,,UNAVAILABLE,DATA_QUALITY_ALERT,,,,,,,,,,NO_ALERT,MISSING,NAME_MATCHED,,
2025-08,ID:24287,四川美恩堂医药,,UNAVAILABLE,DATA_QUALITY_ALERT,,,,,,,,,,NO_ALERT,MISSING,NAME_MATCHED,,
2025-08,ID:24447,成都德善堂生物科技,,UNAVAILABLE,DATA_QUALITY_ALERT,,,,,,,,,,NO_ALERT,MISSING,NAME_MATCHED,,
2025-08,ID:24474,成都三合力医疗用品,,UNAVAILABLE,DATA_QUALITY_ALERT,,,,,,,,,,NO_ALERT,MISSING,NAME_MATCHED,,
2025-08,ID:24489,成都喜之安健康咨询,,UNAVAILABLE,DATA_QUALITY_ALERT,,,,,,,,,,NO_ALERT,MISSING,NAME_MATCHED,,
2025-08,ID:24491,四川蓝漂日用品,,UNAVAILABLE,DATA_QUALITY_ALERT,,,,,,,,,,NO_ALERT,MISSING,NAME_MATCHED,,
2025-08,ID:24513,成都瑞舒达健康管理,,UNAVAILABLE,DATA_QUALITY_ALERT,,,,,,,,,,NO_ALERT,MISSING,NAME_MATCHED,,
2025-08,ID:24713,四川蜀妈妈生物科技,,UNAVAILABLE,DATA_QUALITY_ALERT,,,,,,,,,,NO_ALERT,MISSING,NAME_MATCHED,,
2025-08,ID:24732,四川康福达医疗科技,,UNAVAILABLE,DATA_QUALITY_ALERT,,,,,,,,,,NO_ALERT,MISSING,NAME_MATCHED,,
2025-08,ID:24857,四川汇天美优贸易,,UNAVAILABLE,DATA_QUALITY_ALERT,,,,,,,,,,NO_ALERT,MISSING,NAME_MATCHED,,
2025-08,ID:24874,陕西商玺伟康医药用品,,UNAVAILABLE,DATA_QUALITY_ALERT,,,,,,,,,,NO_ALERT,MISSING,NAME_MATCHED,,
2025-08,ID:24989,盛弘康品,,UNAVAILABLE,DATA_QUALITY_ALERT,,,,,,,,,,NO_ALERT,MISSING,NAME_MATCHED,,
2025-08,ID:25025,成都御养集商贸,,UNAVAILABLE,DATA_QUALITY_ALERT,,,,,,,,,,NO_ALERT,MISSING,NAME_MATCHED,,
2025-08,ID:2563,成都天然堂,负责人 B,MID,NO_PRIORITY,84786.83,45187.72,39599.11,0.0,0.8763245855289887,34.0,-16.0,0.0037657096506183,,NO_ALERT,MISSING,NAME_MATCHED,0.0355329949238578,
2025-08,ID:2837,四川多乐士,负责人 B,KEY,WATCHLIST,335508.73,360221.5,-24712.77000000002,24712.77000000002,-0.0686043725874219,12.0,-2.0,0.0300189869927101,Scale / Impact,NO_ALERT,MISSING,NAME_MATCHED,0.0172732880937692,Scale / Impact: GMV损失24712.77，上月区域占比3.0%
2025-08,ID:3001,华药天康,负责人 B,MID,PRIORITY,50321.83,53320.48,-2998.650000000001,2998.650000000001,-0.0562382409160607,44.0,-1.0,0.0044434515862186,Trend,NO_ALERT,MISSING,NAME_MATCHED,0.0234806629834254,Trend: GMV环比-5.6%，连续下降3个月
2025-08,ID:3279,四川朝利,负责人 B,MID,WATCHLIST,14842.71,14568.37,274.3399999999983,0.0,0.0188312076093617,62.0,0.0,0.0012140522138045,Service,NO_ALERT,MISSING,NAME_MATCHED,0.0225563909774436,Service: 售后率2.3%，环比变化218.0%
2025-08,ID:3314,上品康健,负责人 B,MID,NO_PRIORITY,90050.4,60775.14,29275.259999999995,0.0,0.481697944258129,32.0,-10.0,0.0050646841933092,,NO_ALERT,MISSING,NAME_MATCHED,0.014,
2025-08,ID:3787,蓉易购,负责人 B,MID,NO_PRIORITY,16888.74,10343.31,6545.430000000002,0.0,0.632817734361631,61.0,-3.0,0.000861957679793,,NO_ALERT,MISSING,NAME_MATCHED,0.032258064516129,
2025-08,ID:4216,壹药师,负责人 B,KEY,WATCHLIST,532543.4,485568.96,46974.44,0.0,0.0967410272682998,7.0,0.0,0.0404647926187186,Scale / Impact,NO_ALERT,MISSING,NAME_MATCHED,0.0259646592138478,Scale / Impact: GMV损失0.00，上月区域占比4.0%
2025-08,ID:4930,大圣旗舰店,负责人 B,KEY,WATCHLIST,259935.36,389822.38,-129887.02000000002,129887.02000000002,-0.3331953901671833,15.0,2.0,0.0324857704348221,Scale / Impact,NO_ALERT,MISSING,NAME_MATCHED,0.0103036876355748,Scale / Impact: GMV损失129887.02，上月区域占比3.2%
2025-08,ID:5293,成都利民康,负责人 B,MID,NO_PRIORITY,12463.86,10322.35,2141.51,0.0,0.2074634167607183,64.0,-1.0,0.0008602109823655,,NO_ALERT,MISSING,NAME_MATCHED,0.0083333333333333,
2025-08,ID:5379,四川长生康,负责人 B,MID,NO_PRIORITY,58385.1,87323.09,-28937.99,28937.99,-0.3313898992809347,41.0,6.0,0.0072770523216222,,NO_ALERT,MISSING,NAME_MATCHED,0.0077669902912621,
2025-08,ID:5504,亿辰科技,负责人 B,MID,NO_PRIORITY,74907.76,93419.82,-18512.06000000001,18512.06000000001,-0.1981598765658081,38.0,4.0,0.0077851221024878,,NO_ALERT,MISSING,NAME_MATCHED,0.0435897435897435,
2025-08,ID:6256,四川锐源通,负责人 B,MID,NO_PRIORITY,47579.92,54267.98,-6688.060000000005,6688.060000000005,-0.1232413662716026,49.0,5.0,0.0045224113100985,,NO_ALERT,MISSING,NAME_MATCHED,0.0193704600484261,
2025-08,ID:6326,成都福美康,负责人 B,LONG_TAIL,WATCHLIST,0.0,0.0,0.0,0.0,,80.0,2.0,0.0,Relative Position,NO_ALERT,MISSING,ID_MATCHED,,Relative Position: 排名变化2，同月分位10.6%
2025-08,ID:7119,鑫强劲,负责人 B,MID,WATCHLIST,28880.28,24307.92,4572.360000000001,0.0,0.1881016557566424,58.0,-1.0,0.0020256956741889,Service,NO_ALERT,MISSING,NAME_MATCHED,0.0173410404624277,Service: 售后率1.7%，环比变化338.7%
2025-08,ID:720,丽康琴保健品,负责人 B,MID,NO_PRIORITY,89271.63,73174.31,16097.320000000009,0.0,0.2199859486204927,33.0,-5.0,0.0060979665569393,,NO_ALERT,MISSING,NAME_MATCHED,0.0141987829614604,
2025-08,ID:7201,恒生医疗,负责人 B,KEY,WATCHLIST,348373.46,398119.6,-49746.13999999996,49746.13999999996,-0.1249527528913421,11.0,-1.0,0.0331772176117831,Scale / Impact,NO_ALERT,MISSING,NAME_MATCHED,0.0104399701715138,Scale / Impact: GMV损失49746.14，上月区域占比3.3%
2025-08,ID:7370,乐宜堂,负责人 B,MID,NO_PRIORITY,130109.47,124097.77,6011.699999999997,0.0,0.0484432556684941,28.0,-2.0,0.010341662958636,,NO_ALERT,MISSING,NAME_MATCHED,0.0166666666666666,
2025-08,ID:8187,四川吉瑞兴,负责人 B,KEY,WATCHLIST,537408.84,485004.88,52403.95999999996,0.0,0.1080483148953057,6.0,-2.0,0.0404177851242108,Scale / Impact,NO_ALERT,MISSING,ID_MATCHED,0.0070671378091872,Scale / Impact: GMV损失0.00，上月区域占比4.0%
2025-08,ID:8188,康晟旗舰店,负责人 B,MID,NO_PRIORITY,266183.82,145300.14,120883.68,0.0,0.8319584550985291,13.0,-14.0,0.0121085582418011,,NO_ALERT,MISSING,ID_MATCHED,0.0139712108382726,
2025-08,ID:8235,福信美商贸,负责人 B,KEY,PRIORITY,198480.22,291798.37,-93318.15,93318.15,-0.3198035342006879,19.0,2.0,0.0243169590752467,Trend|Scale / Impact,NO_ALERT,MISSING,NAME_MATCHED,0.0120385232744783,Trend: GMV环比-32.0%，连续下降5个月；Scale / Impact: GMV损失93318.15，上月区域占比2.4%
2025-08,ID:8521,聚美健,负责人 B,KEY,NO_PRIORITY,165069.64,183244.43,-18174.78999999998,18174.78999999998,-0.099183314876201,22.0,-1.0,0.015270638095329,,NO_ALERT,MISSING,NAME_MATCHED,0.0264663805436337,
2025-08,ID:8913,【2024/10/31关店】活玉旗舰店,负责人 B,LONG_TAIL,WATCHLIST,0.0,0.0,0.0,0.0,,80.0,2.0,0.0,Relative Position,NO_ALERT,MISSING,ID_MATCHED,,Relative Position: 排名变化2，同月分位10.6%
2025-08,ID:8930,惠仁棠,负责人 B,LONG_TAIL,WATCHLIST,0.0,0.0,0.0,0.0,,80.0,2.0,0.0,Relative Position,NO_ALERT,MISSING,ID_MATCHED,,Relative Position: 排名变化2，同月分位10.6%
2025-08,ID:9348,平康购,负责人 B,MID,NO_PRIORITY,1374.36,2503.2,-1128.84,1128.84,-0.4509587727708533,76.0,2.0,0.0002086036736845,,NO_ALERT,MISSING,ID_MATCHED,0.0425531914893617,
2025-08,ID:960,【退店公示中】欣乐士(原亮剑),负责人 B,LONG_TAIL,WATCHLIST,0.0,0.0,0.0,0.0,,80.0,2.0,0.0,Relative Position,NO_ALERT,MISSING,ID_MATCHED,,Relative Position: 排名变化2，同月分位10.6%
2025-08,NAME:内蒙古康依商贸,内蒙古康依商贸,,UNAVAILABLE,DATA_QUALITY_ALERT,,,,,,,,,,DATA_QUALITY_ALERT,UNRESOLVED_MERCHANT,UNRESOLVED,,
2025-08,NAME:四川聚俊仁信医疗器械,四川聚俊仁信医疗器械,,UNAVAILABLE,DATA_QUALITY_ALERT,,,,,,,,,,DATA_QUALITY_ALERT,UNRESOLVED_MERCHANT,UNRESOLVED,,
2025-08,NAME:成都八百供应链管理,成都八百供应链管理,,UNAVAILABLE,DATA_QUALITY_ALERT,,,,,,,,,,DATA_QUALITY_ALERT,UNRESOLVED_MERCHANT,UNRESOLVED,,
2025-08,NAME:湛江市远潮食品,湛江市远潮食品,,UNAVAILABLE,DATA_QUALITY_ALERT,,,,,,,,,,DATA_QUALITY_ALERT,UNRESOLVED_MERCHANT,UNRESOLVED,,
2025-08,NAME:燊楠贸易,燊楠贸易,,UNAVAILABLE,DATA_QUALITY_ALERT,,,,,,,,,,DATA_QUALITY_ALERT,UNRESOLVED_MERCHANT,UNRESOLVED,,
2025-08,NAME:重庆和煜医疗器械,重庆和煜医疗器械,,UNAVAILABLE,DATA_QUALITY_ALERT,,,,,,,,,,DATA_QUALITY_ALERT,UNRESOLVED_MERCHANT,UNRESOLVED,,
2025-09,ID:11125,药悦网,负责人 B,MID,PRIORITY,7363.69,14309.44,-6945.750000000001,6945.750000000001,-0.4853963537357157,70.0,7.0,0.0011971241686638,Trend,NO_ALERT,MISSING,ID_MATCHED,0.0405405405405405,Trend: GMV环比-48.5%，连续下降6个月
2025-09,ID:1140,都尔东康,负责人 B,MID,WATCHLIST,21033.3,10524.84,10508.46,0.0,0.9984436818041889,61.0,-4.0,0.0008805054799712,Service,NO_ALERT,MISSING,NAME_MATCHED,0.0510204081632653,Service: 售后率5.1%，环比变化221.4%
2025-09,ID:1142,普宁普慈,负责人 B,KEY,NO_PRIORITY,134313.87,144887.29,-10573.420000000013,10573.420000000013,-0.0729768636020454,27.0,2.0,0.0121212344152678,,NO_ALERT,MISSING,NAME_MATCHED,0.0279173646007816,
2025-09,ID:11628,子钦医疗,,LONG_TAIL,WATCHLIST,64.0,845.0,-781.0,781.0,-0.9242603550295858,80.0,2.0,7.069248849158078e-05,Trend,NO_ALERT,MISSING,NAME_MATCHED,0.0,Trend: GMV环比-92.4%
2025-09,ID:11854,诺和堂,负责人 B,KEY,NO_PRIORITY,593530.84,225402.94,368127.9,0.0,1.6331991942962234,4.0,-13.0,0.0188571535407319,,NO_ALERT,MISSING,NAME_MATCHED,0.0224244393890152,
2025-09,ID:11860,一玖堂,负责人 B,MID,NO_PRIORITY,37098.01,37019.85,78.16000000000349,0.0,0.0021112997486485,53.0,-1.0,0.003097071384716,,NO_ALERT,MISSING,NAME_MATCHED,0.0099502487562189,
2025-09,ID:11905,贰美医疗,负责人 B,MID,NO_PRIORITY,42732.23,50031.09,-7298.859999999993,7298.859999999993,-0.145886487781897,50.0,4.0,0.0041855884663269,,NO_ALERT,MISSING,NAME_MATCHED,0.0145328719723183,
2025-09,ID:11908,药精采,负责人 B,MID,NO_PRIORITY,38577.93,29398.79,9179.14,0.0,0.3122284964789366,52.0,-4.0,0.0024594954127117,,NO_ALERT,MISSING,NAME_MATCHED,0.0412371134020618,
2025-09,ID:11984,四川北尘,负责人 B,MID,NO_PRIORITY,73251.71,63355.03,9896.680000000008,0.0,0.1562098542136276,37.0,-3.0,0.0053002659516671,,NO_ALERT,MISSING,NAME_MATCHED,0.0214168039538715,
2025-09,ID:12380,纽瑞特,负责人 B,LONG_TAIL,NO_PRIORITY,735.8,656.8,79.0,0.0,0.1202801461632157,78.0,-1.0,5.49477235991364e-05,,NO_ALERT,MISSING,ID_MATCHED,0.0,
2025-09,ID:12382,四川奥慈,负责人 B,MID,NO_PRIORITY,88424.76,73075.9,15348.86,0.0,0.2100399721385573,32.0,-7.0,0.0061135115026768,,NO_ALERT,MISSING,NAME_MATCHED,0.0136546184738955,
2025-09,ID:1257,辉莹医疗,负责人 B,LONG_TAIL,WATCHLIST,0.0,0.0,0.0,0.0,,81.0,1.0,0.0,Relative Position,NO_ALERT,MISSING,ID_MATCHED,,Relative Position: 排名变化1，同月分位10.1%
2025-09,ID:12642,九之堂旗舰店,负责人 B,MID,WATCHLIST,62855.75,46220.74,16635.010000000002,0.0,0.3599035844082117,41.0,-9.0,0.0038668155390797,Service,NO_ALERT,MISSING,NAME_MATCHED,0.0219560878243513,Service: 售后率2.2%，环比变化317.2%
2025-09,ID:12823,众维器械,负责人 B,LONG_TAIL,WATCHLIST,0.0,0.0,0.0,0.0,,81.0,1.0,0.0,Relative Position,NO_ALERT,MISSING,ID_MATCHED,,Relative Position: 排名变化1，同月分位10.1%
2025-09,ID:12947,江西省战狼商贸,负责人 B,MID,ATTENTION,71899.79,141730.11,-69830.31999999999,69830.31999999999,-0.49269925776534,38.0,12.0,0.0118571055267283,Scale / Impact|Relative Position|Service,NO_ALERT,MISSING,NAME_MATCHED,0.024793388429752,Scale / Impact: GMV损失69830.32，上月区域占比1.2%；Relative Position: 排名变化12，同月分位62.6%；Service: 售后率2.5%，环比变化188.4%
2025-09,ID:12980,有之源旗舰店,负责人 B,MID,NO_PRIORITY,10560.82,5157.9,5402.92,0.0,1.0475038290777254,66.0,-4.0,0.0004315086229476,,NO_ALERT,MISSING,NAME_MATCHED,0.0,
2025-09,ID:13094,四川唤初新材料,负责人 B,LONG_TAIL,WATCHLIST,0.0,0.0,0.0,0.0,,81.0,1.0,0.0,Relative Position,NO_ALERT,MISSING,ID_MATCHED,,Relative Position: 排名变化1，同月分位10.1%
2025-09,ID:13249,成都锦莱源商贸,负责人 B,LONG_TAIL,ATTENTION,0.0,1704.88,-1704.88,1704.88,-1.0,81.0,6.0,0.0001426298340586,Trend|Relative Position,NO_ALERT,MISSING,ID_MATCHED,,Trend: GMV环比-100.0%；Relative Position: 排名变化6，同月分位10.1%
2025-09,ID:1350,希尔康,负责人 B,KEY,NO_PRIORITY,263374.36,228180.48,35193.879999999976,0.0,0.154237032019566,17.0,1.0,0.0190895218418974,,NO_ALERT,MISSING,NAME_MATCHED,0.0159515951595159,
2025-09,ID:13778,众维堂器械,负责人 B,MID,NO_PRIORITY,76119.55,75951.75,167.8000000000029,0.0,0.0022092973499623,36.0,-1.0,0.0063541043938348,,NO_ALERT,MISSING,NAME_MATCHED,0.0018796992481203,
2025-09,ID:14256,四川瑞锦医药科技,负责人 B,MID,WATCHLIST,8914.52,3401.2,5513.320000000001,0.0,1.6209925908502885,67.0,-5.0,0.0002845435406598,Service,NO_ALERT,MISSING,NAME_MATCHED,0.08,Service: 售后率8.0%，环比变化204.0%
2025-09,ID:14726,四川然柠安,负责人 B,KEY,NO_PRIORITY,193449.31,198822.55,-5373.239999999991,5373.239999999991,-0.0270253047252436,21.0,3.0,0.0166334447665582,,NO_ALERT,MISSING,ID_MATCHED,0.0076687116564417,
2025-09,ID:14782,四川弗佑斯贸易,负责人 B,MID,NO_PRIORITY,123017.4,141134.23,-18116.830000000016,18116.830000000016,-0.1283659534614672,28.0,1.0,0.0118072543550806,,NO_ALERT,MISSING,NAME_MATCHED,0.0182529335071707,
2025-09,ID:1513,长盛医药科技,负责人 B,MID,WATCHLIST,7749.3,4589.2,3160.1000000000004,0.0,0.688594962084895,68.0,-3.0,0.0003839313232965,Service,NO_ALERT,MISSING,NAME_MATCHED,0.0909090909090909,Service: 售后率9.1%，环比变化-12.7%
2025-09,ID:15134,【退店公示中】成都宝和堂科技,负责人 B,LONG_TAIL,WATCHLIST,0.0,0.0,0.0,0.0,,81.0,1.0,0.0,Relative Position,NO_ALERT,MISSING,ID_MATCHED,,Relative Position: 排名变化1，同月分位10.1%
2025-09,ID:15251,四川宜初霁,负责人 B,KEY,ATTENTION,607361.02,822242.81,-214881.79000000004,214881.79000000004,-0.2613361739216667,3.0,1.0,0.0687886276724379,Scale / Impact|Service,NO_ALERT,MISSING,NAME_MATCHED,0.0666517055655296,Scale / Impact: GMV损失214881.79，上月区域占比6.9%；Service: 售后率6.7%，环比变化65.0%
2025-09,ID:15504,多多医生,负责人 B,KEY,NO_PRIORITY,240568.68,185549.64,55019.03999999998,0.0,0.2965192495118824,18.0,-2.0,0.0155230364382449,,NO_ALERT,MISSING,NAME_MATCHED,0.0402730375426621,
2025-09,ID:15756,四川瑾辉医疗器械,负责人 B,MID,NO_PRIORITY,25969.96,21260.5,4709.459999999999,0.0,0.2215121939747417,59.0,0.0,0.001778648108373,,NO_ALERT,MISSING,NAME_MATCHED,0.01,
2025-09,ID:15847,成都市嘉乐康健医疗器械,负责人 B,MID,NO_PRIORITY,7675.96,5573.35,2102.61,0.0,0.3772614316344747,69.0,1.0,0.000466265065958,,NO_ALERT,MISSING,NAME_MATCHED,0.0188679245283018,
2025-09,ID:16025,四川微至,负责人 B,KEY,WATCHLIST,952641.69,973355.96,-20714.27000000002,20714.27000000002,-0.0212812895294749,1.0,0.0,0.0814307159769367,Scale / Impact,NO_ALERT,MISSING,NAME_MATCHED,0.0106132075471698,Scale / Impact: GMV损失20714.27，上月区域占比8.1%
2025-09,ID:16163,济郎中医药科技,负责人 B,KEY,WATCHLIST,355734.43,264156.58,91577.84999999998,0.0,0.3466801773402728,13.0,-1.0,0.0220992733628702,Scale / Impact,NO_ALERT,MISSING,NAME_MATCHED,0.0135384615384615,Scale / Impact: GMV损失0.00，上月区域占比2.2%
2025-09,ID:16231,非药易,负责人 B,MID,NO_PRIORITY,10707.44,8673.1,2034.34,0.0,0.2345574246809099,64.0,-2.0,0.0007255893750725,,NO_ALERT,MISSING,ID_MATCHED,0.0201149425287356,
2025-09,ID:16711,鑫宇豪旗舰店,负责人 B,MID,NO_PRIORITY,36029.0,47583.9,-11554.9,11554.9,-0.2428321343983994,55.0,7.0,0.0039808571634728,,NO_ALERT,MISSING,ID_MATCHED,0.0155038759689922,
2025-09,ID:16854,成都原数生物,负责人 B,LONG_TAIL,WATCHLIST,0.0,0.0,0.0,0.0,,81.0,1.0,0.0,Relative Position,NO_ALERT,MISSING,ID_MATCHED,,Relative Position: 排名变化1，同月分位10.1%
2025-09,ID:17301,四川牙易,负责人 B,LONG_TAIL,WATCHLIST,0.0,0.0,0.0,0.0,,81.0,1.0,0.0,Relative Position,NO_ALERT,MISSING,ID_MATCHED,,Relative Position: 排名变化1，同月分位10.1%
2025-09,ID:17386,保和堂,负责人 B,KEY,PRIORITY,163554.66,175397.02,-11842.359999999986,11842.359999999986,-0.0675174526910433,22.0,1.0,0.0146736707903048,Trend,NO_ALERT,MISSING,NAME_MATCHED,0.0153524075366364,Trend: GMV环比-6.8%，连续下降4个月
2025-09,ID:17613,远聚隆创旗舰店,负责人 B,KEY,WATCHLIST,454867.2,813989.34,-359122.14,359122.14,-0.4411877678889504,9.0,6.0,0.0680981444381295,Scale / Impact,NO_ALERT,MISSING,NAME_MATCHED,0.0184718723761544,Scale / Impact: GMV损失359122.14，上月区域占比6.8%
2025-09,ID:17614,成都铸盛医疗器械,负责人 B,MID,NO_PRIORITY,4795.0,3145.0,1650.0,0.0,0.5246422893481717,73.0,0.0,0.0002631099127881,,NO_ALERT,MISSING,ID_MATCHED,0.0,
2025-09,ID:17716,致呈优选,负责人 B,MID,NO_PRIORITY,40473.1,35800.08,4673.019999999997,0.0,0.1305309932268306,51.0,-4.0,0.0029950257318315,,NO_ALERT,MISSING,NAME_MATCHED,0.0078492935635792,
2025-09,ID:17859,四川亦辰美唯网络科技,负责人 B,MID,PRIORITY,49988.44,50579.74,-591.2999999999956,591.2999999999956,-0.0116904515523408,47.0,4.0,0.0042314883879966,Trend,NO_ALERT,MISSING,NAME_MATCHED,0.0370774263904034,Trend: GMV环比-1.2%，连续下降3个月
2025-09,ID:17862,【已退店】医道彤行,负责人 B,LONG_TAIL,WATCHLIST,0.0,0.0,0.0,0.0,,81.0,1.0,0.0,Relative Position,NO_ALERT,MISSING,ID_MATCHED,,Relative Position: 排名变化1，同月分位10.1%
2025-09,ID:18090,天启明,负责人 B,MID,PRIORITY,5024.39,6502.22,-1477.83,1477.83,-0.2272808363912632,72.0,5.0,0.0005439740976564,Trend,NO_ALERT,MISSING,ID_MATCHED,0.0192307692307692,Trend: GMV环比-22.7%，连续下降5个月
2025-09,ID:18134,四川奇力康健康科技,负责人 B,MID,NO_PRIORITY,63198.68,81015.49,-17816.810000000005,17816.810000000005,-0.2199185612529159,40.0,5.0,0.0067777356147512,,NO_ALERT,MISSING,NAME_MATCHED,0.0224215246636771,
2025-09,ID:18152,亦蓝辰美,负责人 B,MID,NO_PRIORITY,43829.45,41135.31,2694.1399999999994,0.0,0.0654945836071247,49.0,-3.0,0.0034413697381924,,NO_ALERT,MISSING,NAME_MATCHED,0.033434650455927,
2025-09,ID:18517,聚药汇,负责人 B,KEY,ATTENTION,519866.8,556895.37,-37028.57000000001,37028.57000000001,-0.0664910717429739,8.0,3.0,0.0465897272600468,Scale / Impact|Service,NO_ALERT,MISSING,NAME_MATCHED,0.0677160677160677,Scale / Impact: GMV损失37028.57，上月区域占比4.7%；Service: 售后率6.8%，环比变化27.6%
2025-09,ID:18716,【已退店】悦美康宸,负责人 B,LONG_TAIL,WATCHLIST,0.0,0.0,0.0,0.0,,81.0,1.0,0.0,Relative Position,NO_ALERT,MISSING,ID_MATCHED,,Relative Position: 排名变化1，同月分位10.1%
2025-09,ID:19233,成都至本生物科技,负责人 B,MID,NO_PRIORITY,6114.49,5192.67,921.8199999999996,0.0,0.1775233165211731,71.0,2.0,0.0004344174724444,,NO_ALERT,MISSING,NAME_MATCHED,0.0222222222222222,
2025-09,ID:19239,有识医药,负责人 B,MID,WATCHLIST,32538.31,28898.62,3639.6900000000014,0.0,0.1259468445206035,57.0,0.0,0.0024176513157071,Service,NO_ALERT,MISSING,NAME_MATCHED,0.0560344827586206,Service: 售后率5.6%，环比变化17.0%
2025-09,ID:19273,鑫众维医药,负责人 B,MID,NO_PRIORITY,45221.58,37398.7,7822.880000000005,0.0,0.2091751852337113,48.0,-5.0,0.0031287658808876,,NO_ALERT,MISSING,NAME_MATCHED,0.0105633802816901,
2025-09,ID:1957,臻品堂医药,负责人 B,MID,NO_PRIORITY,149033.52,107458.71,41574.80999999998,0.0,0.3868910207464799,25.0,-6.0,0.0089899687810593,,NO_ALERT,MISSING,NAME_MATCHED,0.0198150594451783,
2025-09,ID:1970,成都诚美,负责人 B,KEY,WATCHLIST,409291.44,525131.86,-115840.41999999998,115840.41999999998,-0.2205930144859236,11.0,3.0,0.0439323999640383,Scale / Impact,NO_ALERT,MISSING,NAME_MATCHED,0.0234962406015037,Scale / Impact: GMV损失115840.42，上月区域占比4.4%
2025-09,ID:19743,梦方迪,负责人 B,MID,PRIORITY,0.0,18494.66,-18494.66,18494.66,-1.0,81.0,21.0,0.0015472586262789,Trend|Relative Position,NO_ALERT,MISSING,ID_MATCHED,0.0,Trend: GMV环比-100.0%，连续下降3个月；Relative Position: 排名变化21，同月分位10.1%
2025-09,ID:20204,四川永瑞康健医药科技,负责人 B,KEY,NO_PRIORITY,216178.12,150535.57,65642.54999999999,0.0,0.4360600620836656,20.0,-3.0,0.0125937681062704,,NO_ALERT,MISSING,NAME_MATCHED,0.0023282887077997,
2025-09,ID:2021,榕庆商贸,负责人 B,MID,NO_PRIORITY,36265.02,48137.04,-11872.020000000004,11872.020000000004,-0.2466296224279682,54.0,7.0,0.0040271327174186,,NO_ALERT,MISSING,NAME_MATCHED,0.0432098765432098,
2025-09,ID:20230,四川多多邦健康管理,负责人 B,MID,NO_PRIORITY,94197.78,119238.2,-25040.42,25040.42,-0.2100033378564922,30.0,0.0,0.0099754379659843,,NO_ALERT,MISSING,NAME_MATCHED,,
2025-09,ID:2080,深圳亿乐康,负责人 B,KEY,WATCHLIST,378051.38,425356.18,-47304.79999999999,47304.79999999999,-0.1112122080840578,12.0,2.0,0.0355851915496719,Scale / Impact,NO_ALERT,MISSING,ID_MATCHED,0.0112866817155756,Scale / Impact: GMV损失47304.80，上月区域占比3.6%
2025-09,ID:2084,鲁鸿医疗,负责人 B,KEY,WATCHLIST,554351.32,622207.73,-67856.41000000003,67856.41000000003,-0.1090574847085233,6.0,2.0,0.0520537429495829,Scale / Impact,NO_ALERT,MISSING,NAME_MATCHED,0.0151658767772511,Scale / Impact: GMV损失67856.41，上月区域占比5.2%
2025-09,ID:21117,四川赤泉甘木生物科技,,MID,NO_PRIORITY,1740.0,2950.0,-1210.0,1210.0,-0.4101694915254237,75.0,1.0,0.0002467962615978,,NO_ALERT,MISSING,ID_MATCHED,0.0,
2025-09,ID:2116,锦仁堂,负责人 B,MID,WATCHLIST,51052.82,51703.02,-650.1999999999971,650.1999999999971,-0.0125756677269528,45.0,3.0,0.0043254617116331,Service,NO_ALERT,MISSING,NAME_MATCHED,0.0563725490196078,Service: 售后率5.6%，环比变化111.4%
2025-09,ID:21206,四川共创盛世商贸,,MID,ATTENTION,58450.55,126189.06,-67738.51,67738.51,-0.5368017639564,44.0,15.0,0.0105569451737436,Scale / Impact|Relative Position,NO_ALERT,MISSING,NAME_MATCHED,0.0137457044673539,Scale / Impact: GMV损失67738.51，上月区域占比1.1%；Relative Position: 排名变化15，同月分位56.6%
2025-09,ID:2170,康爱多医药,负责人 B,KEY,NO_PRIORITY,156865.77,146285.64,10580.129999999976,0.0,0.0723251441494869,23.0,-1.0,0.0122382200262526,,NO_ALERT,MISSING,NAME_MATCHED,0.0135048231511254,
2025-09,ID:2182,舒力特,负责人 B,MID,NO_PRIORITY,35878.58,41540.24,-5661.659999999996,5661.659999999996,-0.1362933868461038,56.0,5.0,0.003475246080636,,NO_ALERT,MISSING,NAME_MATCHED,0.0070671378091872,
2025-09,ID:21964,四川承泰仁商贸,,MID,NO_PRIORITY,64964.39,50251.62,14712.769999999997,0.0,0.292782003843856,39.0,-6.0,0.0042040379509269,,NO_ALERT,MISSING,NAME_MATCHED,0.0111464968152866,
2025-09,ID:22033,重庆铃宇消费品供应链,,LONG_TAIL,WATCHLIST,2857.4,1065.6,1791.8000000000002,0.0,1.6814939939939944,74.0,-3.0,8.914782927411654e-05,Service,NO_ALERT,MISSING,NAME_MATCHED,0.08,Service: 售后率8.0%
2025-09,ID:2205,成都墨芑,负责人 B,KEY,WATCHLIST,583271.55,434866.68,148404.87000000005,0.0,0.3412652125934321,5.0,-4.0,0.0363808375991383,Scale / Impact,NO_ALERT,MISSING,ID_MATCHED,0.0231725300189593,Scale / Impact: GMV损失0.00，上月区域占比3.6%
2025-09,ID:2245,蒙特生物,负责人 B,MID,WATCHLIST,82971.72,77655.86,5315.860000000001,0.0,0.0684540741677446,33.0,-3.0,0.0064966698098861,Service,NO_ALERT,MISSING,NAME_MATCHED,0.0119047619047619,Service: 售后率1.2%，环比变化238.1%
2025-09,ID:22679,江西古戈尔商贸,,LONG_TAIL,WATCHLIST,1317.0,0.0,1317.0,0.0,,76.0,-4.0,0.0,Service,NO_ALERT,MISSING,NAME_MATCHED,0.0555555555555555,Service: 售后率5.6%
2025-09,ID:22862,四川众恩德科技,,LONG_TAIL,WATCHLIST,0.0,0.0,0.0,0.0,,81.0,1.0,0.0,Relative Position,NO_ALERT,MISSING,NAME_MATCHED,,Relative Position: 排名变化1，同月分位10.1%
2025-09,ID:22917,成都天蕊贸易,,LONG_TAIL,NO_PRIORITY,21720.86,0.0,21720.86,0.0,,60.0,-20.0,0.0,,NO_ALERT,MISSING,NAME_MATCHED,0.0161290322580645,
2025-09,ID:22940,四川壹贝佳健康咨询,,LONG_TAIL,NO_PRIORITY,107.8,0.0,107.8,0.0,,79.0,-1.0,0.0,,NO_ALERT,MISSING,NAME_MATCHED,0.0,
2025-09,ID:23028,重庆小橘灯商贸,,LONG_TAIL,WATCHLIST,0.0,0.0,0.0,0.0,,81.0,1.0,0.0,Relative Position,NO_ALERT,MISSING,NAME_MATCHED,,Relative Position: 排名变化1，同月分位10.1%
2025-09,ID:23497,重庆赛迪亨商贸,,LONG_TAIL,WATCHLIST,0.0,0.0,0.0,0.0,,81.0,1.0,0.0,Relative Position,NO_ALERT,MISSING,NAME_MATCHED,,Relative Position: 排名变化1，同月分位10.1%
2025-09,ID:23871,好品惠,,LONG_TAIL,WATCHLIST,0.0,0.0,0.0,0.0,,81.0,1.0,0.0,Relative Position,NO_ALERT,MISSING,NAME_MATCHED,,Relative Position: 排名变化1，同月分位10.1%
2025-09,ID:24075,好尔思健康,,LONG_TAIL,WATCHLIST,0.0,0.0,0.0,0.0,,81.0,1.0,0.0,Relative Position,NO_ALERT,MISSING,NAME_MATCHED,,Relative Position: 排名变化1，同月分位10.1%
2025-09,ID:24236,重庆即美购供应链管理,,UNAVAILABLE,DATA_QUALITY_ALERT,,,,,,,,,,NO_ALERT,MISSING,NAME_MATCHED,,
2025-09,ID:24287,四川美恩堂医药,,UNAVAILABLE,DATA_QUALITY_ALERT,,,,,,,,,,NO_ALERT,MISSING,NAME_MATCHED,,
2025-09,ID:24447,成都德善堂生物科技,,UNAVAILABLE,DATA_QUALITY_ALERT,,,,,,,,,,NO_ALERT,MISSING,NAME_MATCHED,,
2025-09,ID:24474,成都三合力医疗用品,,UNAVAILABLE,DATA_QUALITY_ALERT,,,,,,,,,,NO_ALERT,MISSING,NAME_MATCHED,,
2025-09,ID:24489,成都喜之安健康咨询,,UNAVAILABLE,DATA_QUALITY_ALERT,,,,,,,,,,NO_ALERT,MISSING,NAME_MATCHED,,
2025-09,ID:24491,四川蓝漂日用品,,UNAVAILABLE,DATA_QUALITY_ALERT,,,,,,,,,,NO_ALERT,MISSING,NAME_MATCHED,,
2025-09,ID:24513,成都瑞舒达健康管理,,UNAVAILABLE,DATA_QUALITY_ALERT,,,,,,,,,,NO_ALERT,MISSING,NAME_MATCHED,,
2025-09,ID:24713,四川蜀妈妈生物科技,,UNAVAILABLE,DATA_QUALITY_ALERT,,,,,,,,,,NO_ALERT,MISSING,NAME_MATCHED,,
2025-09,ID:24732,四川康福达医疗科技,,UNAVAILABLE,DATA_QUALITY_ALERT,,,,,,,,,,NO_ALERT,MISSING,NAME_MATCHED,,
2025-09,ID:24857,四川汇天美优贸易,,UNAVAILABLE,DATA_QUALITY_ALERT,,,,,,,,,,NO_ALERT,MISSING,NAME_MATCHED,,
2025-09,ID:24874,陕西商玺伟康医药用品,,UNAVAILABLE,DATA_QUALITY_ALERT,,,,,,,,,,NO_ALERT,MISSING,NAME_MATCHED,,
2025-09,ID:24989,盛弘康品,,UNAVAILABLE,DATA_QUALITY_ALERT,,,,,,,,,,NO_ALERT,MISSING,NAME_MATCHED,,
2025-09,ID:25025,成都御养集商贸,,UNAVAILABLE,DATA_QUALITY_ALERT,,,,,,,,,,NO_ALERT,MISSING,NAME_MATCHED,,
2025-09,ID:2563,成都天然堂,负责人 B,MID,NO_PRIORITY,91040.59,84786.83,6253.759999999995,0.0,0.0737586250128705,31.0,-3.0,0.0070932449751628,,NO_ALERT,MISSING,NAME_MATCHED,0.0229885057471264,
2025-09,ID:2837,四川多乐士,负责人 B,KEY,WATCHLIST,312804.61,335508.73,-22704.119999999995,22704.119999999995,-0.0676707279718176,14.0,2.0,0.0280685763720116,Scale / Impact,NO_ALERT,MISSING,NAME_MATCHED,0.0213692125049465,Scale / Impact: GMV损失22704.12，上月区域占比2.8%
2025-09,ID:3001,华药天康,负责人 B,MID,NO_PRIORITY,60454.61,50321.83,10132.78,0.0,0.2013595292540035,43.0,-1.0,0.0042099117019529,,NO_ALERT,MISSING,NAME_MATCHED,0.0182012847965738,
2025-09,ID:3279,四川朝利,负责人 B,MID,NO_PRIORITY,17970.0,14842.71,3127.290000000001,0.0,0.2106953514553609,62.0,0.0,0.0012417374033832,,NO_ALERT,MISSING,NAME_MATCHED,0.0301204819277108,
2025-09,ID:3314,上品康健,负责人 B,MID,NO_PRIORITY,114798.82,90050.4,24748.420000000013,0.0,0.274828540461786,29.0,-3.0,0.0075335939238606,,NO_ALERT,MISSING,NAME_MATCHED,0.0096,
2025-09,ID:3787,蓉易购,负责人 B,MID,WATCHLIST,10706.9,16888.74,-6181.840000000002,6181.840000000002,-0.3660332268718685,65.0,4.0,0.00141290776105,Service,NO_ALERT,MISSING,NAME_MATCHED,0.0615384615384615,Service: 售后率6.2%，环比变化90.8%
2025-09,ID:4216,壹药师,负责人 B,KEY,WATCHLIST,550992.2,532543.4,18448.79999999993,0.0,0.0346428103324534,7.0,0.0,0.0445524475452867,Scale / Impact,NO_ALERT,MISSING,NAME_MATCHED,0.0252301397886123,Scale / Impact: GMV损失0.00，上月区域占比4.5%
2025-09,ID:4930,大圣旗舰店,负责人 B,KEY,WATCHLIST,294628.1,259935.36,34692.73999999999,0.0,0.1334667972837555,16.0,1.0,0.0217461271542661,Scale / Impact,NO_ALERT,MISSING,NAME_MATCHED,0.0082205029013539,Scale / Impact: GMV损失0.00，上月区域占比2.2%
2025-09,ID:5293,成都利民康,负责人 B,MID,NO_PRIORITY,16128.45,12463.86,3664.59,0.0,0.2940172627099471,63.0,-1.0,0.0010427234078232,,NO_ALERT,MISSING,NAME_MATCHED,0.0217391304347826,
2025-09,ID:5379,四川长生康,负责人 B,MID,NO_PRIORITY,79124.09,58385.1,20738.99,0.0,0.3552103190711329,35.0,-6.0,0.0048844828518695,,NO_ALERT,MISSING,NAME_MATCHED,0.0095087163232963,
2025-09,ID:5504,亿辰科技,负责人 B,MID,NO_PRIORITY,60674.61,74907.76,-14233.149999999994,14233.149999999994,-0.1900090190922808,42.0,4.0,0.0062667644517515,,NO_ALERT,MISSING,NAME_MATCHED,0.0298507462686567,
2025-09,ID:6256,四川锐源通,负责人 B,MID,NO_PRIORITY,50381.65,47579.92,2801.730000000003,0.0,0.0588847143921218,46.0,-3.0,0.003980524197669,,NO_ALERT,MISSING,NAME_MATCHED,0.0179948586118251,
2025-09,ID:6326,成都福美康,负责人 B,LONG_TAIL,WATCHLIST,0.0,0.0,0.0,0.0,,81.0,1.0,0.0,Relative Position,NO_ALERT,MISSING,ID_MATCHED,,Relative Position: 排名变化1，同月分位10.1%
2025-09,ID:7119,鑫强劲,负责人 B,MID,NO_PRIORITY,31141.0,28880.28,2260.720000000001,0.0,0.0782790194554901,58.0,0.0,0.0024161169958977,,NO_ALERT,MISSING,NAME_MATCHED,0.0115273775216138,
2025-09,ID:720,丽康琴保健品,负责人 B,MID,NO_PRIORITY,80322.08,89271.63,-8949.550000000003,8949.550000000003,-0.1002507739580872,34.0,1.0,0.0074684422205913,,NO_ALERT,MISSING,NAME_MATCHED,0.0098039215686274,
2025-09,ID:7201,恒生医疗,负责人 B,KEY,WATCHLIST,412063.74,348373.46,63690.27999999997,0.0,0.1828218487137336,10.0,-1.0,0.0291448364636948,Scale / Impact,NO_ALERT,MISSING,NAME_MATCHED,0.0111179740580605,Scale / Impact: GMV损失0.00，上月区域占比2.9%
2025-09,ID:7370,乐宜堂,负责人 B,MID,NO_PRIORITY,156856.47,130109.47,26747.0,0.0,0.2055730455285076,24.0,-4.0,0.0108849256930422,,NO_ALERT,MISSING,NAME_MATCHED,0.0133897110641296,
2025-09,ID:8187,四川吉瑞兴,负责人 B,KEY,WATCHLIST,768493.87,537408.84,231085.03000000003,0.0,0.4299985649659206,2.0,-4.0,0.0449594890378387,Scale / Impact,NO_ALERT,MISSING,ID_MATCHED,0.0099829559289018,Scale / Impact: GMV损失0.00，上月区域占比4.5%
2025-09,ID:8188,康晟旗舰店,负责人 B,KEY,WATCHLIST,299147.79,266183.82,32963.96999999997,0.0,0.1238391198984218,15.0,2.0,0.0222688717538402,Scale / Impact,NO_ALERT,MISSING,ID_MATCHED,0.012962256957682,Scale / Impact: GMV损失0.00，上月区域占比2.2%
2025-09,ID:8235,福信美商贸,负责人 B,KEY,NO_PRIORITY,231896.58,198480.22,33416.359999999986,0.0,0.1683611596158045,19.0,0.0,0.0166048055244454,,NO_ALERT,MISSING,NAME_MATCHED,0.0135424091233072,
2025-09,ID:8521,聚美健,负责人 B,KEY,NO_PRIORITY,140846.45,165069.64,-24223.19,24223.19,-0.1467452767207828,26.0,4.0,0.0138096847645081,,NO_ALERT,MISSING,NAME_MATCHED,0.0200462606013878,
2025-09,ID:8913,【2024/10/31关店】活玉旗舰店,负责人 B,LONG_TAIL,WATCHLIST,0.0,0.0,0.0,0.0,,81.0,1.0,0.0,Relative Position,NO_ALERT,MISSING,ID_MATCHED,,Relative Position: 排名变化1，同月分位10.1%
2025-09,ID:8930,惠仁棠,负责人 B,LONG_TAIL,WATCHLIST,0.0,0.0,0.0,0.0,,81.0,1.0,0.0,Relative Position,NO_ALERT,MISSING,ID_MATCHED,,Relative Position: 排名变化1，同月分位10.1%
2025-09,ID:9348,平康购,负责人 B,LONG_TAIL,NO_PRIORITY,791.38,1374.36,-582.9799999999999,582.9799999999999,-0.4241828924008265,77.0,1.0,0.0001149786135896,,NO_ALERT,MISSING,ID_MATCHED,0.0357142857142857,
2025-09,ID:960,【退店公示中】欣乐士(原亮剑),负责人 B,LONG_TAIL,WATCHLIST,0.0,0.0,0.0,0.0,,81.0,1.0,0.0,Relative Position,NO_ALERT,MISSING,ID_MATCHED,,Relative Position: 排名变化1，同月分位10.1%
2025-09,NAME:内蒙古康依商贸,内蒙古康依商贸,,UNAVAILABLE,DATA_QUALITY_ALERT,,,,,,,,,,DATA_QUALITY_ALERT,UNRESOLVED_MERCHANT,UNRESOLVED,,
2025-09,NAME:四川聚俊仁信医疗器械,四川聚俊仁信医疗器械,,UNAVAILABLE,DATA_QUALITY_ALERT,,,,,,,,,,DATA_QUALITY_ALERT,UNRESOLVED_MERCHANT,UNRESOLVED,,
2025-09,NAME:成都八百供应链管理,成都八百供应链管理,,UNAVAILABLE,DATA_QUALITY_ALERT,,,,,,,,,,DATA_QUALITY_ALERT,UNRESOLVED_MERCHANT,UNRESOLVED,,
2025-09,NAME:湛江市远潮食品,湛江市远潮食品,,UNAVAILABLE,DATA_QUALITY_ALERT,,,,,,,,,,DATA_QUALITY_ALERT,UNRESOLVED_MERCHANT,UNRESOLVED,,
2025-09,NAME:燊楠贸易,燊楠贸易,,UNAVAILABLE,DATA_QUALITY_ALERT,,,,,,,,,,DATA_QUALITY_ALERT,UNRESOLVED_MERCHANT,UNRESOLVED,,
2025-09,NAME:重庆和煜医疗器械,重庆和煜医疗器械,,UNAVAILABLE,DATA_QUALITY_ALERT,,,,,,,,,,DATA_QUALITY_ALERT,UNRESOLVED_MERCHANT,UNRESOLVED,,
2025-10,ID:11125,药悦网,负责人 B,MID,PRIORITY,0.0,7363.69,-7363.69,7363.69,-1.0,79.0,9.0,0.0006035287973541,Trend|Relative Position,NO_ALERT,MISSING,ID_MATCHED,,Trend: GMV环比-100.0%，连续下降7个月；Relative Position: 排名变化9，同月分位11.1%
2025-10,ID:1140,都尔东康,负责人 B,MID,NO_PRIORITY,13953.8,21033.3,-7079.5,7079.5,-0.336585319469603,65.0,4.0,0.0017238914529793,,NO_ALERT,MISSING,NAME_MATCHED,0.0185185185185185,
2025-10,ID:1142,普宁普慈,负责人 B,MID,NO_PRIORITY,145541.41,134313.87,11227.540000000008,0.0,0.0835918137121654,29.0,2.0,0.0110083787379809,,NO_ALERT,MISSING,NAME_MATCHED,0.0223690899847483,
2025-10,ID:11628,子钦医疗,,LONG_TAIL,NO_PRIORITY,210.0,64.0,146.0,0.0,2.28125,78.0,-2.0,5.245446648442067e-06,,NO_ALERT,MISSING,NAME_MATCHED,0.0,
2025-10,ID:11854,诺和堂,负责人 B,KEY,PRIORITY,155988.94,593530.84,-437541.9,437541.9,-0.7371847771212697,27.0,23.0,0.0486458493035157,Trend|Scale / Impact|Relative Position,NO_ALERT,MISSING,NAME_MATCHED,0.0365058670143415,Trend: GMV环比-73.7%；Scale / Impact: GMV损失437541.90，上月区域占比4.9%；Relative Position: 排名变化23，同月分位73.7%
2025-10,ID:11860,一玖堂,负责人 B,MID,NO_PRIORITY,49819.23,37098.01,12721.22,0.0,0.3429084201551511,48.0,-5.0,0.003040556753412,,NO_ALERT,MISSING,NAME_MATCHED,0.0125899280575539,
2025-10,ID:11905,贰美医疗,负责人 B,MID,NO_PRIORITY,41983.3,42732.23,-748.9300000000003,748.9300000000003,-0.0175261155338721,53.0,3.0,0.0035023380099055,,NO_ALERT,MISSING,NAME_MATCHED,0.0144291091593475,
2025-10,ID:11908,药精采,负责人 B,MID,NO_PRIORITY,67832.32,38577.93,29254.390000000007,0.0,0.7583193292123245,40.0,-12.0,0.0031618511503489,,NO_ALERT,MISSING,NAME_MATCHED,0.0247678018575851,
2025-10,ID:11984,四川北尘,负责人 B,MID,NO_PRIORITY,70992.39,73251.71,-2259.320000000007,2259.320000000007,-0.0308432390179015,39.0,2.0,0.0060037177611273,,NO_ALERT,MISSING,NAME_MATCHED,0.0221169036334913,
2025-10,ID:12380,纽瑞特,负责人 B,LONG_TAIL,ATTENTION,0.0,735.8,-735.8,735.8,-1.0,79.0,1.0,6.0306244436307385e-05,Trend|Relative Position,NO_ALERT,MISSING,ID_MATCHED,,Trend: GMV环比-100.0%；Relative Position: 排名变化1，同月分位11.1%
2025-10,ID:12382,四川奥慈,负责人 B,MID,NO_PRIORITY,83602.49,88424.76,-4822.2699999999895,4822.2699999999895,-0.0545352907941167,37.0,5.0,0.0072473025153327,,NO_ALERT,MISSING,NAME_MATCHED,0.017585931254996,
2025-10,ID:1257,辉莹医疗,负责人 B,LONG_TAIL,WATCHLIST,0.0,0.0,0.0,0.0,,79.0,-2.0,0.0,Relative Position,NO_ALERT,MISSING,ID_MATCHED,,Relative Position: 排名变化-2，同月分位11.1%
2025-10,ID:12642,九之堂旗舰店,负责人 B,MID,WATCHLIST,46281.47,62855.75,-16574.28,16574.28,-0.2636875703495702,49.0,8.0,0.0051516637995751,Relative Position,NO_ALERT,MISSING,NAME_MATCHED,0.0111731843575419,Relative Position: 排名变化8，同月分位51.5%
2025-10,ID:12823,众维器械,负责人 B,LONG_TAIL,WATCHLIST,0.0,0.0,0.0,0.0,,79.0,-2.0,0.0,Relative Position,NO_ALERT,MISSING,ID_MATCHED,,Relative Position: 排名变化-2，同月分位11.1%
2025-10,ID:12947,江西省战狼商贸,负责人 B,MID,NO_PRIORITY,253348.23,71899.79,181448.44,0.0,2.523629623953005,18.0,-20.0,0.0058929142574873,,NO_ALERT,MISSING,NAME_MATCHED,0.0082389289392378,
2025-10,ID:12980,有之源旗舰店,负责人 B,MID,NO_PRIORITY,18977.17,10560.82,8416.349999999999,0.0,0.7969409572362751,64.0,-2.0,0.0008655659042781,,NO_ALERT,MISSING,NAME_MATCHED,0.0068027210884353,
2025-10,ID:13094,四川唤初新材料,负责人 B,LONG_TAIL,WATCHLIST,0.0,0.0,0.0,0.0,,79.0,-2.0,0.0,Relative Position,NO_ALERT,MISSING,ID_MATCHED,,Relative Position: 排名变化-2，同月分位11.1%
2025-10,ID:13249,成都锦莱源商贸,负责人 B,LONG_TAIL,WATCHLIST,0.0,0.0,0.0,0.0,,79.0,-2.0,0.0,Relative Position,NO_ALERT,MISSING,ID_MATCHED,,Relative Position: 排名变化-2，同月分位11.1%
2025-10,ID:1350,希尔康,负责人 B,KEY,WATCHLIST,492022.51,263374.36,228648.15,0.0,0.868148858529737,5.0,-12.0,0.0215861899054308,Scale / Impact,NO_ALERT,MISSING,NAME_MATCHED,0.0139575457981971,Scale / Impact: GMV损失0.00，上月区域占比2.2%
2025-10,ID:13778,众维堂器械,负责人 B,MID,WATCHLIST,104047.72,76119.55,27928.17,0.0,0.3668987796170628,32.0,-4.0,0.006238766225444,Service,NO_ALERT,MISSING,NAME_MATCHED,0.0151285930408472,Service: 售后率1.5%，环比变化704.8%
2025-10,ID:14256,四川瑞锦医药科技,负责人 B,MID,WATCHLIST,3415.77,8914.52,-5498.75,5498.75,-0.6168307435509708,72.0,5.0,0.0007306349852573,Trend,NO_ALERT,MISSING,NAME_MATCHED,0.0,Trend: GMV环比-61.7%
2025-10,ID:14726,四川然柠安,负责人 B,KEY,NO_PRIORITY,170142.65,193449.31,-23306.660000000003,23306.660000000003,-0.1204794165458641,24.0,3.0,0.0158551255434832,,NO_ALERT,MISSING,ID_MATCHED,0.009090909090909,
2025-10,ID:14782,四川弗佑斯贸易,负责人 B,MID,NO_PRIORITY,244589.7,123017.4,121572.30000000002,0.0,0.9882528812997188,19.0,-9.0,0.0100825188832821,,NO_ALERT,MISSING,NAME_MATCHED,0.0175768989328311,
2025-10,ID:1513,长盛医药科技,负责人 B,MID,PRIORITY,1495.0,7749.3,-6254.3,6254.3,-0.8070793491024996,77.0,9.0,0.000635133433012,Trend|Relative Position|Service,NO_ALERT,MISSING,NAME_MATCHED,0.0666666666666666,Trend: GMV环比-80.7%；Relative Position: 排名变化9，同月分位23.2%；Service: 售后率6.7%，环比变化-26.7%
2025-10,ID:15134,【退店公示中】成都宝和堂科技,负责人 B,LONG_TAIL,WATCHLIST,0.0,0.0,0.0,0.0,,79.0,-2.0,0.0,Relative Position,NO_ALERT,MISSING,ID_MATCHED,,Relative Position: 排名变化-2，同月分位11.1%
2025-10,ID:15251,四川宜初霁,负责人 B,KEY,WATCHLIST,604509.99,607361.02,-2851.030000000028,2851.030000000028,-0.0046941273906581,3.0,0.0,0.0497793722930211,Scale / Impact,NO_ALERT,MISSING,NAME_MATCHED,0.05355384918291,Scale / Impact: GMV损失2851.03，上月区域占比5.0%
2025-10,ID:15504,多多医生,负责人 B,KEY,WATCHLIST,256828.13,240568.68,16259.450000000012,0.0,0.0675875596108355,17.0,-1.0,0.0197170340035333,Scale / Impact,NO_ALERT,MISSING,NAME_MATCHED,0.0223713646532438,Scale / Impact: GMV损失0.00，上月区域占比2.0%
2025-10,ID:15756,四川瑾辉医疗器械,负责人 B,MID,NO_PRIORITY,25706.88,25969.96,-263.0799999999981,263.0799999999981,-0.0101301657761505,60.0,1.0,0.0021285006194089,,NO_ALERT,MISSING,NAME_MATCHED,0.0136239782016348,
2025-10,ID:15847,成都市嘉乐康健医疗器械,负责人 B,MID,NO_PRIORITY,6689.31,7675.96,-986.6499999999996,986.6499999999996,-0.1285376682525703,69.0,0.0,0.0006291224789933,,NO_ALERT,MISSING,NAME_MATCHED,0.009009009009009,
2025-10,ID:16025,四川微至,负责人 B,KEY,WATCHLIST,804315.01,952641.69,-148326.6799999999,148326.6799999999,-0.1557003872043433,1.0,0.0,0.0780786118746357,Scale / Impact,NO_ALERT,MISSING,NAME_MATCHED,0.013092029264536,Scale / Impact: GMV损失148326.68，上月区域占比7.8%
2025-10,ID:16163,济郎中医药科技,负责人 B,KEY,WATCHLIST,305569.72,355734.43,-50164.71000000002,50164.71000000002,-0.1410173032731186,13.0,0.0,0.029156030837171,Scale / Impact,NO_ALERT,MISSING,NAME_MATCHED,0.0113464447806354,Scale / Impact: GMV损失50164.71，上月区域占比2.9%
2025-10,ID:16231,非药易,负责人 B,MID,ATTENTION,3381.14,10707.44,-7326.300000000001,7326.300000000001,-0.6842251742713479,73.0,9.0,0.0008775828947092,Trend|Relative Position,NO_ALERT,MISSING,ID_MATCHED,0.0,Trend: GMV环比-68.4%；Relative Position: 排名变化9，同月分位27.3%
2025-10,ID:16711,鑫宇豪旗舰店,负责人 B,MID,PRIORITY,19644.2,36029.0,-16384.8,16384.8,-0.4547669932554331,63.0,8.0,0.0029529405827612,Trend|Relative Position,NO_ALERT,MISSING,ID_MATCHED,0.0,Trend: GMV环比-45.5%，连续下降3个月；Relative Position: 排名变化8，同月分位37.4%
2025-10,ID:16854,成都原数生物,负责人 B,LONG_TAIL,WATCHLIST,0.0,0.0,0.0,0.0,,79.0,-2.0,0.0,Relative Position,NO_ALERT,MISSING,ID_MATCHED,,Relative Position: 排名变化-2，同月分位11.1%
2025-10,ID:17301,四川牙易,负责人 B,LONG_TAIL,WATCHLIST,0.0,0.0,0.0,0.0,,79.0,-2.0,0.0,Relative Position,NO_ALERT,MISSING,ID_MATCHED,,Relative Position: 排名变化-2，同月分位11.1%
2025-10,ID:17386,保和堂,负责人 B,KEY,NO_PRIORITY,170919.18,163554.66,7364.519999999989,0.0,0.0450278824216929,23.0,1.0,0.01340495692397,,NO_ALERT,MISSING,NAME_MATCHED,0.0060200668896321,
2025-10,ID:17613,远聚隆创旗舰店,负责人 B,KEY,WATCHLIST,263496.01,454867.2,-191371.19,191371.19,-0.4207188163930043,16.0,7.0,0.0372809629644723,Scale / Impact,NO_ALERT,MISSING,NAME_MATCHED,0.0223266745005875,Scale / Impact: GMV损失191371.19，上月区域占比3.7%
2025-10,ID:17614,成都铸盛医疗器械,负责人 B,MID,ATTENTION,0.0,4795.0,-4795.0,4795.0,-1.0,79.0,6.0,0.0003929986981137,Trend|Relative Position,NO_ALERT,MISSING,ID_MATCHED,,Trend: GMV环比-100.0%；Relative Position: 排名变化6，同月分位11.1%
2025-10,ID:17716,致呈优选,负责人 B,MID,NO_PRIORITY,43531.92,40473.1,3058.82,0.0,0.0755766175558581,51.0,0.0,0.0033171794804228,,NO_ALERT,MISSING,NAME_MATCHED,0.0065189048239895,
2025-10,ID:17859,四川亦辰美唯网络科技,负责人 B,MID,PRIORITY,43482.13,49988.44,-6506.310000000005,6506.310000000005,-0.1301562921347416,52.0,5.0,0.0040970577352944,Trend,NO_ALERT,MISSING,NAME_MATCHED,0.0313725490196078,Trend: GMV环比-13.0%，连续下降4个月
2025-10,ID:17862,【已退店】医道彤行,负责人 B,LONG_TAIL,WATCHLIST,0.0,0.0,0.0,0.0,,79.0,-2.0,0.0,Relative Position,NO_ALERT,MISSING,ID_MATCHED,,Relative Position: 排名变化-2，同月分位11.1%
2025-10,ID:18090,天启明,负责人 B,MID,NO_PRIORITY,9323.39,5024.39,4298.999999999999,0.0,0.8556262551274878,68.0,-4.0,0.0004117995263432,,NO_ALERT,MISSING,ID_MATCHED,0.0116279069767441,
2025-10,ID:18134,四川奇力康健康科技,负责人 B,MID,NO_PRIORITY,64413.38,63198.68,1214.699999999997,0.0,0.0192203381463029,41.0,1.0,0.0051797703779994,,NO_ALERT,MISSING,NAME_MATCHED,0.0087336244541484,
2025-10,ID:18152,亦蓝辰美,负责人 B,MID,NO_PRIORITY,45669.08,43829.45,1839.6300000000049,0.0,0.0419724637201699,50.0,1.0,0.0035922662750868,,NO_ALERT,MISSING,NAME_MATCHED,0.0463258785942492,
2025-10,ID:18517,聚药汇,负责人 B,KEY,ATTENTION,469226.61,519866.8,-50640.19,50640.19,-0.097409932698145,6.0,-2.0,0.0426083369327547,Scale / Impact|Service,NO_ALERT,MISSING,NAME_MATCHED,0.0558605872523275,Scale / Impact: GMV损失50640.19，上月区域占比4.3%；Service: 售后率5.6%，环比变化-17.5%
2025-10,ID:18716,【已退店】悦美康宸,负责人 B,LONG_TAIL,WATCHLIST,0.0,0.0,0.0,0.0,,79.0,-2.0,0.0,Relative Position,NO_ALERT,MISSING,ID_MATCHED,,Relative Position: 排名变化-2，同月分位11.1%
2025-10,ID:19233,成都至本生物科技,负责人 B,MID,WATCHLIST,6510.86,6114.49,396.3699999999999,0.0,0.0648247032867828,70.0,-1.0,0.0005011442355848,Service,NO_ALERT,MISSING,NAME_MATCHED,0.0714285714285714,Service: 售后率7.1%，环比变化221.4%
2025-10,ID:19239,有识医药,负责人 B,MID,NO_PRIORITY,25023.44,32538.31,-7514.870000000003,7514.870000000003,-0.2309545271404692,61.0,4.0,0.0026668432677417,,NO_ALERT,MISSING,NAME_MATCHED,0.0448717948717948,
2025-10,ID:19273,鑫众维医药,负责人 B,MID,NO_PRIORITY,53646.31,45221.58,8424.729999999996,0.0,0.1862988865050712,46.0,-2.0,0.0037063653945039,,NO_ALERT,MISSING,NAME_MATCHED,0.0157480314960629,
2025-10,ID:1957,臻品堂医药,负责人 B,KEY,NO_PRIORITY,233793.64,149033.52,84760.12000000002,0.0,0.5687319201747367,20.0,-5.0,0.0122148027810863,,NO_ALERT,MISSING,NAME_MATCHED,0.0115406809001731,
2025-10,ID:1970,成都诚美,负责人 B,KEY,WATCHLIST,346732.8,409291.44,-62558.640000000014,62558.640000000014,-0.1528461968322622,9.0,-2.0,0.0335455689403754,Scale / Impact,NO_ALERT,MISSING,NAME_MATCHED,0.0205882352941176,Scale / Impact: GMV损失62558.64，上月区域占比3.4%
2025-10,ID:19743,梦方迪,负责人 B,LONG_TAIL,WATCHLIST,0.0,0.0,0.0,0.0,,79.0,-2.0,0.0,Relative Position,NO_ALERT,MISSING,ID_MATCHED,0.0,Relative Position: 排名变化-2，同月分位11.1%
2025-10,ID:20204,四川永瑞康健医药科技,负责人 B,KEY,NO_PRIORITY,378971.77,216178.12,162793.65000000002,0.0,0.753053315478921,8.0,-12.0,0.0177179811721954,,NO_ALERT,MISSING,NAME_MATCHED,0.0040635389730328,
2025-10,ID:2021,榕庆商贸,负责人 B,MID,PRIORITY,31201.53,36265.02,-5063.489999999998,5063.489999999998,-0.1396246300153701,58.0,4.0,0.0029722848064794,Trend,NO_ALERT,MISSING,NAME_MATCHED,0.0149812734082397,Trend: GMV环比-14.0%，连续下降3个月
2025-10,ID:20230,四川多多邦健康管理,负责人 B,MID,NO_PRIORITY,96079.41,94197.78,1881.6300000000049,0.0,0.0199753115200804,34.0,4.0,0.007720459834245,,NO_ALERT,MISSING,NAME_MATCHED,,
2025-10,ID:2080,深圳亿乐康,负责人 B,KEY,PRIORITY,331723.25,378051.38,-46328.130000000005,46328.130000000005,-0.1225445334970077,11.0,-1.0,0.0309851303774984,Trend|Scale / Impact,NO_ALERT,MISSING,ID_MATCHED,0.0065689742294087,Trend: GMV环比-12.3%，连续下降3个月；Scale / Impact: GMV损失46328.13，上月区域占比3.1%
2025-10,ID:2084,鲁鸿医疗,负责人 B,KEY,WATCHLIST,720039.14,554351.32,165687.8200000001,0.0,0.2988859483549171,2.0,-4.0,0.0454346917742724,Scale / Impact,NO_ALERT,MISSING,NAME_MATCHED,0.0141342756183745,Scale / Impact: GMV损失0.00，上月区域占比4.5%
2025-10,ID:21117,四川赤泉甘木生物科技,,LONG_TAIL,NO_PRIORITY,6072.6,1740.0,4332.6,0.0,2.49,71.0,-4.0,0.0001426105807545,,NO_ALERT,MISSING,ID_MATCHED,0.0,
2025-10,ID:2116,锦仁堂,负责人 B,MID,NO_PRIORITY,53693.6,51052.82,2640.779999999999,0.0,0.0517264276488547,45.0,0.0,0.0041842944306643,,NO_ALERT,MISSING,NAME_MATCHED,0.0421545667447306,
2025-10,ID:21206,四川共创盛世商贸,,MID,WATCHLIST,39036.46,58450.55,-19414.090000000004,19414.090000000004,-0.3321455486731948,54.0,10.0,0.0047906131499546,Relative Position,NO_ALERT,MISSING,NAME_MATCHED,0.0097560975609756,Relative Position: 排名变化10，同月分位46.5%
2025-10,ID:2170,康爱多医药,负责人 B,KEY,NO_PRIORITY,133691.55,156865.77,-23174.22,23174.22,-0.1477328036575474,30.0,7.0,0.0128567348047153,,NO_ALERT,MISSING,NAME_MATCHED,0.0088560885608856,
2025-10,ID:2182,舒力特,负责人 B,MID,PRIORITY,30856.37,35878.58,-5022.210000000003,5022.210000000003,-0.1399779478452046,59.0,3.0,0.0029406121439353,Trend|Service,NO_ALERT,MISSING,NAME_MATCHED,0.018450184501845,Trend: GMV环比-14.0%，连续下降3个月；Service: 售后率1.8%，环比变化161.1%
2025-10,ID:21964,四川承泰仁商贸,,MID,NO_PRIORITY,57312.61,64964.39,-7651.779999999999,7651.779999999999,-0.11778421993957,44.0,5.0,0.0053244881530247,,NO_ALERT,MISSING,NAME_MATCHED,0.0224948875255623,
2025-10,ID:22033,重庆铃宇消费品供应链,,MID,WATCHLIST,1599.0,2857.4,-1258.4,1258.4,-0.4404003639672429,76.0,2.0,0.0002341928008321,Service,NO_ALERT,MISSING,NAME_MATCHED,0.125,Service: 售后率12.5%，环比变化56.2%
2025-10,ID:2205,成都墨芑,负责人 B,KEY,ATTENTION,293364.7,583271.55,-289906.85000000003,289906.85000000003,-0.4970358146218515,15.0,10.0,0.047804996829361,Scale / Impact|Relative Position,NO_ALERT,MISSING,ID_MATCHED,0.0193587416817906,Scale / Impact: GMV损失289906.85，上月区域占比4.8%；Relative Position: 排名变化10，同月分位85.9%
2025-10,ID:2245,蒙特生物,负责人 B,MID,NO_PRIORITY,80698.27,82971.72,-2273.449999999997,2273.449999999997,-0.0274002997647873,38.0,5.0,0.0068003707904605,,NO_ALERT,MISSING,NAME_MATCHED,0.0098360655737704,
2025-10,ID:22679,江西古戈尔商贸,,LONG_TAIL,NO_PRIORITY,33980.6,1317.0,32663.6,0.0,24.801518602885345,56.0,-20.0,0.0001079414568124,,NO_ALERT,MISSING,NAME_MATCHED,0.0324483775811209,
2025-10,ID:22862,四川众恩德科技,,LONG_TAIL,NO_PRIORITY,2132.35,0.0,2132.35,0.0,,74.0,-7.0,0.0,,NO_ALERT,MISSING,NAME_MATCHED,0.0,
2025-10,ID:22917,成都天蕊贸易,,MID,NO_PRIORITY,310238.6,21720.86,288517.74,0.0,13.282979587364403,12.0,-48.0,0.0017802439420043,,NO_ALERT,MISSING,NAME_MATCHED,0.026595744680851,
2025-10,ID:22940,四川壹贝佳健康咨询,,LONG_TAIL,NO_PRIORITY,203670.07,107.8,203562.27,0.0,1888.332745825603,21.0,-58.0,8.835299198469607e-06,,NO_ALERT,MISSING,NAME_MATCHED,0.0074280408542246,
2025-10,ID:23028,重庆小橘灯商贸,,LONG_TAIL,WATCHLIST,0.0,0.0,0.0,0.0,,79.0,-2.0,0.0,Relative Position,NO_ALERT,MISSING,NAME_MATCHED,,Relative Position: 排名变化-2，同月分位11.1%
2025-10,ID:23497,重庆赛迪亨商贸,,LONG_TAIL,WATCHLIST,0.0,0.0,0.0,0.0,,79.0,-2.0,0.0,Relative Position,NO_ALERT,MISSING,NAME_MATCHED,,Relative Position: 排名变化-2，同月分位11.1%
2025-10,ID:23871,好品惠,,LONG_TAIL,WATCHLIST,0.0,0.0,0.0,0.0,,79.0,-2.0,0.0,Relative Position,NO_ALERT,MISSING,NAME_MATCHED,,Relative Position: 排名变化-2，同月分位11.1%
2025-10,ID:24075,好尔思健康,,LONG_TAIL,WATCHLIST,0.0,0.0,0.0,0.0,,79.0,-2.0,0.0,Relative Position,NO_ALERT,MISSING,NAME_MATCHED,,Relative Position: 排名变化-2，同月分位11.1%
2025-10,ID:24236,重庆即美购供应链管理,,UNAVAILABLE,DATA_QUALITY_ALERT,,,,,,,,,,NO_ALERT,MISSING,NAME_MATCHED,,
2025-10,ID:24287,四川美恩堂医药,,UNAVAILABLE,DATA_QUALITY_ALERT,,,,,,,,,,NO_ALERT,MISSING,NAME_MATCHED,,
2025-10,ID:24447,成都德善堂生物科技,,UNAVAILABLE,DATA_QUALITY_ALERT,,,,,,,,,,NO_ALERT,MISSING,NAME_MATCHED,,
2025-10,ID:24474,成都三合力医疗用品,,UNAVAILABLE,DATA_QUALITY_ALERT,,,,,,,,,,NO_ALERT,MISSING,NAME_MATCHED,,
2025-10,ID:24489,成都喜之安健康咨询,,UNAVAILABLE,DATA_QUALITY_ALERT,,,,,,,,,,NO_ALERT,MISSING,NAME_MATCHED,,
2025-10,ID:24491,四川蓝漂日用品,,UNAVAILABLE,DATA_QUALITY_ALERT,,,,,,,,,,NO_ALERT,MISSING,NAME_MATCHED,,
2025-10,ID:24513,成都瑞舒达健康管理,,UNAVAILABLE,DATA_QUALITY_ALERT,,,,,,,,,,NO_ALERT,MISSING,NAME_MATCHED,,
2025-10,ID:24713,四川蜀妈妈生物科技,,UNAVAILABLE,DATA_QUALITY_ALERT,,,,,,,,,,NO_ALERT,MISSING,NAME_MATCHED,,
2025-10,ID:24732,四川康福达医疗科技,,UNAVAILABLE,DATA_QUALITY_ALERT,,,,,,,,,,NO_ALERT,MISSING,NAME_MATCHED,,
2025-10,ID:24857,四川汇天美优贸易,,UNAVAILABLE,DATA_QUALITY_ALERT,,,,,,,,,,NO_ALERT,MISSING,NAME_MATCHED,,
2025-10,ID:24874,陕西商玺伟康医药用品,,UNAVAILABLE,DATA_QUALITY_ALERT,,,,,,,,,,NO_ALERT,MISSING,NAME_MATCHED,,
2025-10,ID:24989,盛弘康品,,UNAVAILABLE,DATA_QUALITY_ALERT,,,,,,,,,,NO_ALERT,MISSING,NAME_MATCHED,,
2025-10,ID:25025,成都御养集商贸,,UNAVAILABLE,DATA_QUALITY_ALERT,,,,,,,,,,NO_ALERT,MISSING,NAME_MATCHED,,
2025-10,ID:2563,成都天然堂,负责人 B,MID,NO_PRIORITY,103118.79,91040.59,12078.199999999995,0.0,0.1326682966355996,33.0,2.0,0.0074616962138701,,NO_ALERT,MISSING,NAME_MATCHED,0.0337477797513321,
2025-10,ID:2837,四川多乐士,负责人 B,KEY,PRIORITY,304605.1,312804.61,-8199.51000000001,8199.51000000001,-0.0262128809418761,14.0,0.0,0.0256374983303394,Trend|Scale / Impact,NO_ALERT,MISSING,NAME_MATCHED,0.0141405214317278,Trend: GMV环比-2.6%，连续下降3个月；Scale / Impact: GMV损失8199.51，上月区域占比2.6%
2025-10,ID:3001,华药天康,负责人 B,MID,NO_PRIORITY,59811.57,60454.61,-643.0400000000009,643.0400000000009,-0.0106367405231793,42.0,-1.0,0.0049548661157401,,NO_ALERT,MISSING,NAME_MATCHED,0.0319905213270142,
2025-10,ID:3279,四川朝利,负责人 B,MID,NO_PRIORITY,20080.34,17970.0,2110.34,0.0,0.1174368391764051,62.0,0.0,0.0014728230667578,,NO_ALERT,MISSING,NAME_MATCHED,0.0,
2025-10,ID:3314,上品康健,负责人 B,MID,PRIORITY,38299.7,114798.82,-76499.12000000001,76499.12000000001,-0.6663754906191546,55.0,26.0,0.0094089232127203,Trend|Scale / Impact|Relative Position,NO_ALERT,MISSING,NAME_MATCHED,0.0,Trend: GMV环比-66.6%；Scale / Impact: GMV损失76499.12，上月区域占比0.9%；Relative Position: 排名变化26，同月分位45.5%
2025-10,ID:3787,蓉易购,负责人 B,MID,NO_PRIORITY,10206.12,10706.9,-500.7799999999989,500.7799999999989,-0.046771707964023,66.0,1.0,0.0008775386362531,,NO_ALERT,MISSING,NAME_MATCHED,0.0533333333333333,
2025-10,ID:4216,壹药师,负责人 B,KEY,WATCHLIST,509864.36,550992.2,-41127.83999999997,41127.83999999997,-0.0746432345140275,4.0,-3.0,0.0451593779501206,Scale / Impact,NO_ALERT,MISSING,NAME_MATCHED,0.0268890401633764,Scale / Impact: GMV损失41127.84，上月区域占比4.5%
2025-10,ID:4930,大圣旗舰店,负责人 B,KEY,WATCHLIST,199095.57,294628.1,-95532.52999999996,95532.52999999996,-0.32424785687448,22.0,6.0,0.0241477496825289,Scale / Impact,NO_ALERT,MISSING,NAME_MATCHED,0.0054421768707482,Scale / Impact: GMV损失95532.53，上月区域占比2.4%
2025-10,ID:5293,成都利民康,负责人 B,MID,NO_PRIORITY,9759.3,16128.45,-6369.1500000000015,6369.1500000000015,-0.3949015559461697,67.0,4.0,0.0013218894374541,,NO_ALERT,MISSING,NAME_MATCHED,0.0196078431372549,
2025-10,ID:5379,四川长生康,负责人 B,MID,NO_PRIORITY,90239.57,79124.09,11115.48000000001,0.0,0.1404816156495449,35.0,0.0,0.0064850186359613,,NO_ALERT,MISSING,NAME_MATCHED,0.0163487738419618,
2025-10,ID:5504,亿辰科技,负责人 B,MID,PRIORITY,57490.28,60674.61,-3184.3300000000017,3184.3300000000017,-0.0524820843512632,43.0,1.0,0.0049728973385942,Trend,NO_ALERT,MISSING,NAME_MATCHED,0.0293453724604966,Trend: GMV环比-5.2%，连续下降3个月
2025-10,ID:6256,四川锐源通,负责人 B,MID,NO_PRIORITY,52158.89,50381.65,1777.239999999998,0.0,0.0352755417895205,47.0,1.0,0.0041292852677418,,NO_ALERT,MISSING,NAME_MATCHED,0.026378896882494,
2025-10,ID:6326,成都福美康,负责人 B,LONG_TAIL,WATCHLIST,0.0,0.0,0.0,0.0,,79.0,-2.0,0.0,Relative Position,NO_ALERT,MISSING,ID_MATCHED,,Relative Position: 排名变化-2，同月分位11.1%
2025-10,ID:7119,鑫强劲,负责人 B,MID,NO_PRIORITY,32576.83,31141.0,1435.8300000000015,0.0,0.0461073825503355,57.0,-1.0,0.0025523195949864,,NO_ALERT,MISSING,NAME_MATCHED,0.0169971671388102,
2025-10,ID:720,丽康琴保健品,负责人 B,MID,NO_PRIORITY,87872.37,80322.08,7550.289999999994,0.0,0.0940001802742158,36.0,2.0,0.0065832060208108,,NO_ALERT,MISSING,NAME_MATCHED,0.0160513643659711,
2025-10,ID:7201,恒生医疗,负责人 B,KEY,WATCHLIST,342436.46,412063.74,-69627.27999999997,69627.27999999997,-0.1689721109651627,10.0,0.0,0.0337727869363672,Scale / Impact,NO_ALERT,MISSING,NAME_MATCHED,0.0111570247933884,Scale / Impact: GMV损失69627.28，上月区域占比3.4%
2025-10,ID:7370,乐宜堂,负责人 B,KEY,NO_PRIORITY,148611.72,156856.47,-8244.75,8244.75,-0.0525623839424665,28.0,4.0,0.0128559725757492,,NO_ALERT,MISSING,NAME_MATCHED,0.007719298245614,
2025-10,ID:8187,四川吉瑞兴,负责人 B,KEY,WATCHLIST,431951.42,768493.87,-336542.45,336542.45,-0.4379247032900861,7.0,5.0,0.0629858374178089,Scale / Impact,NO_ALERT,MISSING,ID_MATCHED,0.0115226337448559,Scale / Impact: GMV损失336542.45，上月区域占比6.3%
2025-10,ID:8188,康晟旗舰店,负责人 B,KEY,ATTENTION,166782.62,299147.79,-132365.16999999998,132365.16999999998,-0.4424741697072206,25.0,10.0,0.0245181839444429,Scale / Impact|Relative Position,NO_ALERT,MISSING,ID_MATCHED,0.0101073910296904,Scale / Impact: GMV损失132365.17，上月区域占比2.5%；Relative Position: 排名变化10，同月分位75.8%
2025-10,ID:8235,福信美商贸,负责人 B,KEY,ATTENTION,110718.59,231896.58,-121177.99,121177.99,-0.5225518634211854,31.0,12.0,0.019006267786659,Scale / Impact|Relative Position,NO_ALERT,MISSING,NAME_MATCHED,0.0118343195266272,Scale / Impact: GMV损失121177.99，上月区域占比1.9%；Relative Position: 排名变化12，同月分位69.7%
2025-10,ID:8521,聚美健,负责人 B,MID,NO_PRIORITY,156318.72,140846.45,15472.26999999999,0.0,0.1098520409992582,26.0,0.0,0.0115437896733978,,NO_ALERT,MISSING,NAME_MATCHED,0.0230050323508267,
2025-10,ID:8913,【2024/10/31关店】活玉旗舰店,负责人 B,LONG_TAIL,WATCHLIST,0.0,0.0,0.0,0.0,,79.0,-2.0,0.0,Relative Position,NO_ALERT,MISSING,ID_MATCHED,,Relative Position: 排名变化-2，同月分位11.1%
2025-10,ID:8930,惠仁棠,负责人 B,LONG_TAIL,WATCHLIST,0.0,0.0,0.0,0.0,,79.0,-2.0,0.0,Relative Position,NO_ALERT,MISSING,ID_MATCHED,,Relative Position: 排名变化-2，同月分位11.1%
2025-10,ID:9348,平康购,负责人 B,LONG_TAIL,NO_PRIORITY,1819.04,791.38,1027.66,0.0,1.298567060072279,75.0,-2.0,6.48615870100638e-05,,NO_ALERT,MISSING,ID_MATCHED,0.0,
2025-10,ID:960,【退店公示中】欣乐士(原亮剑),负责人 B,LONG_TAIL,WATCHLIST,0.0,0.0,0.0,0.0,,79.0,-2.0,0.0,Relative Position,NO_ALERT,MISSING,ID_MATCHED,,Relative Position: 排名变化-2，同月分位11.1%
2025-10,NAME:内蒙古康依商贸,内蒙古康依商贸,,UNAVAILABLE,DATA_QUALITY_ALERT,,,,,,,,,,DATA_QUALITY_ALERT,UNRESOLVED_MERCHANT,UNRESOLVED,,
2025-10,NAME:四川聚俊仁信医疗器械,四川聚俊仁信医疗器械,,UNAVAILABLE,DATA_QUALITY_ALERT,,,,,,,,,,DATA_QUALITY_ALERT,UNRESOLVED_MERCHANT,UNRESOLVED,,
2025-10,NAME:成都八百供应链管理,成都八百供应链管理,,UNAVAILABLE,DATA_QUALITY_ALERT,,,,,,,,,,DATA_QUALITY_ALERT,UNRESOLVED_MERCHANT,UNRESOLVED,,
2025-10,NAME:湛江市远潮食品,湛江市远潮食品,,UNAVAILABLE,DATA_QUALITY_ALERT,,,,,,,,,,DATA_QUALITY_ALERT,UNRESOLVED_MERCHANT,UNRESOLVED,,
2025-10,NAME:燊楠贸易,燊楠贸易,,UNAVAILABLE,DATA_QUALITY_ALERT,,,,,,,,,,DATA_QUALITY_ALERT,UNRESOLVED_MERCHANT,UNRESOLVED,,
2025-10,NAME:重庆和煜医疗器械,重庆和煜医疗器械,,UNAVAILABLE,DATA_QUALITY_ALERT,,,,,,,,,,DATA_QUALITY_ALERT,UNRESOLVED_MERCHANT,UNRESOLVED,,
2025-11,ID:11125,药悦网,负责人 B,LONG_TAIL,WATCHLIST,0.0,0.0,0.0,0.0,,81.0,2.0,0.0,Relative Position,NO_ALERT,MISSING,ID_MATCHED,,Relative Position: 排名变化2，同月分位10.1%
2025-11,ID:1140,都尔东康,负责人 B,MID,NO_PRIORITY,14072.88,13953.8,119.07999999999991,0.0,0.0085338760767676,66.0,1.0,0.001212863827868,,NO_ALERT,MISSING,NAME_MATCHED,0.0,
2025-11,ID:1142,普宁普慈,负责人 B,MID,NO_PRIORITY,222823.29,145541.41,77281.88,0.0,0.5309958176164433,18.0,-11.0,0.0126504544744737,,NO_ALERT,MISSING,NAME_MATCHED,0.0143399409531843,
2025-11,ID:11628,子钦医疗,,LONG_TAIL,NO_PRIORITY,210.0,210.0,0.0,0.0,0.0,80.0,2.0,1.8253192954771308e-05,,NO_ALERT,MISSING,NAME_MATCHED,0.0,
2025-11,ID:11854,诺和堂,负责人 B,MID,NO_PRIORITY,348192.51,155988.94,192203.57,0.0,1.2321615237593129,8.0,-19.0,0.0135585534315725,,NO_ALERT,MISSING,NAME_MATCHED,0.0199888950583009,
2025-11,ID:11860,一玖堂,负责人 B,MID,NO_PRIORITY,56043.18,49819.23,6223.949999999997,0.0,0.1249306743600813,46.0,-2.0,0.0043302858002291,,NO_ALERT,MISSING,NAME_MATCHED,0.0085763293310463,
2025-11,ID:11905,贰美医疗,负责人 B,MID,PRIORITY,41554.34,41983.3,-428.9600000000064,428.9600000000064,-0.010217395964586,54.0,1.0,0.0036491870275145,Trend,NO_ALERT,MISSING,NAME_MATCHED,0.0111275964391691,Trend: GMV环比-1.0%，连续下降3个月
2025-11,ID:11908,药精采,负责人 B,MID,NO_PRIORITY,69050.99,67832.32,1218.6699999999985,0.0,0.0179659194908856,42.0,2.0,0.0058959829787133,,NO_ALERT,MISSING,NAME_MATCHED,0.0338235294117647,
2025-11,ID:11984,四川北尘,负责人 B,MID,WATCHLIST,47545.26,70992.39,-23447.13,23447.13,-0.3302766676822685,49.0,10.0,0.006170656157097,Relative Position,NO_ALERT,MISSING,NAME_MATCHED,0.0282828282828282,Relative Position: 排名变化10，同月分位51.5%
2025-11,ID:12380,纽瑞特,负责人 B,LONG_TAIL,NO_PRIORITY,213.4,0.0,213.4,0.0,,79.0,0.0,0.0,,NO_ALERT,MISSING,ID_MATCHED,0.0,
2025-11,ID:12382,四川奥慈,负责人 B,MID,NO_PRIORITY,86843.36,83602.49,3240.869999999996,0.0,0.0387652329494012,39.0,2.0,0.0072667256260444,,NO_ALERT,MISSING,NAME_MATCHED,0.0229166666666666,
2025-11,ID:1257,辉莹医疗,负责人 B,LONG_TAIL,WATCHLIST,0.0,0.0,0.0,0.0,,81.0,2.0,0.0,Relative Position,NO_ALERT,MISSING,ID_MATCHED,,Relative Position: 排名变化2，同月分位10.1%
2025-11,ID:12642,九之堂旗舰店,负责人 B,MID,NO_PRIORITY,55896.54,46281.47,9615.07,0.0,0.2077520441766434,47.0,-2.0,0.0040227838197164,,NO_ALERT,MISSING,NAME_MATCHED,0.0061224489795918,
2025-11,ID:12823,众维器械,负责人 B,LONG_TAIL,WATCHLIST,0.0,0.0,0.0,0.0,,81.0,2.0,0.0,Relative Position,NO_ALERT,MISSING,ID_MATCHED,,Relative Position: 排名变化2，同月分位10.1%
2025-11,ID:12947,江西省战狼商贸,负责人 B,KEY,ATTENTION,129462.18,253348.23,-123886.05000000002,123886.05000000002,-0.4889951273786282,31.0,13.0,0.0220210196520941,Scale / Impact|Relative Position,NO_ALERT,MISSING,NAME_MATCHED,0.0144927536231884,Scale / Impact: GMV损失123886.05，上月区域占比2.2%；Relative Position: 排名变化13，同月分位69.7%
2025-11,ID:12980,有之源旗舰店,负责人 B,MID,WATCHLIST,17980.9,18977.17,-996.2699999999968,996.2699999999968,-0.0524983440628922,61.0,-3.0,0.0016494949797404,Service,NO_ALERT,MISSING,NAME_MATCHED,0.0358974358974358,Service: 售后率3.6%，环比变化427.7%
2025-11,ID:13094,四川唤初新材料,负责人 B,LONG_TAIL,WATCHLIST,0.0,0.0,0.0,0.0,,81.0,2.0,0.0,Relative Position,NO_ALERT,MISSING,ID_MATCHED,,Relative Position: 排名变化2，同月分位10.1%
2025-11,ID:13249,成都锦莱源商贸,负责人 B,LONG_TAIL,WATCHLIST,0.0,0.0,0.0,0.0,,81.0,2.0,0.0,Relative Position,NO_ALERT,MISSING,ID_MATCHED,,Relative Position: 排名变化2，同月分位10.1%
2025-11,ID:1350,希尔康,负责人 B,KEY,WATCHLIST,460503.99,492022.51,-31518.52000000002,31518.52000000002,-0.0640591016862216,4.0,-1.0,0.0427665800624804,Scale / Impact,NO_ALERT,MISSING,NAME_MATCHED,0.0112769485903814,Scale / Impact: GMV损失31518.52，上月区域占比4.3%
2025-11,ID:13778,众维堂器械,负责人 B,MID,NO_PRIORITY,137515.75,104047.72,33468.03,0.0,0.3216603881372892,28.0,-4.0,0.0090438243317334,,NO_ALERT,MISSING,NAME_MATCHED,0.0012453300124533,
2025-11,ID:14256,四川瑞锦医药科技,负责人 B,MID,NO_PRIORITY,3073.4,3415.77,-342.3699999999999,342.3699999999999,-0.1002321584884228,76.0,4.0,0.0002968986138053,,NO_ALERT,MISSING,NAME_MATCHED,0.0,
2025-11,ID:14726,四川然柠安,负责人 B,KEY,PRIORITY,140749.44,170142.65,-29393.209999999992,29393.209999999992,-0.1727562724572586,27.0,3.0,0.0147887934299339,Trend,NO_ALERT,MISSING,ID_MATCHED,0.0089712918660287,Trend: GMV环比-17.3%，连续下降3个月
2025-11,ID:14782,四川弗佑斯贸易,负责人 B,KEY,WATCHLIST,242498.2,244589.7,-2091.5,2091.5,-0.0085510550934891,16.0,-3.0,0.0212597285183315,Scale / Impact,NO_ALERT,MISSING,NAME_MATCHED,0.0058708414872798,Scale / Impact: GMV损失2091.50，上月区域占比2.1%
2025-11,ID:1513,长盛医药科技,负责人 B,LONG_TAIL,NO_PRIORITY,5968.31,1495.0,4473.31,0.0,2.992180602006689,73.0,-4.0,0.0001299453498446,,NO_ALERT,MISSING,NAME_MATCHED,0.0454545454545454,
2025-11,ID:15134,【退店公示中】成都宝和堂科技,负责人 B,LONG_TAIL,WATCHLIST,0.0,0.0,0.0,0.0,,81.0,2.0,0.0,Relative Position,NO_ALERT,MISSING,ID_MATCHED,,Relative Position: 排名变化2，同月分位10.1%
2025-11,ID:15251,四川宜初霁,负责人 B,KEY,PRIORITY,276169.77,604509.99,-328340.22,328340.22,-0.5431510238565288,15.0,12.0,0.0525439880502708,Trend|Scale / Impact|Relative Position,NO_ALERT,MISSING,NAME_MATCHED,0.0506688285366842,Trend: GMV环比-54.3%，连续下降3个月；Scale / Impact: GMV损失328340.22，上月区域占比5.3%；Relative Position: 排名变化12，同月分位85.9%
2025-11,ID:15504,多多医生,负责人 B,KEY,WATCHLIST,223024.9,256828.13,-33803.23000000001,33803.23000000001,-0.131618098064258,17.0,0.0,0.022323492443348,Scale / Impact,NO_ALERT,MISSING,NAME_MATCHED,0.0203000882612533,Scale / Impact: GMV损失33803.23，上月区域占比2.2%
2025-11,ID:15756,四川瑾辉医疗器械,负责人 B,MID,NO_PRIORITY,29906.91,25706.88,4200.029999999999,0.0,0.1633815538875196,58.0,-2.0,0.0022344411471673,,NO_ALERT,MISSING,NAME_MATCHED,0.0057471264367816,
2025-11,ID:15847,成都市嘉乐康健医疗器械,负责人 B,MID,NO_PRIORITY,9716.93,6689.31,3027.62,0.0,0.4526057246562052,70.0,1.0,0.0005814346007822,,NO_ALERT,MISSING,NAME_MATCHED,0.0070921985815602,
2025-11,ID:16025,四川微至,负责人 B,KEY,PRIORITY,189580.33,804315.01,-614734.68,614734.68,-0.7642959193314073,21.0,20.0,0.0699110336854705,Trend|Scale / Impact|Relative Position,NO_ALERT,MISSING,NAME_MATCHED,0.0076142131979695,Trend: GMV环比-76.4%，连续下降3个月；Scale / Impact: GMV损失614734.68，上月区域占比7.0%；Relative Position: 排名变化20，同月分位79.8%
2025-11,ID:16163,济郎中医药科技,负责人 B,KEY,WATCHLIST,571879.35,305569.72,266309.63,0.0,0.8715183886675684,2.0,-11.0,0.0265601098109306,Scale / Impact,NO_ALERT,MISSING,NAME_MATCHED,0.0114754098360655,Scale / Impact: GMV损失0.00，上月区域占比2.7%
2025-11,ID:16231,非药易,负责人 B,MID,NO_PRIORITY,3728.51,3381.14,347.37000000000035,0.0,0.1027375382267521,74.0,1.0,0.0002938885753671,,NO_ALERT,MISSING,ID_MATCHED,0.009009009009009,
2025-11,ID:16711,鑫宇豪旗舰店,负责人 B,MID,PRIORITY,19502.15,19644.2,-142.04999999999927,142.04999999999927,-0.007231142016473,60.0,-3.0,0.0017074732049624,Trend,NO_ALERT,MISSING,ID_MATCHED,0.0091743119266055,Trend: GMV环比-0.7%，连续下降4个月
2025-11,ID:16854,成都原数生物,负责人 B,LONG_TAIL,WATCHLIST,0.0,0.0,0.0,0.0,,81.0,2.0,0.0,Relative Position,NO_ALERT,MISSING,ID_MATCHED,,Relative Position: 排名变化2，同月分位10.1%
2025-11,ID:17301,四川牙易,负责人 B,LONG_TAIL,WATCHLIST,0.0,0.0,0.0,0.0,,81.0,2.0,0.0,Relative Position,NO_ALERT,MISSING,ID_MATCHED,,Relative Position: 排名变化2，同月分位10.1%
2025-11,ID:17386,保和堂,负责人 B,KEY,WATCHLIST,182182.41,170919.18,11263.23000000001,0.0,0.0658979875751804,22.0,-1.0,0.0148562893914823,Service,NO_ALERT,MISSING,NAME_MATCHED,0.0181644359464627,Service: 售后率1.8%，环比变化201.7%
2025-11,ID:17613,远聚隆创旗舰店,负责人 B,KEY,PRIORITY,90342.74,263496.01,-173153.27000000002,173153.27000000002,-0.6571381099850431,36.0,20.0,0.0229030643492492,Trend|Scale / Impact|Relative Position,NO_ALERT,MISSING,NAME_MATCHED,0.0279187817258883,Trend: GMV环比-65.7%，连续下降3个月；Scale / Impact: GMV损失173153.27，上月区域占比2.3%；Relative Position: 排名变化20，同月分位64.6%
2025-11,ID:17614,成都铸盛医疗器械,负责人 B,LONG_TAIL,NO_PRIORITY,11340.0,0.0,11340.0,0.0,,68.0,-11.0,0.0,,NO_ALERT,MISSING,ID_MATCHED,0.0,
2025-11,ID:17716,致呈优选,负责人 B,MID,NO_PRIORITY,46945.91,43531.92,3413.990000000005,0.0,0.0784249810254178,50.0,-1.0,0.0037837930259603,,NO_ALERT,MISSING,NAME_MATCHED,0.0086419753086419,
2025-11,ID:17859,四川亦辰美唯网络科技,负责人 B,MID,PRIORITY,42288.27,43482.13,-1193.8600000000006,1193.8600000000006,-0.0274563366606005,51.0,-1.0,0.0037794652808307,Trend,NO_ALERT,MISSING,NAME_MATCHED,0.0356200527704485,Trend: GMV环比-2.7%，连续下降5个月
2025-11,ID:17862,【已退店】医道彤行,负责人 B,LONG_TAIL,WATCHLIST,0.0,0.0,0.0,0.0,,81.0,2.0,0.0,Relative Position,NO_ALERT,MISSING,ID_MATCHED,,Relative Position: 排名变化2，同月分位10.1%
2025-11,ID:18090,天启明,负责人 B,MID,NO_PRIORITY,14521.03,9323.39,5197.640000000001,0.0,0.5574839194756416,65.0,-3.0,0.0008103887460123,,NO_ALERT,MISSING,ID_MATCHED,0.0072992700729927,
2025-11,ID:18134,四川奇力康健康科技,负责人 B,MID,NO_PRIORITY,106811.92,64413.38,42398.54,0.0,0.6582256667791693,33.0,-8.0,0.0055988088286143,,NO_ALERT,MISSING,NAME_MATCHED,0.0077294685990338,
2025-11,ID:18152,亦蓝辰美,负责人 B,MID,NO_PRIORITY,78849.76,45669.08,33180.67999999999,0.0,0.7265458380155674,40.0,-10.0,0.0039695549014613,,NO_ALERT,MISSING,NAME_MATCHED,0.0268292682926829,
2025-11,ID:18517,聚药汇,负责人 B,KEY,PRIORITY,452797.58,469226.61,-16429.02999999997,16429.02999999997,-0.0350129972381574,5.0,-1.0,0.0407851611992534,Trend|Scale / Impact|Service,NO_ALERT,MISSING,NAME_MATCHED,0.063051375194603,Trend: GMV环比-3.5%，连续下降3个月；Scale / Impact: GMV损失16429.03，上月区域占比4.1%；Service: 售后率6.3%，环比变化12.9%
2025-11,ID:18716,【已退店】悦美康宸,负责人 B,LONG_TAIL,WATCHLIST,0.0,0.0,0.0,0.0,,81.0,2.0,0.0,Relative Position,NO_ALERT,MISSING,ID_MATCHED,,Relative Position: 排名变化2，同月分位10.1%
2025-11,ID:19233,成都至本生物科技,负责人 B,MID,NO_PRIORITY,9728.02,6510.86,3217.1600000000008,0.0,0.4941221282595542,69.0,-1.0,0.000565923732769,,NO_ALERT,MISSING,NAME_MATCHED,0.0178571428571428,
2025-11,ID:19239,有识医药,负责人 B,MID,WATCHLIST,17271.89,25023.44,-7751.549999999999,7751.549999999999,-0.3097715581870438,62.0,1.0,0.0021750365652959,Service,NO_ALERT,MISSING,NAME_MATCHED,0.0583333333333333,Service: 售后率5.8%，环比变化30.0%
2025-11,ID:19273,鑫众维医药,负责人 B,MID,NO_PRIORITY,93527.74,53646.31,39881.43000000001,0.0,0.7434142255077751,35.0,-11.0,0.0046629354654356,,NO_ALERT,MISSING,NAME_MATCHED,0.0084602368866328,
2025-11,ID:1957,臻品堂医药,负责人 B,KEY,WATCHLIST,162806.41,233793.64,-70987.23000000001,70987.23000000001,-0.3036319978593087,24.0,4.0,0.0203213353453254,Scale / Impact,NO_ALERT,MISSING,NAME_MATCHED,0.0107991360691144,Scale / Impact: GMV损失70987.23，上月区域占比2.0%
2025-11,ID:1970,成都诚美,负责人 B,KEY,WATCHLIST,409672.55,346732.8,62939.75,0.0,0.1815223422762426,7.0,-2.0,0.0301380033435625,Scale / Impact,NO_ALERT,MISSING,NAME_MATCHED,0.0173680694722778,Scale / Impact: GMV损失0.00，上月区域占比3.0%
2025-11,ID:19743,梦方迪,负责人 B,LONG_TAIL,WATCHLIST,0.0,0.0,0.0,0.0,,81.0,2.0,0.0,Relative Position,NO_ALERT,MISSING,ID_MATCHED,,Relative Position: 排名变化2，同月分位10.1%
2025-11,ID:20204,四川永瑞康健医药科技,负责人 B,KEY,WATCHLIST,311522.04,378971.77,-67449.73000000004,67449.73000000004,-0.1779808823227123,13.0,5.0,0.0329402135343867,Scale / Impact,NO_ALERT,MISSING,NAME_MATCHED,0.0062667860340196,Scale / Impact: GMV损失67449.73，上月区域占比3.3%
2025-11,ID:2021,榕庆商贸,负责人 B,MID,NO_PRIORITY,35065.66,31201.53,3864.1300000000047,0.0,0.1238442473814587,55.0,-3.0,0.0027120359408289,,NO_ALERT,MISSING,NAME_MATCHED,0.0145454545454545,
2025-11,ID:20230,四川多多邦健康管理,负责人 B,MID,NO_PRIORITY,135255.64,96079.41,39176.23000000001,0.0,0.407748444750025,30.0,-4.0,0.0083512190938599,,NO_ALERT,MISSING,NAME_MATCHED,,
2025-11,ID:2080,深圳亿乐康,负责人 B,KEY,PRIORITY,295210.73,331723.25,-36512.52000000002,36512.52000000002,-0.1100692218588839,14.0,3.0,0.0288333737611135,Trend|Scale / Impact,NO_ALERT,MISSING,ID_MATCHED,0.0022358859698155,Trend: GMV环比-11.0%，连续下降4个月；Scale / Impact: GMV损失36512.52，上月区域占比2.9%
2025-11,ID:2084,鲁鸿医疗,负责人 B,KEY,WATCHLIST,1311975.89,720039.14,591936.7499999999,0.0,0.8220896852912745,1.0,-1.0,0.0625857778924171,Scale / Impact,NO_ALERT,MISSING,NAME_MATCHED,0.0091443500979751,Scale / Impact: GMV损失0.00，上月区域占比6.3%
2025-11,ID:21117,四川赤泉甘木生物科技,,MID,NO_PRIORITY,3305.95,6072.6,-2766.6500000000005,2766.6500000000005,-0.4555956262556401,75.0,4.0,0.0005278301882721,,NO_ALERT,MISSING,ID_MATCHED,0.0,
2025-11,ID:2116,锦仁堂,负责人 B,MID,NO_PRIORITY,62636.58,53693.6,8942.980000000003,0.0,0.1665557906342656,44.0,-1.0,0.004667045910649,,NO_ALERT,MISSING,NAME_MATCHED,0.032719836400818,
2025-11,ID:21206,四川共创盛世商贸,,MID,NO_PRIORITY,89642.26,39036.46,50605.8,0.0,1.2963726731368572,37.0,-17.0,0.0033930477935771,,NO_ALERT,MISSING,NAME_MATCHED,0.0048426150121065,
2025-11,ID:2170,康爱多医药,负责人 B,MID,NO_PRIORITY,135569.64,133691.55,1878.0900000000256,0.0,0.0140479334707392,29.0,-1.0,0.0116204650408212,,NO_ALERT,MISSING,NAME_MATCHED,0.0136363636363636,
2025-11,ID:2182,舒力特,负责人 B,MID,NO_PRIORITY,31130.16,30856.37,273.7900000000009,0.0,0.0088730463110211,57.0,-2.0,0.0026820346452086,,NO_ALERT,MISSING,NAME_MATCHED,0.0194805194805194,
2025-11,ID:21964,四川承泰仁商贸,,MID,NO_PRIORITY,65371.99,57312.61,8059.379999999997,0.0,0.1406214094943503,43.0,-1.0,0.0049816101384359,,NO_ALERT,MISSING,NAME_MATCHED,0.009784735812133,
2025-11,ID:22033,重庆铃宇消费品供应链,,LONG_TAIL,NO_PRIORITY,12300.52,1599.0,10701.52,0.0,6.692632895559725,67.0,-9.0,0.0001389850263556,,NO_ALERT,MISSING,NAME_MATCHED,0.0,
2025-11,ID:2205,成都墨芑,负责人 B,KEY,WATCHLIST,222366.17,293364.7,-70998.53,70998.53,-0.2420145641244498,19.0,4.0,0.0254992498819933,Scale / Impact,NO_ALERT,MISSING,ID_MATCHED,0.0202808112324493,Scale / Impact: GMV损失70998.53，上月区域占比2.5%
2025-11,ID:2245,蒙特生物,负责人 B,MID,NO_PRIORITY,88857.52,80698.27,8159.25,0.0,0.1011081154527848,38.0,0.0,0.0070142909210772,,NO_ALERT,MISSING,NAME_MATCHED,0.014792899408284,
2025-11,ID:22679,江西古戈尔商贸,,MID,NO_PRIORITY,31922.61,33980.6,-2057.989999999998,2057.989999999998,-0.0605636745672529,56.0,0.0,0.0029535926119947,,NO_ALERT,MISSING,NAME_MATCHED,0.0098280098280098,
2025-11,ID:22862,四川众恩德科技,,MID,NO_PRIORITY,6404.26,2132.35,4271.91,0.0,2.0033812460430984,72.0,-2.0,0.0001853437904624,,NO_ALERT,MISSING,NAME_MATCHED,0.0,
2025-11,ID:22917,成都天蕊贸易,,KEY,WATCHLIST,326738.6,310238.6,16500.0,0.0,0.0531848712571549,9.0,-3.0,0.0269659287038957,Scale / Impact,NO_ALERT,MISSING,NAME_MATCHED,0.0192913385826771,Scale / Impact: GMV损失0.00，上月区域占比2.7%
2025-11,ID:22940,四川壹贝佳健康咨询,,KEY,NO_PRIORITY,442534.83,203670.07,238864.76,0.0,1.1728024642992465,6.0,-15.0,0.0177029956515322,,NO_ALERT,MISSING,NAME_MATCHED,0.0086455331412103,
2025-11,ID:23028,重庆小橘灯商贸,,LONG_TAIL,NO_PRIORITY,2975.7,0.0,2975.7,0.0,,77.0,-2.0,0.0,,NO_ALERT,MISSING,NAME_MATCHED,0.0202020202020202,
2025-11,ID:23497,重庆赛迪亨商贸,,LONG_TAIL,WATCHLIST,0.0,0.0,0.0,0.0,,81.0,2.0,0.0,Relative Position,NO_ALERT,MISSING,NAME_MATCHED,,Relative Position: 排名变化2，同月分位10.1%
2025-11,ID:23871,好品惠,,LONG_TAIL,WATCHLIST,0.0,0.0,0.0,0.0,,81.0,2.0,0.0,Relative Position,NO_ALERT,MISSING,NAME_MATCHED,,Relative Position: 排名变化2，同月分位10.1%
2025-11,ID:24075,好尔思健康,,LONG_TAIL,WATCHLIST,0.0,0.0,0.0,0.0,,81.0,2.0,0.0,Relative Position,NO_ALERT,MISSING,NAME_MATCHED,,Relative Position: 排名变化2，同月分位10.1%
2025-11,ID:24236,重庆即美购供应链管理,,UNAVAILABLE,DATA_QUALITY_ALERT,,,,,,,,,,NO_ALERT,MISSING,NAME_MATCHED,,
2025-11,ID:24287,四川美恩堂医药,,UNAVAILABLE,DATA_QUALITY_ALERT,,,,,,,,,,NO_ALERT,MISSING,NAME_MATCHED,,
2025-11,ID:24447,成都德善堂生物科技,,UNAVAILABLE,DATA_QUALITY_ALERT,,,,,,,,,,NO_ALERT,MISSING,NAME_MATCHED,,
2025-11,ID:24474,成都三合力医疗用品,,UNAVAILABLE,DATA_QUALITY_ALERT,,,,,,,,,,NO_ALERT,MISSING,NAME_MATCHED,,
2025-11,ID:24489,成都喜之安健康咨询,,UNAVAILABLE,DATA_QUALITY_ALERT,,,,,,,,,,NO_ALERT,MISSING,NAME_MATCHED,,
2025-11,ID:24491,四川蓝漂日用品,,UNAVAILABLE,DATA_QUALITY_ALERT,,,,,,,,,,NO_ALERT,MISSING,NAME_MATCHED,,
2025-11,ID:24513,成都瑞舒达健康管理,,UNAVAILABLE,DATA_QUALITY_ALERT,,,,,,,,,,NO_ALERT,MISSING,NAME_MATCHED,,
2025-11,ID:24713,四川蜀妈妈生物科技,,UNAVAILABLE,DATA_QUALITY_ALERT,,,,,,,,,,NO_ALERT,MISSING,NAME_MATCHED,,
2025-11,ID:24732,四川康福达医疗科技,,UNAVAILABLE,DATA_QUALITY_ALERT,,,,,,,,,,NO_ALERT,MISSING,NAME_MATCHED,,
2025-11,ID:24857,四川汇天美优贸易,,UNAVAILABLE,DATA_QUALITY_ALERT,,,,,,,,,,NO_ALERT,MISSING,NAME_MATCHED,,
2025-11,ID:24874,陕西商玺伟康医药用品,,UNAVAILABLE,DATA_QUALITY_ALERT,,,,,,,,,,NO_ALERT,MISSING,NAME_MATCHED,,
2025-11,ID:24989,盛弘康品,,UNAVAILABLE,DATA_QUALITY_ALERT,,,,,,,,,,NO_ALERT,MISSING,NAME_MATCHED,,
2025-11,ID:25025,成都御养集商贸,,UNAVAILABLE,DATA_QUALITY_ALERT,,,,,,,,,,NO_ALERT,MISSING,NAME_MATCHED,,
2025-11,ID:2563,成都天然堂,负责人 B,MID,NO_PRIORITY,93735.04,103118.79,-9383.75,9383.75,-0.0909994192135109,34.0,1.0,0.0089630817672978,,NO_ALERT,MISSING,NAME_MATCHED,0.0433839479392624,
2025-11,ID:2837,四川多乐士,负责人 B,KEY,WATCHLIST,325883.74,304605.1,21278.64000000001,0.0,0.0698564797503391,10.0,-4.0,0.0264762650728924,Scale / Impact,NO_ALERT,MISSING,NAME_MATCHED,0.016025641025641,Scale / Impact: GMV损失0.00，上月区域占比2.6%
2025-11,ID:3001,华药天康,负责人 B,MID,NO_PRIORITY,59026.12,59811.57,-785.4499999999971,785.4499999999971,-0.0131320746136575,45.0,3.0,0.005198819657799,,NO_ALERT,MISSING,NAME_MATCHED,0.0252525252525252,
2025-11,ID:3279,四川朝利,负责人 B,MID,NO_PRIORITY,16948.93,20080.34,-3131.41,3131.41,-0.1559440726601242,63.0,1.0,0.0017453824791305,,NO_ALERT,MISSING,NAME_MATCHED,0.0062893081761006,
2025-11,ID:3314,上品康健,负责人 B,MID,NO_PRIORITY,41956.02,38299.7,3656.32,0.0,0.0954660219270646,52.0,-3.0,0.0033290086390945,,NO_ALERT,MISSING,NAME_MATCHED,0.0,
2025-11,ID:3787,蓉易购,负责人 B,MID,NO_PRIORITY,16062.1,10206.12,5855.98,0.0,0.5737714234204574,64.0,-2.0,0.0008871156079978,,NO_ALERT,MISSING,NAME_MATCHED,0.0206185567010309,
2025-11,ID:4216,壹药师,负责人 B,KEY,WATCHLIST,461405.83,509864.36,-48458.52999999997,48458.52999999997,-0.0950420029358395,3.0,-1.0,0.0443173930659094,Scale / Impact,NO_ALERT,MISSING,NAME_MATCHED,0.0173010380622837,Scale / Impact: GMV损失48458.53，上月区域占比4.4%
2025-11,ID:4930,大圣旗舰店,负责人 B,KEY,NO_PRIORITY,217662.8,199095.57,18567.22999999998,0.0,0.0932578761044256,20.0,-2.0,0.0173053802650008,,NO_ALERT,MISSING,NAME_MATCHED,0.0066872427983539,
2025-11,ID:5293,成都利民康,负责人 B,MID,NO_PRIORITY,8510.16,9759.3,-1249.1399999999994,1249.1399999999994,-0.127994835695183,71.0,4.0,0.000848278028588,,NO_ALERT,MISSING,NAME_MATCHED,0.021505376344086,
2025-11,ID:5379,四川长生康,负责人 B,MID,NO_PRIORITY,112215.6,90239.57,21976.03,0.0,0.2435298616781973,32.0,-3.0,0.007843620396979,,NO_ALERT,MISSING,NAME_MATCHED,0.0110253583241455,
2025-11,ID:5504,亿辰科技,负责人 B,MID,PRIORITY,55330.0,57490.28,-2160.279999999999,2160.279999999999,-0.0375764390084724,48.0,5.0,0.0049970532088753,Trend,NO_ALERT,MISSING,NAME_MATCHED,0.0282685512367491,Trend: GMV环比-3.8%，连续下降4个月
2025-11,ID:6256,四川锐源通,负责人 B,MID,NO_PRIORITY,41877.69,52158.89,-10281.199999999995,10281.199999999995,-0.1971130904051063,53.0,6.0,0.0045336489689366,,NO_ALERT,MISSING,NAME_MATCHED,0.0233236151603498,
2025-11,ID:6326,成都福美康,负责人 B,LONG_TAIL,WATCHLIST,0.0,0.0,0.0,0.0,,81.0,2.0,0.0,Relative Position,NO_ALERT,MISSING,ID_MATCHED,,Relative Position: 排名变化2，同月分位10.1%
2025-11,ID:7119,鑫强劲,负责人 B,MID,NO_PRIORITY,28966.83,32576.83,-3610.0,3610.0,-0.1108149565197105,59.0,2.0,0.0028315769706894,,NO_ALERT,MISSING,NAME_MATCHED,0.0119402985074626,
2025-11,ID:720,丽康琴保健品,负责人 B,MID,NO_PRIORITY,76806.85,87872.37,-11065.51999999999,11065.51999999999,-0.1259271827993258,41.0,5.0,0.0076378634523955,,NO_ALERT,MISSING,NAME_MATCHED,0.0123022847100175,
2025-11,ID:7201,恒生医疗,负责人 B,KEY,WATCHLIST,320343.81,342436.46,-22092.650000000023,22092.650000000023,-0.0645160564970214,11.0,1.0,0.0297645656148991,Scale / Impact,NO_ALERT,MISSING,NAME_MATCHED,0.012013455069678,Scale / Impact: GMV损失22092.65，上月区域占比3.0%
2025-11,ID:7370,乐宜堂,负责人 B,MID,NO_PRIORITY,172579.49,148611.72,23967.76999999999,0.0,0.1612777915496839,23.0,-5.0,0.0129173257166687,,NO_ALERT,MISSING,NAME_MATCHED,0.0063291139240506,
2025-11,ID:8187,四川吉瑞兴,负责人 B,KEY,WATCHLIST,318855.31,431951.42,-113096.11,113096.11,-0.2618259942287028,12.0,5.0,0.0375452029349879,Scale / Impact,NO_ALERT,MISSING,ID_MATCHED,0.0066105769230769,Scale / Impact: GMV损失113096.11，上月区域占比3.8%
2025-11,ID:8188,康晟旗舰店,负责人 B,KEY,PRIORITY,0.0,166782.62,-166782.62,166782.62,-1.0,81.0,56.0,0.0144967397350585,Trend|Scale / Impact|Relative Position,NO_ALERT,MISSING,ID_MATCHED,,Trend: GMV环比-100.0%；Scale / Impact: GMV损失166782.62，上月区域占比1.4%；Relative Position: 排名变化56，同月分位10.1%
2025-11,ID:8235,福信美商贸,负责人 B,MID,NO_PRIORITY,158680.29,110718.59,47961.70000000001,0.0,0.4331856104742664,25.0,-6.0,0.0096236561283343,,NO_ALERT,MISSING,NAME_MATCHED,0.0136986301369863,
2025-11,ID:8521,聚美健,负责人 B,MID,NO_PRIORITY,158054.72,156318.72,1736.0,0.0,0.0111055157053485,26.0,0.0,0.0135872178981088,,NO_ALERT,MISSING,NAME_MATCHED,0.0209013716525147,
2025-11,ID:8913,【2024/10/31关店】活玉旗舰店,负责人 B,LONG_TAIL,WATCHLIST,0.0,0.0,0.0,0.0,,81.0,2.0,0.0,Relative Position,NO_ALERT,MISSING,ID_MATCHED,,Relative Position: 排名变化2，同月分位10.1%
2025-11,ID:8930,惠仁棠,负责人 B,LONG_TAIL,WATCHLIST,0.0,0.0,0.0,0.0,,81.0,2.0,0.0,Relative Position,NO_ALERT,MISSING,ID_MATCHED,,Relative Position: 排名变化2，同月分位10.1%
2025-11,ID:9348,平康购,负责人 B,LONG_TAIL,NO_PRIORITY,2607.3,1819.04,788.2600000000002,0.0,0.4333384642448765,78.0,3.0,0.0001581108957735,,NO_ALERT,MISSING,ID_MATCHED,0.0,
2025-11,ID:960,【退店公示中】欣乐士(原亮剑),负责人 B,LONG_TAIL,WATCHLIST,0.0,0.0,0.0,0.0,,81.0,2.0,0.0,Relative Position,NO_ALERT,MISSING,ID_MATCHED,,Relative Position: 排名变化2，同月分位10.1%
2025-11,NAME:内蒙古康依商贸,内蒙古康依商贸,,UNAVAILABLE,DATA_QUALITY_ALERT,,,,,,,,,,DATA_QUALITY_ALERT,UNRESOLVED_MERCHANT,UNRESOLVED,,
2025-11,NAME:四川聚俊仁信医疗器械,四川聚俊仁信医疗器械,,UNAVAILABLE,DATA_QUALITY_ALERT,,,,,,,,,,DATA_QUALITY_ALERT,UNRESOLVED_MERCHANT,UNRESOLVED,,
2025-11,NAME:成都八百供应链管理,成都八百供应链管理,,UNAVAILABLE,DATA_QUALITY_ALERT,,,,,,,,,,DATA_QUALITY_ALERT,UNRESOLVED_MERCHANT,UNRESOLVED,,
2025-11,NAME:湛江市远潮食品,湛江市远潮食品,,UNAVAILABLE,DATA_QUALITY_ALERT,,,,,,,,,,DATA_QUALITY_ALERT,UNRESOLVED_MERCHANT,UNRESOLVED,,
2025-11,NAME:燊楠贸易,燊楠贸易,,UNAVAILABLE,DATA_QUALITY_ALERT,,,,,,,,,,DATA_QUALITY_ALERT,UNRESOLVED_MERCHANT,UNRESOLVED,,
2025-11,NAME:重庆和煜医疗器械,重庆和煜医疗器械,,UNAVAILABLE,DATA_QUALITY_ALERT,,,,,,,,,,DATA_QUALITY_ALERT,UNRESOLVED_MERCHANT,UNRESOLVED,,
2025-12,ID:11125,药悦网,负责人 B,LONG_TAIL,WATCHLIST,0.0,0.0,0.0,0.0,,81.0,0.0,0.0,Relative Position,NO_ALERT,MISSING,ID_MATCHED,,Relative Position: 排名变化0，同月分位10.1%
2025-12,ID:1140,都尔东康,负责人 B,MID,NO_PRIORITY,12727.05,14072.88,-1345.83,1345.83,-0.0956328768524993,66.0,0.0,0.0012321837929775,,NO_ALERT,MISSING,NAME_MATCHED,0.0336134453781512,
2025-12,ID:1142,普宁普慈,负责人 B,KEY,WATCHLIST,198022.37,222823.29,-24800.920000000013,24800.920000000013,-0.1113030868541614,24.0,6.0,0.0195098122513609,Scale / Impact,NO_ALERT,MISSING,NAME_MATCHED,0.0158653846153846,Scale / Impact: GMV损失24800.92，上月区域占比2.0%
2025-12,ID:11628,子钦医疗,,LONG_TAIL,NO_PRIORITY,984.0,210.0,774.0,0.0,3.685714285714286,78.0,-2.0,1.838703922191345e-05,,NO_ALERT,MISSING,NAME_MATCHED,0.0,
2025-12,ID:11854,诺和堂,负责人 B,KEY,WATCHLIST,483017.11,348192.51,134824.59999999998,0.0,0.387212809373757,6.0,-2.0,0.0304868063721261,Scale / Impact,NO_ALERT,MISSING,NAME_MATCHED,0.021505376344086,Scale / Impact: GMV损失0.00，上月区域占比3.0%
2025-12,ID:11860,一玖堂,负责人 B,MID,NO_PRIORITY,50370.28,56043.18,-5672.9000000000015,5672.9000000000015,-0.101223734984346,52.0,6.0,0.0049069911846702,,NO_ALERT,MISSING,NAME_MATCHED,0.0074626865671641,
2025-12,ID:11905,贰美医疗,负责人 B,MID,NO_PRIORITY,44815.44,41554.34,3261.100000000006,0.0,0.0784779640345629,53.0,-1.0,0.0036383870448606,,NO_ALERT,MISSING,NAME_MATCHED,0.0045913682277318,
2025-12,ID:11908,药精采,负责人 B,MID,NO_PRIORITY,58101.96,69050.99,-10949.030000000006,10949.030000000006,-0.1585644173964776,49.0,7.0,0.0060459202925807,,NO_ALERT,MISSING,NAME_MATCHED,0.0286168521462639,
2025-12,ID:11984,四川北尘,负责人 B,MID,NO_PRIORITY,82448.34,47545.26,34903.079999999994,0.0,0.7341022007241098,40.0,-9.0,0.0041629360020765,,NO_ALERT,MISSING,NAME_MATCHED,0.0245901639344262,
2025-12,ID:12380,纽瑞特,负责人 B,LONG_TAIL,ATTENTION,0.0,213.4,-213.4,213.4,-1.0,81.0,2.0,1.8684734142649195e-05,Trend|Relative Position,NO_ALERT,MISSING,ID_MATCHED,,Trend: GMV环比-100.0%；Relative Position: 排名变化2，同月分位10.1%
2025-12,ID:12382,四川奥慈,负责人 B,MID,NO_PRIORITY,149277.56,86843.36,62434.2,0.0,0.7189288852941664,30.0,-9.0,0.0076037726975369,,NO_ALERT,MISSING,NAME_MATCHED,0.022964509394572,
2025-12,ID:1257,辉莹医疗,负责人 B,LONG_TAIL,WATCHLIST,0.0,0.0,0.0,0.0,,81.0,0.0,0.0,Relative Position,NO_ALERT,MISSING,ID_MATCHED,,Relative Position: 排名变化0，同月分位10.1%
2025-12,ID:12642,九之堂旗舰店,负责人 B,MID,WATCHLIST,61399.5,55896.54,5502.959999999999,0.0,0.0984490274353295,46.0,-1.0,0.0048941517778535,Service,NO_ALERT,MISSING,NAME_MATCHED,0.0174757281553398,Service: 售后率1.7%，环比变化185.4%
2025-12,ID:12823,众维器械,负责人 B,LONG_TAIL,WATCHLIST,0.0,0.0,0.0,0.0,,81.0,0.0,0.0,Relative Position,NO_ALERT,MISSING,ID_MATCHED,,Relative Position: 排名变化0，同月分位10.1%
2025-12,ID:12947,江西省战狼商贸,负责人 B,MID,NO_PRIORITY,396016.33,129462.18,266554.15,0.0,2.058934508904454,8.0,-23.0,0.01133536276864,,NO_ALERT,MISSING,NAME_MATCHED,0.0075239398084815,
2025-12,ID:12980,有之源旗舰店,负责人 B,MID,NO_PRIORITY,88268.82,17980.9,70287.92000000001,0.0,3.90903236211758,39.0,-22.0,0.0015743595883109,,NO_ALERT,MISSING,NAME_MATCHED,0.0273972602739726,
2025-12,ID:13094,四川唤初新材料,负责人 B,LONG_TAIL,WATCHLIST,0.0,0.0,0.0,0.0,,81.0,0.0,0.0,Relative Position,NO_ALERT,MISSING,ID_MATCHED,,Relative Position: 排名变化0，同月分位10.1%
2025-12,ID:13249,成都锦莱源商贸,负责人 B,LONG_TAIL,WATCHLIST,0.0,0.0,0.0,0.0,,81.0,0.0,0.0,Relative Position,NO_ALERT,MISSING,ID_MATCHED,,Relative Position: 排名变化0，同月分位10.1%
2025-12,ID:1350,希尔康,负责人 B,KEY,WATCHLIST,414147.85,460503.99,-46356.140000000014,46356.140000000014,-0.1006639269292759,7.0,3.0,0.0403204996475125,Scale / Impact,NO_ALERT,MISSING,NAME_MATCHED,0.0240770465489566,Scale / Impact: GMV损失46356.14，上月区域占比4.0%
2025-12,ID:13778,众维堂器械,负责人 B,MID,WATCHLIST,119876.39,137515.75,-17639.36,17639.36,-0.1282715616211234,35.0,7.0,0.0120405118518135,Service,NO_ALERT,MISSING,NAME_MATCHED,0.0089858793324775,Service: 售后率0.9%，环比变化621.6%
2025-12,ID:14256,四川瑞锦医药科技,负责人 B,LONG_TAIL,NO_PRIORITY,3218.58,3073.4,145.17999999999984,0.0,0.0472375870371575,76.0,0.0,0.0002690986968791,,NO_ALERT,MISSING,NAME_MATCHED,0.0357142857142857,
2025-12,ID:14726,四川然柠安,负责人 B,MID,NO_PRIORITY,149486.89,140749.44,8737.450000000012,0.0,0.0620780445023441,29.0,2.0,0.0123236451130588,,NO_ALERT,MISSING,ID_MATCHED,0.0121703853955375,
2025-12,ID:14782,四川弗佑斯贸易,负责人 B,KEY,WATCHLIST,295697.13,242498.2,53198.92999999999,0.0,0.2193786593055122,16.0,0.0,0.0212324948316353,Scale / Impact,NO_ALERT,MISSING,NAME_MATCHED,0.0135640785781103,Scale / Impact: GMV损失0.00，上月区域占比2.1%
2025-12,ID:1513,长盛医药科技,负责人 B,MID,WATCHLIST,4800.5,5968.31,-1167.8100000000004,1167.8100000000004,-0.1956684555594465,74.0,1.0,0.000522569285993,Service,NO_ALERT,MISSING,NAME_MATCHED,0.0555555555555555,Service: 售后率5.6%，环比变化22.2%
2025-12,ID:15134,【退店公示中】成都宝和堂科技,负责人 B,LONG_TAIL,WATCHLIST,0.0,0.0,0.0,0.0,,81.0,0.0,0.0,Relative Position,NO_ALERT,MISSING,ID_MATCHED,,Relative Position: 排名变化0，同月分位10.1%
2025-12,ID:15251,四川宜初霁,负责人 B,KEY,ATTENTION,311103.83,276169.77,34934.06,0.0,0.1264948730630437,14.0,-1.0,0.0241806875852229,Scale / Impact|Service,NO_ALERT,MISSING,NAME_MATCHED,0.060183611016661,Scale / Impact: GMV损失0.00，上月区域占比2.4%；Service: 售后率6.0%，环比变化18.8%
2025-12,ID:15504,多多医生,负责人 B,KEY,WATCHLIST,226974.48,223024.9,3949.580000000016,0.0,0.0177091436875433,20.0,3.0,0.0195274646845872,Scale / Impact,NO_ALERT,MISSING,NAME_MATCHED,0.0273584905660377,Scale / Impact: GMV损失0.00，上月区域占比2.0%
2025-12,ID:15756,四川瑾辉医疗器械,负责人 B,MID,NO_PRIORITY,32166.39,29906.91,2259.48,0.0,0.075550432993579,58.0,0.0,0.0026185691770296,,NO_ALERT,MISSING,NAME_MATCHED,0.0031347962382445,
2025-12,ID:15847,成都市嘉乐康健医疗器械,负责人 B,MID,WATCHLIST,134409.7,9716.93,124692.77000000002,0.0,12.83252735174587,32.0,-38.0,0.0008507884429837,Service,NO_ALERT,MISSING,NAME_MATCHED,0.0280269058295964,Service: 售后率2.8%，环比变化295.2%
2025-12,ID:16025,四川微至,负责人 B,KEY,PRIORITY,97045.46,189580.33,-92534.86999999998,92534.86999999998,-0.4881037500040219,36.0,15.0,0.0165991474448252,Trend|Scale / Impact|Relative Position|Service,NO_ALERT,MISSING,NAME_MATCHED,0.0269461077844311,Trend: GMV环比-48.8%，连续下降4个月；Scale / Impact: GMV损失92534.87，上月区域占比1.7%；Relative Position: 排名变化15，同月分位64.6%；Service: 售后率2.7%，环比变化253.9%
2025-12,ID:16163,济郎中医药科技,负责人 B,KEY,WATCHLIST,579023.65,571879.35,7144.300000000047,0.0,0.0124926700011114,4.0,2.0,0.0500722287554874,Scale / Impact,NO_ALERT,MISSING,NAME_MATCHED,0.0164424514200299,Scale / Impact: GMV损失0.00，上月区域占比5.0%
2025-12,ID:16231,非药易,负责人 B,MID,NO_PRIORITY,4973.15,3728.51,1244.6399999999994,0.0,0.333816993919823,73.0,-1.0,0.0003264583790918,,NO_ALERT,MISSING,ID_MATCHED,0.015,
2025-12,ID:16711,鑫宇豪旗舰店,负责人 B,MID,PRIORITY,11783.65,19502.15,-7718.500000000002,7718.500000000002,-0.3957768758829155,69.0,9.0,0.0017075561760078,Trend|Relative Position,NO_ALERT,MISSING,ID_MATCHED,0.0,Trend: GMV环比-39.6%，连续下降5个月；Relative Position: 排名变化9，同月分位31.3%
2025-12,ID:16854,成都原数生物,负责人 B,LONG_TAIL,WATCHLIST,0.0,0.0,0.0,0.0,,81.0,0.0,0.0,Relative Position,NO_ALERT,MISSING,ID_MATCHED,,Relative Position: 排名变化0，同月分位10.1%
2025-12,ID:17301,四川牙易,负责人 B,LONG_TAIL,WATCHLIST,0.0,0.0,0.0,0.0,,81.0,0.0,0.0,Relative Position,NO_ALERT,MISSING,ID_MATCHED,,Relative Position: 排名变化0，同月分位10.1%
2025-12,ID:17386,保和堂,负责人 B,KEY,NO_PRIORITY,188960.3,182182.41,6777.889999999985,0.0,0.0372038661690774,25.0,3.0,0.0159514053248224,,NO_ALERT,MISSING,NAME_MATCHED,0.010027662517289,
2025-12,ID:17613,远聚隆创旗舰店,负责人 B,MID,NO_PRIORITY,256426.63,90342.74,166083.89,0.0,1.838375612694501,19.0,-17.0,0.007910169065691,,NO_ALERT,MISSING,NAME_MATCHED,0.0112589559877175,
2025-12,ID:17614,成都铸盛医疗器械,负责人 B,MID,WATCHLIST,23015.0,11340.0,11675.0,0.0,1.0295414462081127,63.0,-5.0,0.0009929001179833,Service,NO_ALERT,MISSING,ID_MATCHED,0.0714285714285714,Service: 售后率7.1%
2025-12,ID:17716,致呈优选,负责人 B,MID,NO_PRIORITY,44119.6,46945.91,-2826.310000000005,2826.310000000005,-0.0602035406279269,54.0,4.0,0.0041104585165639,,NO_ALERT,MISSING,NAME_MATCHED,0.0027137042062415,
2025-12,ID:17859,四川亦辰美唯网络科技,负责人 B,MID,PRIORITY,41198.15,42288.27,-1090.1199999999951,1090.1199999999951,-0.0257783068449003,55.0,4.0,0.0037026479957946,Trend,NO_ALERT,MISSING,NAME_MATCHED,0.0277392510402219,Trend: GMV环比-2.6%，连续下降6个月
2025-12,ID:17862,【已退店】医道彤行,负责人 B,LONG_TAIL,WATCHLIST,0.0,0.0,0.0,0.0,,81.0,0.0,0.0,Relative Position,NO_ALERT,MISSING,ID_MATCHED,,Relative Position: 排名变化0，同月分位10.1%
2025-12,ID:18090,天启明,负责人 B,MID,NO_PRIORITY,12769.97,14521.03,-1751.0600000000013,1751.0600000000013,-0.1205878646349467,65.0,0.0,0.0012714226102503,,NO_ALERT,MISSING,ID_MATCHED,0.0093457943925233,
2025-12,ID:18134,四川奇力康健康科技,负责人 B,MID,NO_PRIORITY,90349.78,106811.92,-16462.14,16462.14,-0.1541226859324315,38.0,5.0,0.0093521664876565,,NO_ALERT,MISSING,NAME_MATCHED,0.0133982947624847,
2025-12,ID:18152,亦蓝辰美,负责人 B,MID,NO_PRIORITY,66655.03,78849.76,-12194.729999999996,12194.729999999996,-0.1546577947732497,44.0,4.0,0.0069038744274212,,NO_ALERT,MISSING,NAME_MATCHED,0.0268542199488491,
2025-12,ID:18517,聚药汇,负责人 B,KEY,ATTENTION,606770.74,452797.58,153973.15999999997,0.0,0.3400485488460427,3.0,-2.0,0.0396457469668928,Scale / Impact|Service,NO_ALERT,MISSING,NAME_MATCHED,0.0636222567058301,Scale / Impact: GMV损失0.00，上月区域占比4.0%；Service: 售后率6.4%，环比变化0.9%
2025-12,ID:18716,【已退店】悦美康宸,负责人 B,LONG_TAIL,WATCHLIST,0.0,0.0,0.0,0.0,,81.0,0.0,0.0,Relative Position,NO_ALERT,MISSING,ID_MATCHED,,Relative Position: 排名变化0，同月分位10.1%
2025-12,ID:19233,成都至本生物科技,负责人 B,MID,NO_PRIORITY,7660.88,9728.02,-2067.1400000000003,2067.1400000000003,-0.212493395367197,71.0,2.0,0.0008517594537693,,NO_ALERT,MISSING,NAME_MATCHED,0.0208333333333333,
2025-12,ID:19239,有识医药,负责人 B,MID,PRIORITY,11421.69,17271.89,-5850.199999999999,5850.199999999999,-0.3387122081022979,70.0,8.0,0.0015122805660313,Trend|Relative Position,NO_ALERT,MISSING,NAME_MATCHED,0.0526315789473684,Trend: GMV环比-33.9%，连续下降3个月；Relative Position: 排名变化8，同月分位30.3%
2025-12,ID:19273,鑫众维医药,负责人 B,MID,NO_PRIORITY,128576.37,93527.74,35048.62999999999,0.0,0.3747404780656518,33.0,-2.0,0.0081890391605567,,NO_ALERT,MISSING,NAME_MATCHED,0.0201729106628242,
2025-12,ID:1957,臻品堂医药,负责人 B,KEY,NO_PRIORITY,136160.89,162806.41,-26645.51999999999,26645.51999999999,-0.1636638262584377,31.0,7.0,0.0142548945059472,,NO_ALERT,MISSING,NAME_MATCHED,0.0159189580318379,
2025-12,ID:1970,成都诚美,负责人 B,KEY,WATCHLIST,495304.45,409672.55,85631.90000000002,0.0,0.2090252324692001,5.0,-2.0,0.0358698344999585,Scale / Impact,NO_ALERT,MISSING,NAME_MATCHED,0.0136142625607779,Scale / Impact: GMV损失0.00，上月区域占比3.6%
2025-12,ID:19743,梦方迪,负责人 B,LONG_TAIL,WATCHLIST,0.0,0.0,0.0,0.0,,81.0,0.0,0.0,Relative Position,NO_ALERT,MISSING,ID_MATCHED,,Relative Position: 排名变化0，同月分位10.1%
2025-12,ID:20204,四川永瑞康健医药科技,负责人 B,KEY,WATCHLIST,323348.19,311522.04,11826.150000000023,0.0,0.037962482526116,13.0,0.0,0.0272760379427166,Scale / Impact,NO_ALERT,MISSING,NAME_MATCHED,0.0072062084257206,Scale / Impact: GMV损失0.00，上月区域占比2.7%
2025-12,ID:2021,榕庆商贸,负责人 B,MID,NO_PRIORITY,30980.16,35065.66,-4085.500000000004,4085.500000000004,-0.1165099986710646,59.0,4.0,0.0030702555512489,,NO_ALERT,MISSING,NAME_MATCHED,0.0260223048327137,
2025-12,ID:20230,四川多多邦健康管理,负责人 B,MID,NO_PRIORITY,182810.3,135255.64,47554.65999999997,0.0,0.351590957685757,26.0,-4.0,0.0118426226555476,,NO_ALERT,MISSING,NAME_MATCHED,,
2025-12,ID:2080,深圳亿乐康,负责人 B,KEY,PRIORITY,288618.22,295210.73,-6592.510000000009,6592.510000000009,-0.0223315392363956,18.0,4.0,0.0258478631963795,Trend|Scale / Impact,NO_ALERT,MISSING,ID_MATCHED,0.0054187192118226,Trend: GMV环比-2.2%，连续下降5个月；Scale / Impact: GMV损失6592.51，上月区域占比2.6%
2025-12,ID:2084,鲁鸿医疗,负责人 B,KEY,WATCHLIST,2044412.06,1311975.89,732436.1700000002,0.0,0.55826953496836,1.0,0.0,0.1148731054649276,Scale / Impact,NO_ALERT,MISSING,NAME_MATCHED,0.0122390208783297,Scale / Impact: GMV损失0.00，上月区域占比11.5%
2025-12,ID:21117,四川赤泉甘木生物科技,,LONG_TAIL,WATCHLIST,812.0,3305.95,-2493.95,2493.95,-0.7543822501852719,79.0,4.0,0.0002894601538842,Trend,NO_ALERT,MISSING,ID_MATCHED,0.0,Trend: GMV环比-75.4%
2025-12,ID:2116,锦仁堂,负责人 B,MID,NO_PRIORITY,66893.94,62636.58,4257.360000000001,0.0,0.0679692282049881,43.0,-1.0,0.0054842916818405,,NO_ALERT,MISSING,NAME_MATCHED,0.0455531453362256,
2025-12,ID:21206,四川共创盛世商贸,,MID,ATTENTION,52606.0,89642.26,-37036.26,37036.26,-0.4131562501882482,50.0,13.0,0.0078488369074331,Relative Position|Service,NO_ALERT,MISSING,NAME_MATCHED,0.0133928571428571,Relative Position: 排名变化13，同月分位50.5%；Service: 售后率1.3%，环比变化176.6%
2025-12,ID:2170,康爱多医药,负责人 B,MID,NO_PRIORITY,122820.97,135569.64,-12748.670000000013,12748.670000000013,-0.0940377948927209,34.0,5.0,0.0118701156570508,,NO_ALERT,MISSING,NAME_MATCHED,0.0108949416342412,
2025-12,ID:2182,舒力特,负责人 B,MID,NO_PRIORITY,27293.8,31130.16,-3836.3600000000006,3836.3600000000006,-0.1232361157154348,60.0,3.0,0.0027256736804973,,NO_ALERT,MISSING,NAME_MATCHED,0.0071174377224199,
2025-12,ID:21964,四川承泰仁商贸,,MID,NO_PRIORITY,59692.41,65371.99,-5679.5799999999945,5679.5799999999945,-0.0868809409045066,47.0,4.0,0.0057237968768787,,NO_ALERT,MISSING,NAME_MATCHED,0.0109649122807017,
2025-12,ID:22033,重庆铃宇消费品供应链,,MID,ATTENTION,4693.42,12300.52,-7607.1,7607.1,-0.6184372693186955,75.0,8.0,0.0010770006842377,Trend|Relative Position,NO_ALERT,MISSING,NAME_MATCHED,0.04,Trend: GMV环比-61.8%；Relative Position: 排名变化8，同月分位25.3%
2025-12,ID:2205,成都墨芑,负责人 B,KEY,PRIORITY,204873.52,222366.17,-17492.650000000023,17492.650000000023,-0.0786659679392779,21.0,2.0,0.0194697880448413,Trend|Scale / Impact,NO_ALERT,MISSING,ID_MATCHED,0.0216216216216216,Trend: GMV环比-7.9%，连续下降3个月；Scale / Impact: GMV损失17492.65，上月区域占比1.9%
2025-12,ID:2245,蒙特生物,负责人 B,MID,NO_PRIORITY,73519.8,88857.52,-15337.72,15337.72,-0.1726102641622228,41.0,3.0,0.0077801271685807,,NO_ALERT,MISSING,NAME_MATCHED,0.0165441176470588,
2025-12,ID:22679,江西古戈尔商贸,,MID,NO_PRIORITY,36585.54,31922.61,4662.93,0.0,0.1460698232381374,57.0,1.0,0.0027950584863611,,NO_ALERT,MISSING,NAME_MATCHED,0.0086767895878524,
2025-12,ID:22862,四川众恩德科技,,MID,NO_PRIORITY,62740.55,6404.26,56336.29,0.0,8.796690015708295,45.0,-27.0,0.0005607399038444,,NO_ALERT,MISSING,NAME_MATCHED,0.0177304964539007,
2025-12,ID:22917,成都天蕊贸易,,KEY,ATTENTION,295319.97,326738.6,-31418.630000000005,31418.630000000005,-0.0961583051405619,17.0,8.0,0.0286083593024432,Scale / Impact|Relative Position,NO_ALERT,MISSING,NAME_MATCHED,0.0202913631633714,Scale / Impact: GMV损失31418.63，上月区域占比2.9%；Relative Position: 排名变化8，同月分位83.8%
2025-12,ID:22940,四川壹贝佳健康咨询,,KEY,WATCHLIST,364063.98,442534.83,-78470.85000000003,78470.85000000003,-0.1773212969474065,9.0,3.0,0.0387471679822514,Scale / Impact,NO_ALERT,MISSING,NAME_MATCHED,0.0063262539539087,Scale / Impact: GMV损失78470.85，上月区域占比3.9%
2025-12,ID:23028,重庆小橘灯商贸,,LONG_TAIL,NO_PRIORITY,7402.48,2975.7,4426.78,0.0,1.4876432436065463,72.0,-5.0,0.0002605443457745,,NO_ALERT,MISSING,NAME_MATCHED,0.03,
2025-12,ID:23497,重庆赛迪亨商贸,,LONG_TAIL,NO_PRIORITY,722.98,0.0,722.98,0.0,,80.0,-1.0,0.0,,NO_ALERT,MISSING,NAME_MATCHED,0.0208333333333333,
2025-12,ID:23871,好品惠,,LONG_TAIL,WATCHLIST,0.0,0.0,0.0,0.0,,81.0,0.0,0.0,Relative Position,NO_ALERT,MISSING,NAME_MATCHED,,Relative Position: 排名变化0，同月分位10.1%
2025-12,ID:24075,好尔思健康,,LONG_TAIL,WATCHLIST,0.0,0.0,0.0,0.0,,81.0,0.0,0.0,Relative Position,NO_ALERT,MISSING,NAME_MATCHED,,Relative Position: 排名变化0，同月分位10.1%
2025-12,ID:24236,重庆即美购供应链管理,,UNAVAILABLE,DATA_QUALITY_ALERT,,,,,,,,,,NO_ALERT,MISSING,NAME_MATCHED,,
2025-12,ID:24287,四川美恩堂医药,,UNAVAILABLE,DATA_QUALITY_ALERT,,,,,,,,,,NO_ALERT,MISSING,NAME_MATCHED,,
2025-12,ID:24447,成都德善堂生物科技,,UNAVAILABLE,DATA_QUALITY_ALERT,,,,,,,,,,NO_ALERT,MISSING,NAME_MATCHED,,
2025-12,ID:24474,成都三合力医疗用品,,UNAVAILABLE,DATA_QUALITY_ALERT,,,,,,,,,,NO_ALERT,MISSING,NAME_MATCHED,,
2025-12,ID:24489,成都喜之安健康咨询,,UNAVAILABLE,DATA_QUALITY_ALERT,,,,,,,,,,NO_ALERT,MISSING,NAME_MATCHED,,
2025-12,ID:24491,四川蓝漂日用品,,UNAVAILABLE,DATA_QUALITY_ALERT,,,,,,,,,,NO_ALERT,MISSING,NAME_MATCHED,,
2025-12,ID:24513,成都瑞舒达健康管理,,UNAVAILABLE,DATA_QUALITY_ALERT,,,,,,,,,,NO_ALERT,MISSING,NAME_MATCHED,,
2025-12,ID:24713,四川蜀妈妈生物科技,,UNAVAILABLE,DATA_QUALITY_ALERT,,,,,,,,,,NO_ALERT,MISSING,NAME_MATCHED,,
2025-12,ID:24732,四川康福达医疗科技,,UNAVAILABLE,DATA_QUALITY_ALERT,,,,,,,,,,NO_ALERT,MISSING,NAME_MATCHED,,
2025-12,ID:24857,四川汇天美优贸易,,UNAVAILABLE,DATA_QUALITY_ALERT,,,,,,,,,,NO_ALERT,MISSING,NAME_MATCHED,,
2025-12,ID:24874,陕西商玺伟康医药用品,,UNAVAILABLE,DATA_QUALITY_ALERT,,,,,,,,,,NO_ALERT,MISSING,NAME_MATCHED,,
2025-12,ID:24989,盛弘康品,,UNAVAILABLE,DATA_QUALITY_ALERT,,,,,,,,,,NO_ALERT,MISSING,NAME_MATCHED,,
2025-12,ID:25025,成都御养集商贸,,UNAVAILABLE,DATA_QUALITY_ALERT,,,,,,,,,,NO_ALERT,MISSING,NAME_MATCHED,,
2025-12,ID:2563,成都天然堂,负责人 B,MID,NO_PRIORITY,158272.87,93735.04,64537.83,0.0,0.6885133883764278,28.0,-6.0,0.0082071897949886,,NO_ALERT,MISSING,NAME_MATCHED,0.0366713681241184,
2025-12,ID:2837,四川多乐士,负责人 B,KEY,WATCHLIST,349184.96,325883.74,23301.22000000003,0.0,0.071501634294488,10.0,0.0,0.0285335100436373,Scale / Impact,NO_ALERT,MISSING,NAME_MATCHED,0.0165408126573175,Scale / Impact: GMV损失0.00，上月区域占比2.9%
2025-12,ID:3001,华药天康,负责人 B,MID,NO_PRIORITY,59417.04,59026.12,390.9199999999983,0.0,0.0066228307061348,48.0,3.0,0.0051681694455112,,NO_ALERT,MISSING,NAME_MATCHED,0.0240202275600505,
2025-12,ID:3279,四川朝利,负责人 B,MID,WATCHLIST,24781.4,16948.93,7832.470000000001,0.0,0.4621217976592033,62.0,-1.0,0.0014840030508545,Service,NO_ALERT,MISSING,NAME_MATCHED,0.0245098039215686,Service: 售后率2.5%，环比变化289.7%
2025-12,ID:3314,上品康健,负责人 B,MID,WATCHLIST,25565.0,41956.02,-16391.019999999997,16391.019999999997,-0.3906714697914625,61.0,9.0,0.0036735570730256,Relative Position,NO_ALERT,MISSING,NAME_MATCHED,0.0197368421052631,Relative Position: 排名变化9，同月分位39.4%
2025-12,ID:3787,蓉易购,负责人 B,MID,NO_PRIORITY,12360.63,16062.1,-3701.470000000001,3701.470000000001,-0.2304474508314604,68.0,4.0,0.0014063545842204,,NO_ALERT,MISSING,NAME_MATCHED,0.0434782608695652,
2025-12,ID:4216,壹药师,负责人 B,KEY,WATCHLIST,790303.76,461405.83,328897.93,0.0,0.7128170227064534,2.0,-1.0,0.0403994623496644,Scale / Impact,NO_ALERT,MISSING,NAME_MATCHED,0.0320602174519096,Scale / Impact: GMV损失0.00，上月区域占比4.0%
2025-12,ID:4930,大圣旗舰店,负责人 B,KEY,NO_PRIORITY,332223.71,217662.8,114560.91000000005,0.0,0.5263228718917521,12.0,-8.0,0.0190579735273881,,NO_ALERT,MISSING,NAME_MATCHED,0.0096079938508839,
2025-12,ID:5293,成都利民康,负责人 B,MID,NO_PRIORITY,12489.26,8510.16,3979.1,0.0,0.4675705274636434,67.0,-4.0,0.0007451268843083,,NO_ALERT,MISSING,NAME_MATCHED,0.0067114093959731,
2025-12,ID:5379,四川长生康,负责人 B,MID,NO_PRIORITY,91599.9,112215.6,-20615.70000000001,20615.70000000001,-0.1837150984355117,37.0,5.0,0.0098252982786216,,NO_ALERT,MISSING,NAME_MATCHED,0.0178997613365155,
2025-12,ID:5504,亿辰科技,负责人 B,MID,PRIORITY,52475.81,55330.0,-2854.1900000000023,2854.1900000000023,-0.0515848545093078,51.0,3.0,0.004844547048326,Trend,NO_ALERT,MISSING,NAME_MATCHED,0.0276381909547738,Trend: GMV环比-5.2%，连续下降5个月
2025-12,ID:6256,四川锐源通,负责人 B,MID,NO_PRIORITY,39305.36,41877.69,-2572.3300000000017,2572.3300000000017,-0.0614248302616501,56.0,3.0,0.0036666987073958,,NO_ALERT,MISSING,NAME_MATCHED,0.0170316301703163,
2025-12,ID:6326,成都福美康,负责人 B,LONG_TAIL,WATCHLIST,0.0,0.0,0.0,0.0,,81.0,0.0,0.0,Relative Position,NO_ALERT,MISSING,ID_MATCHED,,Relative Position: 排名变化0，同月分位10.1%
2025-12,ID:7119,鑫强劲,负责人 B,MID,NO_PRIORITY,22140.08,28966.83,-6826.75,6826.75,-0.2356747355509733,64.0,5.0,0.0025362582825928,,NO_ALERT,MISSING,NAME_MATCHED,0.0082304526748971,
2025-12,ID:720,丽康琴保健品,负责人 B,MID,WATCHLIST,72230.27,76806.85,-4576.580000000002,4576.580000000002,-0.0595855708182277,42.0,1.0,0.0067250026831505,Service,NO_ALERT,MISSING,NAME_MATCHED,0.0332640332640332,Service: 售后率3.3%，环比变化170.4%
2025-12,ID:7201,恒生医疗,负责人 B,KEY,WATCHLIST,334861.27,320343.81,14517.46000000002,0.0,0.0453183721577139,11.0,0.0,0.0280484485665104,Scale / Impact,NO_ALERT,MISSING,NAME_MATCHED,0.0124031007751938,Scale / Impact: GMV损失0.00，上月区域占比2.8%
2025-12,ID:7370,乐宜堂,负责人 B,KEY,WATCHLIST,199358.62,172579.49,26779.130000000005,0.0,0.1551698292769321,23.0,0.0,0.0151105992929896,Service,NO_ALERT,MISSING,NAME_MATCHED,0.0277777777777777,Service: 售后率2.8%，环比变化338.9%
2025-12,ID:8187,四川吉瑞兴,负责人 B,KEY,PRIORITY,308399.56,318855.31,-10455.75,10455.75,-0.0327915191376301,15.0,3.0,0.0279181194813589,Trend|Scale / Impact,NO_ALERT,MISSING,ID_MATCHED,0.0091623036649214,Trend: GMV环比-3.3%，连续下降3个月；Scale / Impact: GMV损失10455.75，上月区域占比2.8%
2025-12,ID:8188,康晟旗舰店,负责人 B,LONG_TAIL,WATCHLIST,0.0,0.0,0.0,0.0,,81.0,0.0,0.0,Relative Position,NO_ALERT,MISSING,ID_MATCHED,,Relative Position: 排名变化0，同月分位10.1%
2025-12,ID:8235,福信美商贸,负责人 B,KEY,NO_PRIORITY,200400.26,158680.29,41719.97,0.0,0.2629184128665256,22.0,-3.0,0.0138936224570219,,NO_ALERT,MISSING,NAME_MATCHED,0.0169491525423728,
2025-12,ID:8521,聚美健,负责人 B,MID,NO_PRIORITY,176672.62,158054.72,18617.899999999998,0.0,0.1177940146298699,27.0,1.0,0.0138388492183264,,NO_ALERT,MISSING,NAME_MATCHED,0.0202086049543676,
2025-12,ID:8913,【2024/10/31关店】活玉旗舰店,负责人 B,LONG_TAIL,WATCHLIST,0.0,0.0,0.0,0.0,,81.0,0.0,0.0,Relative Position,NO_ALERT,MISSING,ID_MATCHED,,Relative Position: 排名变化0，同月分位10.1%
2025-12,ID:8930,惠仁棠,负责人 B,LONG_TAIL,WATCHLIST,0.0,0.0,0.0,0.0,,81.0,0.0,0.0,Relative Position,NO_ALERT,MISSING,ID_MATCHED,,Relative Position: 排名变化0，同月分位10.1%
2025-12,ID:9348,平康购,负责人 B,LONG_TAIL,NO_PRIORITY,1725.06,2607.3,-882.2400000000002,882.2400000000002,-0.3383730295708205,77.0,-1.0,0.0002282882255394,,NO_ALERT,MISSING,ID_MATCHED,0.0,
2025-12,ID:960,【退店公示中】欣乐士(原亮剑),负责人 B,LONG_TAIL,WATCHLIST,0.0,0.0,0.0,0.0,,81.0,0.0,0.0,Relative Position,NO_ALERT,MISSING,ID_MATCHED,,Relative Position: 排名变化0，同月分位10.1%
2025-12,NAME:内蒙古康依商贸,内蒙古康依商贸,,UNAVAILABLE,DATA_QUALITY_ALERT,,,,,,,,,,DATA_QUALITY_ALERT,UNRESOLVED_MERCHANT,UNRESOLVED,,
2025-12,NAME:四川聚俊仁信医疗器械,四川聚俊仁信医疗器械,,UNAVAILABLE,DATA_QUALITY_ALERT,,,,,,,,,,DATA_QUALITY_ALERT,UNRESOLVED_MERCHANT,UNRESOLVED,,
2025-12,NAME:成都八百供应链管理,成都八百供应链管理,,UNAVAILABLE,DATA_QUALITY_ALERT,,,,,,,,,,DATA_QUALITY_ALERT,UNRESOLVED_MERCHANT,UNRESOLVED,,
2025-12,NAME:湛江市远潮食品,湛江市远潮食品,,UNAVAILABLE,DATA_QUALITY_ALERT,,,,,,,,,,DATA_QUALITY_ALERT,UNRESOLVED_MERCHANT,UNRESOLVED,,
2025-12,NAME:燊楠贸易,燊楠贸易,,UNAVAILABLE,DATA_QUALITY_ALERT,,,,,,,,,,DATA_QUALITY_ALERT,UNRESOLVED_MERCHANT,UNRESOLVED,,
2025-12,NAME:重庆和煜医疗器械,重庆和煜医疗器械,,UNAVAILABLE,DATA_QUALITY_ALERT,,,,,,,,,,DATA_QUALITY_ALERT,UNRESOLVED_MERCHANT,UNRESOLVED,,
2026-01,ID:11125,药悦网,负责人 B,LONG_TAIL,WATCHLIST,0.0,0.0,0.0,0.0,,82.0,1.0,0.0,Relative Position,NO_ALERT,MISSING,ID_MATCHED,,Relative Position: 排名变化1，同月分位9.6%
2026-01,ID:1140,都尔东康,负责人 B,MID,NO_PRIORITY,17911.74,12727.05,5184.690000000002,0.0,0.4073756290735089,65.0,-1.0,0.000933511420432,,NO_ALERT,MISSING,NAME_MATCHED,0.0,
2026-01,ID:1142,普宁普慈,负责人 B,KEY,NO_PRIORITY,149577.84,198022.37,-48444.53,48444.53,-0.2446417038640634,25.0,1.0,0.0145246654877618,,NO_ALERT,MISSING,NAME_MATCHED,0.0144278606965174,
2026-01,ID:11628,子钦医疗,,LONG_TAIL,WATCHLIST,664.0,984.0,-320.0,320.0,-0.3252032520325203,81.0,3.0,7.217503173988706e-05,Relative Position,NO_ALERT,MISSING,NAME_MATCHED,0.0,Relative Position: 排名变化3，同月分位19.2%
2026-01,ID:11854,诺和堂,负责人 B,KEY,ATTENTION,254556.91,483017.11,-228460.2,228460.2,-0.4729857292218903,15.0,9.0,0.0354286333792261,Scale / Impact|Relative Position,NO_ALERT,MISSING,NAME_MATCHED,0.0159211523881728,Scale / Impact: GMV损失228460.20，上月区域占比3.5%；Relative Position: 排名变化9，同月分位85.9%
2026-01,ID:11860,一玖堂,负责人 B,MID,NO_PRIORITY,61263.46,50370.28,10893.18,0.0,0.2162620497642657,42.0,-10.0,0.0036945899977103,,NO_ALERT,MISSING,NAME_MATCHED,0.0092735703245749,
2026-01,ID:11905,贰美医疗,负责人 B,MID,NO_PRIORITY,48717.08,44815.44,3901.64,0.0,0.0870601739043508,50.0,-3.0,0.0032871502077611,,NO_ALERT,MISSING,NAME_MATCHED,0.0115972588297311,
2026-01,ID:11908,药精采,负责人 B,MID,WATCHLIST,35324.63,58101.96,-22777.33,22777.33,-0.392023436042433,57.0,8.0,0.0042616979747455,Relative Position,NO_ALERT,MISSING,NAME_MATCHED,0.0237467018469657,Relative Position: 排名变化8，同月分位43.4%
2026-01,ID:11984,四川北尘,负责人 B,MID,NO_PRIORITY,59338.99,82448.34,-23109.35,23109.35,-0.2802888451119816,45.0,5.0,0.0060474710939034,,NO_ALERT,MISSING,NAME_MATCHED,0.0214285714285714,
2026-01,ID:12380,纽瑞特,负责人 B,LONG_TAIL,NO_PRIORITY,2086.22,0.0,2086.22,0.0,,76.0,-5.0,0.0,,NO_ALERT,MISSING,ID_MATCHED,0.0,
2026-01,ID:12382,四川奥慈,负责人 B,MID,NO_PRIORITY,169729.44,149277.56,20451.880000000005,0.0,0.1370057227623495,24.0,-6.0,0.010949301454322,,NO_ALERT,MISSING,NAME_MATCHED,0.0175182481751824,
2026-01,ID:1257,辉莹医疗,负责人 B,LONG_TAIL,WATCHLIST,0.0,0.0,0.0,0.0,,82.0,1.0,0.0,Relative Position,NO_ALERT,MISSING,ID_MATCHED,,Relative Position: 排名变化1，同月分位9.6%
2026-01,ID:12642,九之堂旗舰店,负责人 B,MID,NO_PRIORITY,125628.51,61399.5,64229.01,0.0,1.0460836000293163,31.0,-15.0,0.004503567948489,,NO_ALERT,MISSING,NAME_MATCHED,0.0085261875761266,
2026-01,ID:12823,众维器械,负责人 B,LONG_TAIL,WATCHLIST,0.0,0.0,0.0,0.0,,82.0,1.0,0.0,Relative Position,NO_ALERT,MISSING,ID_MATCHED,,Relative Position: 排名变化1，同月分位9.6%
2026-01,ID:12947,江西省战狼商贸,负责人 B,KEY,PRIORITY,96990.01,396016.33,-299026.32,299026.32,-0.7550858319403142,37.0,29.0,0.029047247141528,Trend|Scale / Impact|Relative Position|Service,NO_ALERT,MISSING,NAME_MATCHED,0.0213414634146341,Trend: GMV环比-75.5%；Scale / Impact: GMV损失299026.32，上月区域占比2.9%；Relative Position: 排名变化29，同月分位63.6%；Service: 售后率2.1%，环比变化183.6%
2026-01,ID:12980,有之源旗舰店,负责人 B,MID,PRIORITY,8197.34,88268.82,-80071.48000000001,80071.48000000001,-0.9071320994208374,69.0,30.0,0.006474395208478,Trend|Scale / Impact|Relative Position,NO_ALERT,MISSING,NAME_MATCHED,0.0,Trend: GMV环比-90.7%；Scale / Impact: GMV损失80071.48，上月区域占比0.6%；Relative Position: 排名变化30，同月分位31.3%
2026-01,ID:13094,四川唤初新材料,负责人 B,LONG_TAIL,WATCHLIST,0.0,0.0,0.0,0.0,,82.0,1.0,0.0,Relative Position,NO_ALERT,MISSING,ID_MATCHED,,Relative Position: 排名变化1，同月分位9.6%
2026-01,ID:13249,成都锦莱源商贸,负责人 B,LONG_TAIL,WATCHLIST,0.0,0.0,0.0,0.0,,82.0,1.0,0.0,Relative Position,NO_ALERT,MISSING,ID_MATCHED,,Relative Position: 排名变化1，同月分位9.6%
2026-01,ID:1350,希尔康,负责人 B,KEY,PRIORITY,410584.02,414147.85,-3563.829999999958,3563.829999999958,-0.0086052118826644,5.0,-2.0,0.0303771689214999,Trend|Scale / Impact,NO_ALERT,MISSING,NAME_MATCHED,0.0152838427947598,Trend: GMV环比-0.9%，连续下降3个月；Scale / Impact: GMV损失3563.83，上月区域占比3.0%
2026-01,ID:13778,众维堂器械,负责人 B,MID,NO_PRIORITY,86731.35,119876.39,-33145.03999999999,33145.03999999999,-0.2764934779901196,39.0,4.0,0.0087927665173913,,NO_ALERT,MISSING,NAME_MATCHED,0.007168458781362,
2026-01,ID:14256,四川瑞锦医药科技,负责人 B,LONG_TAIL,WATCHLIST,2024.4,3218.58,-1194.1799999999998,1194.1799999999998,-0.3710269746285628,77.0,1.0,0.0002360783675379,Service,NO_ALERT,MISSING,NAME_MATCHED,0.1176470588235294,Service: 售后率11.8%，环比变化229.4%
2026-01,ID:14726,四川然柠安,负责人 B,MID,NO_PRIORITY,130047.27,149486.89,-19439.62000000001,19439.62000000001,-0.1300423067200073,30.0,1.0,0.0109646555187469,,NO_ALERT,MISSING,ID_MATCHED,0.0146604938271604,
2026-01,ID:14782,四川弗佑斯贸易,负责人 B,KEY,WATCHLIST,251096.29,295697.13,-44600.84,44600.84,-0.1508328471094731,18.0,2.0,0.0216889733162027,Scale / Impact,NO_ALERT,MISSING,NAME_MATCHED,0.010326311441553,Scale / Impact: GMV损失44600.84，上月区域占比2.2%
2026-01,ID:1513,长盛医药科技,负责人 B,MID,WATCHLIST,5715.9,4800.5,915.3999999999996,0.0,0.1906884699510467,72.0,-2.0,0.0003521099998651,Service,NO_ALERT,MISSING,NAME_MATCHED,0.0851063829787234,Service: 售后率8.5%，环比变化53.2%
2026-01,ID:15134,【退店公示中】成都宝和堂科技,负责人 B,LONG_TAIL,WATCHLIST,0.0,0.0,0.0,0.0,,82.0,1.0,0.0,Relative Position,NO_ALERT,MISSING,ID_MATCHED,,Relative Position: 排名变化1，同月分位9.6%
2026-01,ID:15251,四川宜初霁,负责人 B,KEY,ATTENTION,427871.59,311103.83,116767.76,0.0,0.3753337270068324,4.0,-10.0,0.0228190333380593,Scale / Impact|Service,NO_ALERT,MISSING,NAME_MATCHED,0.0731194108364018,Scale / Impact: GMV损失0.00，上月区域占比2.3%；Service: 售后率7.3%，环比变化21.5%
2026-01,ID:15504,多多医生,负责人 B,KEY,NO_PRIORITY,222136.09,226974.48,-4838.390000000014,4838.390000000014,-0.0213168898988116,21.0,1.0,0.0166482624981141,,NO_ALERT,MISSING,NAME_MATCHED,0.0296846011131725,
2026-01,ID:15756,四川瑾辉医疗器械,负责人 B,MID,WATCHLIST,27674.32,32166.39,-4492.07,4492.07,-0.1396510457032946,59.0,1.0,0.0023593599788694,Service,NO_ALERT,MISSING,NAME_MATCHED,0.0196078431372549,Service: 售后率2.0%，环比变化525.5%
2026-01,ID:15847,成都市嘉乐康健医疗器械,负责人 B,MID,PRIORITY,6383.0,134409.7,-128026.7,128026.7,-0.9525108678912312,71.0,39.0,0.0098587645972039,Trend|Scale / Impact|Relative Position,NO_ALERT,MISSING,NAME_MATCHED,0.0465116279069767,Trend: GMV环比-95.3%；Scale / Impact: GMV损失128026.70，上月区域占比1.0%；Relative Position: 排名变化39，同月分位29.3%
2026-01,ID:16025,四川微至,负责人 B,MID,NO_PRIORITY,98567.88,97045.46,1522.4199999999985,0.0,0.0156876993524477,35.0,-1.0,0.0071181495484877,,NO_ALERT,MISSING,NAME_MATCHED,0.0138888888888888,
2026-01,ID:16163,济郎中医药科技,负责人 B,KEY,WATCHLIST,395850.22,579023.65,-183173.43000000005,183173.43000000005,-0.3163487881712604,7.0,3.0,0.0424705795903407,Scale / Impact,NO_ALERT,MISSING,NAME_MATCHED,0.0142369020501138,Scale / Impact: GMV损失183173.43，上月区域占比4.2%
2026-01,ID:16231,非药易,负责人 B,MID,NO_PRIORITY,3054.57,4973.15,-1918.5799999999997,1918.5799999999997,-0.3857876798407447,75.0,2.0,0.0003647736372939,,NO_ALERT,MISSING,ID_MATCHED,0.0384615384615384,
2026-01,ID:16711,鑫宇豪旗舰店,负责人 B,MID,PRIORITY,1976.8,11783.65,-9806.85,9806.85,-0.832242132106775,78.0,9.0,0.0008643143422375,Trend|Relative Position,NO_ALERT,MISSING,ID_MATCHED,0.0,Trend: GMV环比-83.2%，连续下降6个月；Relative Position: 排名变化9，同月分位22.2%
2026-01,ID:16854,成都原数生物,负责人 B,LONG_TAIL,WATCHLIST,0.0,0.0,0.0,0.0,,82.0,1.0,0.0,Relative Position,NO_ALERT,MISSING,ID_MATCHED,,Relative Position: 排名变化1，同月分位9.6%
2026-01,ID:17301,四川牙易,负责人 B,LONG_TAIL,WATCHLIST,0.0,0.0,0.0,0.0,,82.0,1.0,0.0,Relative Position,NO_ALERT,MISSING,ID_MATCHED,,Relative Position: 排名变化1，同月分位9.6%
2026-01,ID:17386,保和堂,负责人 B,KEY,NO_PRIORITY,231326.51,188960.3,42366.21000000002,0.0,0.224206936589326,19.0,-6.0,0.0138599752541449,,NO_ALERT,MISSING,NAME_MATCHED,0.0123847926267281,
2026-01,ID:17613,远聚隆创旗舰店,负责人 B,KEY,NO_PRIORITY,319773.26,256426.63,63346.630000000005,0.0,0.2470360820169106,13.0,-6.0,0.0188085367471567,,NO_ALERT,MISSING,NAME_MATCHED,0.0165484633569739,
2026-01,ID:17614,成都铸盛医疗器械,负责人 B,MID,PRIORITY,9900.0,23015.0,-13115.0,13115.0,-0.5698457527699327,68.0,5.0,0.0016881182474527,Trend|Service,NO_ALERT,MISSING,ID_MATCHED,0.1,Trend: GMV环比-57.0%；Service: 售后率10.0%，环比变化40.0%
2026-01,ID:17716,致呈优选,负责人 B,MID,NO_PRIORITY,43212.46,44119.6,-907.1399999999994,907.1399999999994,-0.0205609298361725,52.0,-2.0,0.0032361113113324,,NO_ALERT,MISSING,NAME_MATCHED,0.0013262599469496,
2026-01,ID:17859,四川亦辰美唯网络科技,负责人 B,MID,PRIORITY,39114.99,41198.15,-2083.1600000000035,2083.1600000000035,-0.0505644064114529,55.0,0.0,0.0030218270161327,Trend,NO_ALERT,MISSING,NAME_MATCHED,0.0221518987341772,Trend: GMV环比-5.1%，连续下降7个月
2026-01,ID:17862,【已退店】医道彤行,负责人 B,LONG_TAIL,WATCHLIST,0.0,0.0,0.0,0.0,,82.0,1.0,0.0,Relative Position,NO_ALERT,MISSING,ID_MATCHED,,Relative Position: 排名变化1，同月分位9.6%
2026-01,ID:18090,天启明,负责人 B,MID,ATTENTION,0.0,12769.97,-12769.97,12769.97,-1.0,82.0,17.0,0.0009366595427514,Trend|Relative Position,NO_ALERT,MISSING,ID_MATCHED,,Trend: GMV环比-100.0%；Relative Position: 排名变化17，同月分位9.6%
2026-01,ID:18134,四川奇力康健康科技,负责人 B,MID,NO_PRIORITY,66941.7,90349.78,-23408.08,23408.08,-0.2590828666101898,41.0,3.0,0.0066270307308859,,NO_ALERT,MISSING,NAME_MATCHED,0.0105374077976817,
2026-01,ID:18152,亦蓝辰美,负责人 B,MID,NO_PRIORITY,58148.72,66655.03,-8506.309999999998,8506.309999999998,-0.127616925534352,46.0,2.0,0.0048890537661312,,NO_ALERT,MISSING,NAME_MATCHED,0.0427461139896373,
2026-01,ID:18517,聚药汇,负责人 B,KEY,ATTENTION,342534.03,606770.74,-264236.71,264236.71,-0.4354803100755978,12.0,9.0,0.0445057900592833,Scale / Impact|Relative Position|Service,NO_ALERT,MISSING,NAME_MATCHED,0.0722150259067357,Scale / Impact: GMV损失264236.71，上月区域占比4.5%；Relative Position: 排名变化9，同月分位88.9%；Service: 售后率7.2%，环比变化13.5%
2026-01,ID:18716,【已退店】悦美康宸,负责人 B,LONG_TAIL,WATCHLIST,0.0,0.0,0.0,0.0,,82.0,1.0,0.0,Relative Position,NO_ALERT,MISSING,ID_MATCHED,,Relative Position: 排名变化1，同月分位9.6%
2026-01,ID:19233,成都至本生物科技,负责人 B,MID,WATCHLIST,7869.16,7660.88,208.27999999999972,0.0,0.0271874771566713,70.0,-1.0,0.0005619148954831,Service,NO_ALERT,MISSING,NAME_MATCHED,0.1081081081081081,Service: 售后率10.8%，环比变化418.9%
2026-01,ID:19239,有识医药,负责人 B,MID,WATCHLIST,26976.56,11421.69,15554.87,0.0,1.3618711416611728,60.0,-10.0,0.0008377650795458,Service,NO_ALERT,MISSING,NAME_MATCHED,0.10625,Service: 售后率10.6%，环比变化101.9%
2026-01,ID:19273,鑫众维医药,负责人 B,MID,NO_PRIORITY,133954.45,128576.37,5378.080000000016,0.0,0.0418279035253523,29.0,-4.0,0.0094308979529974,,NO_ALERT,MISSING,NAME_MATCHED,0.0056390977443609,
2026-01,ID:1957,臻品堂医药,负责人 B,MID,NO_PRIORITY,141489.59,136160.89,5328.699999999983,0.0,0.0391353199879935,27.0,-4.0,0.0099872119486598,,NO_ALERT,MISSING,NAME_MATCHED,0.0088809946714031,
2026-01,ID:1970,成都诚美,负责人 B,KEY,WATCHLIST,374444.62,495304.45,-120859.83000000002,120859.83000000002,-0.2440111935194606,10.0,5.0,0.0363298926825785,Scale / Impact,NO_ALERT,MISSING,NAME_MATCHED,0.0164587204672152,Scale / Impact: GMV损失120859.83，上月区域占比3.6%
2026-01,ID:19743,梦方迪,负责人 B,LONG_TAIL,WATCHLIST,0.0,0.0,0.0,0.0,,82.0,1.0,0.0,Relative Position,NO_ALERT,MISSING,ID_MATCHED,,Relative Position: 排名变化1，同月分位9.6%
2026-01,ID:20204,四川永瑞康健医药科技,负责人 B,KEY,WATCHLIST,409844.51,323348.19,86496.32,0.0,0.2675021004447249,6.0,-7.0,0.0237171401181758,Scale / Impact,NO_ALERT,MISSING,NAME_MATCHED,0.0095802919708029,Scale / Impact: GMV损失0.00，上月区域占比2.4%
2026-01,ID:2021,榕庆商贸,负责人 B,MID,NO_PRIORITY,43998.54,30980.16,13018.38,0.0,0.420216680611075,51.0,-8.0,0.002272351657832,,NO_ALERT,MISSING,NAME_MATCHED,0.0191693290734824,
2026-01,ID:20230,四川多多邦健康管理,负责人 B,MID,NO_PRIORITY,389511.18,182810.3,206700.88,0.0,1.1306850872188274,9.0,-17.0,0.0134088813057706,,NO_ALERT,MISSING,NAME_MATCHED,,
2026-01,ID:2080,深圳亿乐康,负责人 B,KEY,PRIORITY,222266.96,288618.22,-66351.25999999998,66351.25999999998,-0.2298928321295862,20.0,2.0,0.0211697451109854,Trend|Scale / Impact,NO_ALERT,MISSING,ID_MATCHED,0.0079250720461095,Trend: GMV环比-23.0%，连续下降6个月；Scale / Impact: GMV损失66351.26，上月区域占比2.1%
2026-01,ID:2084,鲁鸿医疗,负责人 B,KEY,WATCHLIST,3048483.59,2044412.06,1004071.5299999998,0.0,0.4911297236233285,1.0,0.0,0.1499547818291747,Scale / Impact,NO_ALERT,MISSING,NAME_MATCHED,0.0119412124923453,Scale / Impact: GMV损失0.00，上月区域占比15.0%
2026-01,ID:21117,四川赤泉甘木生物科技,,LONG_TAIL,PRIORITY,753.97,812.0,-58.02999999999997,58.02999999999997,-0.0714655172413792,80.0,1.0,5.9559070907305184e-05,Trend,NO_ALERT,MISSING,ID_MATCHED,0.0,Trend: GMV环比-7.1%，连续下降3个月
2026-01,ID:2116,锦仁堂,负责人 B,MID,NO_PRIORITY,60488.63,66893.94,-6405.310000000005,6405.310000000005,-0.0957532177055201,43.0,0.0,0.0049065774824249,,NO_ALERT,MISSING,NAME_MATCHED,0.04,
2026-01,ID:21206,四川共创盛世商贸,,MID,NO_PRIORITY,106946.81,52606.0,54340.81,0.0,1.0329774170246742,33.0,-17.0,0.0038585769509232,,NO_ALERT,MISSING,NAME_MATCHED,0.0058479532163742,
2026-01,ID:2170,康爱多医药,负责人 B,MID,NO_PRIORITY,138670.76,122820.97,15849.790000000008,0.0,0.1290479142120437,28.0,-6.0,0.0090087473659285,,NO_ALERT,MISSING,NAME_MATCHED,0.0094979647218453,
2026-01,ID:2182,舒力特,负责人 B,MID,NO_PRIORITY,37125.35,27293.8,9831.55,0.0,0.3602118429826553,56.0,-4.0,0.002001962277746,,NO_ALERT,MISSING,NAME_MATCHED,0.0064102564102564,
2026-01,ID:21964,四川承泰仁商贸,,MID,NO_PRIORITY,41845.63,59692.41,-17846.780000000006,17846.780000000006,-0.2989790494302375,53.0,6.0,0.0043783552707117,,NO_ALERT,MISSING,NAME_MATCHED,0.0025252525252525,
2026-01,ID:22033,重庆铃宇消费品供应链,,LONG_TAIL,NO_PRIORITY,18919.25,4693.42,14225.83,0.0,3.0310157624930225,63.0,-12.0,0.0003442558307607,,NO_ALERT,MISSING,NAME_MATCHED,0.0194805194805194,
2026-01,ID:2205,成都墨芑,负责人 B,KEY,PRIORITY,51463.26,204873.52,-153410.25999999998,153410.25999999998,-0.7488047259597043,48.0,27.0,0.0150271878136812,Trend|Scale / Impact|Relative Position,NO_ALERT,MISSING,ID_MATCHED,0.0141242937853107,Trend: GMV环比-74.9%，连续下降4个月；Scale / Impact: GMV损失153410.26，上月区域占比1.5%；Relative Position: 排名变化27，同月分位52.5%
2026-01,ID:2245,蒙特生物,负责人 B,MID,NO_PRIORITY,86961.78,73519.8,13441.979999999996,0.0,0.1828348281687382,38.0,-3.0,0.0053925751001119,,NO_ALERT,MISSING,NAME_MATCHED,0.0105633802816901,
2026-01,ID:22679,江西古戈尔商贸,,MID,NO_PRIORITY,32818.03,36585.54,-3767.510000000002,3767.510000000002,-0.1029781164908322,58.0,1.0,0.0026834984865049,,NO_ALERT,MISSING,NAME_MATCHED,0.0069124423963133,
2026-01,ID:22862,四川众恩德科技,,MID,NO_PRIORITY,122739.71,62740.55,59999.16,0.0,0.9563059297376256,32.0,-13.0,0.0046019321012479,,NO_ALERT,MISSING,NAME_MATCHED,0.0132275132275132,
2026-01,ID:22917,成都天蕊贸易,,KEY,WATCHLIST,510660.81,295319.97,215340.84000000003,0.0,0.729178050505694,2.0,-15.0,0.0216613091546468,Scale / Impact,NO_ALERT,MISSING,NAME_MATCHED,0.01287284144427,Scale / Impact: GMV损失0.00，上月区域占比2.2%
2026-01,ID:22940,四川壹贝佳健康咨询,,KEY,WATCHLIST,393978.41,364063.98,29914.429999999997,0.0,0.0821680573837597,8.0,-1.0,0.0267035866990341,Scale / Impact,NO_ALERT,MISSING,NAME_MATCHED,0.0058067192036499,Scale / Impact: GMV损失0.00，上月区域占比2.7%
2026-01,ID:23028,重庆小橘灯商贸,,MID,NO_PRIORITY,26068.03,7402.48,18665.55,0.0,2.5215265694740143,61.0,-11.0,0.0005429616147905,,NO_ALERT,MISSING,NAME_MATCHED,0.0224719101123595,
2026-01,ID:23497,重庆赛迪亨商贸,,LONG_TAIL,NO_PRIORITY,18683.85,722.98,17960.87,0.0,24.842831060333616,64.0,-16.0,5.302957769034914e-05,,NO_ALERT,MISSING,NAME_MATCHED,0.0227642276422764,
2026-01,ID:23871,好品惠,,LONG_TAIL,WATCHLIST,0.0,0.0,0.0,0.0,,82.0,1.0,0.0,Relative Position,NO_ALERT,MISSING,NAME_MATCHED,,Relative Position: 排名变化1，同月分位9.6%
2026-01,ID:24075,好尔思健康,,LONG_TAIL,NO_PRIORITY,3255.74,0.0,3255.74,0.0,,74.0,-7.0,0.0,,NO_ALERT,MISSING,NAME_MATCHED,0.0,
2026-01,ID:24236,重庆即美购供应链管理,,UNAVAILABLE,DATA_QUALITY_ALERT,,,,,,,,,,NO_ALERT,MISSING,NAME_MATCHED,,
2026-01,ID:24287,四川美恩堂医药,,UNAVAILABLE,DATA_QUALITY_ALERT,,,,,,,,,,NO_ALERT,MISSING,NAME_MATCHED,,
2026-01,ID:24447,成都德善堂生物科技,,UNAVAILABLE,DATA_QUALITY_ALERT,,,,,,,,,,NO_ALERT,MISSING,NAME_MATCHED,,
2026-01,ID:24474,成都三合力医疗用品,,UNAVAILABLE,DATA_QUALITY_ALERT,,,,,,,,,,NO_ALERT,MISSING,NAME_MATCHED,,
2026-01,ID:24489,成都喜之安健康咨询,,UNAVAILABLE,DATA_QUALITY_ALERT,,,,,,,,,,NO_ALERT,MISSING,NAME_MATCHED,,
2026-01,ID:24491,四川蓝漂日用品,,UNAVAILABLE,DATA_QUALITY_ALERT,,,,,,,,,,NO_ALERT,MISSING,NAME_MATCHED,,
2026-01,ID:24513,成都瑞舒达健康管理,,UNAVAILABLE,DATA_QUALITY_ALERT,,,,,,,,,,NO_ALERT,MISSING,NAME_MATCHED,,
2026-01,ID:24713,四川蜀妈妈生物科技,,UNAVAILABLE,DATA_QUALITY_ALERT,,,,,,,,,,NO_ALERT,MISSING,NAME_MATCHED,,
2026-01,ID:24732,四川康福达医疗科技,,UNAVAILABLE,DATA_QUALITY_ALERT,,,,,,,,,,NO_ALERT,MISSING,NAME_MATCHED,,
2026-01,ID:24857,四川汇天美优贸易,,UNAVAILABLE,DATA_QUALITY_ALERT,,,,,,,,,,NO_ALERT,MISSING,NAME_MATCHED,,
2026-01,ID:24874,陕西商玺伟康医药用品,,UNAVAILABLE,DATA_QUALITY_ALERT,,,,,,,,,,NO_ALERT,MISSING,NAME_MATCHED,,
2026-01,ID:24989,盛弘康品,,UNAVAILABLE,DATA_QUALITY_ALERT,,,,,,,,,,NO_ALERT,MISSING,NAME_MATCHED,,
2026-01,ID:25025,成都御养集商贸,,UNAVAILABLE,DATA_QUALITY_ALERT,,,,,,,,,,NO_ALERT,MISSING,NAME_MATCHED,,
2026-01,ID:2563,成都天然堂,负责人 B,MID,ATTENTION,97709.26,158272.87,-60563.61,60563.61,-0.382653135689016,36.0,8.0,0.0116090949347693,Scale / Impact|Relative Position,NO_ALERT,MISSING,NAME_MATCHED,0.0239520958083832,Scale / Impact: GMV损失60563.61，上月区域占比1.2%；Relative Position: 排名变化8，同月分位64.6%
2026-01,ID:2837,四川多乐士,负责人 B,KEY,WATCHLIST,253663.11,349184.96,-95521.85000000003,95521.85000000003,-0.2735565987721808,16.0,6.0,0.0256122312714341,Scale / Impact,NO_ALERT,MISSING,NAME_MATCHED,0.0112932604735883,Scale / Impact: GMV损失95521.85，上月区域占比2.6%
2026-01,ID:3001,华药天康,负责人 B,MID,NO_PRIORITY,59915.35,59417.04,498.3099999999977,0.0,0.008386651371391,44.0,-4.0,0.0043581572641159,,NO_ALERT,MISSING,NAME_MATCHED,0.0297927461139896,
2026-01,ID:3279,四川朝利,负责人 B,MID,NO_PRIORITY,20370.4,24781.4,-4411.0,4411.0,-0.1779964005262011,62.0,0.0,0.0018176812312589,,NO_ALERT,MISSING,NAME_MATCHED,0.0115606936416185,
2026-01,ID:3314,上品康健,负责人 B,MID,NO_PRIORITY,40917.24,25565.0,15352.239999999998,0.0,0.6005178955603363,54.0,-7.0,0.0018751572016567,,NO_ALERT,MISSING,NAME_MATCHED,0.005524861878453,
2026-01,ID:3787,蓉易购,负责人 B,MID,WATCHLIST,5046.79,12360.63,-7313.839999999999,7313.839999999999,-0.5917044681379509,73.0,5.0,0.000906635022942,Trend,NO_ALERT,MISSING,NAME_MATCHED,0.0508474576271186,Trend: GMV环比-59.2%
2026-01,ID:4216,壹药师,负责人 B,KEY,WATCHLIST,488685.79,790303.76,-301617.97000000003,301617.97000000003,-0.3816481526040064,3.0,1.0,0.0579676818721057,Scale / Impact,NO_ALERT,MISSING,NAME_MATCHED,0.0274294670846395,Scale / Impact: GMV损失301617.97，上月区域占比5.8%
2026-01,ID:4930,大圣旗舰店,负责人 B,KEY,ATTENTION,209514.08,332223.71,-122709.63000000003,122709.63000000003,-0.3693584362175717,22.0,10.0,0.0243681471686921,Scale / Impact|Relative Position,NO_ALERT,MISSING,NAME_MATCHED,0.010894495412844,Scale / Impact: GMV损失122709.63，上月区域占比2.4%；Relative Position: 排名变化10，同月分位78.8%
2026-01,ID:5293,成都利民康,负责人 B,MID,NO_PRIORITY,16652.57,12489.26,4163.31,0.0,0.3333512153642408,67.0,0.0,0.0009160698545809,,NO_ALERT,MISSING,NAME_MATCHED,0.0063291139240506,
2026-01,ID:5379,四川长生康,负责人 B,MID,NO_PRIORITY,102750.18,91599.9,11150.28,0.0,0.1217280804891709,34.0,-3.0,0.0067187252945838,,NO_ALERT,MISSING,NAME_MATCHED,0.0188014101057579,
2026-01,ID:5504,亿辰科技,负责人 B,MID,PRIORITY,49558.67,52475.81,-2917.1399999999994,2917.1399999999994,-0.0555901852682216,49.0,-2.0,0.0038490276954535,Trend,NO_ALERT,MISSING,NAME_MATCHED,0.0290556900726392,Trend: GMV环比-5.6%，连续下降6个月
2026-01,ID:6256,四川锐源通,负责人 B,MID,NO_PRIORITY,54241.1,39305.36,14935.739999999998,0.0,0.3799924488670247,47.0,-9.0,0.0028829935015728,,NO_ALERT,MISSING,NAME_MATCHED,0.0119047619047619,
2026-01,ID:6326,成都福美康,负责人 B,LONG_TAIL,WATCHLIST,0.0,0.0,0.0,0.0,,82.0,1.0,0.0,Relative Position,NO_ALERT,MISSING,ID_MATCHED,,Relative Position: 排名变化1，同月分位9.6%
2026-01,ID:7119,鑫强劲,负责人 B,MID,PRIORITY,16661.57,22140.08,-5478.510000000002,5478.510000000002,-0.2474476153654369,66.0,2.0,0.0016239440820362,Trend,NO_ALERT,MISSING,NAME_MATCHED,0.0196078431372549,Trend: GMV环比-24.7%，连续下降3个月
2026-01,ID:720,丽康琴保健品,负责人 B,MID,NO_PRIORITY,73712.78,72230.27,1482.5099999999948,0.0,0.0205247744470564,40.0,-2.0,0.005297989867714,,NO_ALERT,MISSING,NAME_MATCHED,0.0211416490486257,
2026-01,ID:7201,恒生医疗,负责人 B,KEY,WATCHLIST,347450.47,334861.27,12589.199999999952,0.0,0.0375952704234801,11.0,0.0,0.0245616085271431,Scale / Impact,NO_ALERT,MISSING,NAME_MATCHED,0.015263644773358,Scale / Impact: GMV损失0.00，上月区域占比2.5%
2026-01,ID:7370,乐宜堂,负责人 B,KEY,NO_PRIORITY,147917.99,199358.62,-51440.630000000005,51440.630000000005,-0.2580306284222874,26.0,3.0,0.0146226775671952,,NO_ALERT,MISSING,NAME_MATCHED,0.0074906367041198,
2026-01,ID:8187,四川吉瑞兴,负责人 B,KEY,PRIORITY,295289.79,308399.56,-13109.77000000002,13109.77000000002,-0.0425090424902033,14.0,-1.0,0.0226206788938691,Trend|Scale / Impact,NO_ALERT,MISSING,ID_MATCHED,0.0101492537313432,Trend: GMV环比-4.3%，连续下降4个月；Scale / Impact: GMV损失13109.77，上月区域占比2.3%
2026-01,ID:8188,康晟旗舰店,负责人 B,LONG_TAIL,WATCHLIST,0.0,0.0,0.0,0.0,,82.0,1.0,0.0,Relative Position,NO_ALERT,MISSING,ID_MATCHED,,Relative Position: 排名变化1，同月分位9.6%
2026-01,ID:8235,福信美商贸,负责人 B,KEY,NO_PRIORITY,252312.06,200400.26,51911.79999999999,0.0,0.259040582083077,17.0,-5.0,0.0146990804127862,,NO_ALERT,MISSING,NAME_MATCHED,0.0101845957988542,
2026-01,ID:8521,聚美健,负责人 B,MID,NO_PRIORITY,202040.57,176672.62,25367.95000000001,0.0,0.1435873311891793,23.0,-4.0,0.0129586910122652,,NO_ALERT,MISSING,NAME_MATCHED,0.0187121629058888,
2026-01,ID:8913,【2024/10/31关店】活玉旗舰店,负责人 B,LONG_TAIL,WATCHLIST,0.0,0.0,0.0,0.0,,82.0,1.0,0.0,Relative Position,NO_ALERT,MISSING,ID_MATCHED,,Relative Position: 排名变化1，同月分位9.6%
2026-01,ID:8930,惠仁棠,负责人 B,LONG_TAIL,WATCHLIST,0.0,0.0,0.0,0.0,,82.0,1.0,0.0,Relative Position,NO_ALERT,MISSING,ID_MATCHED,,Relative Position: 排名变化1，同月分位9.6%
2026-01,ID:9348,平康购,负责人 B,LONG_TAIL,NO_PRIORITY,1522.18,1725.06,-202.87999999999988,202.87999999999988,-0.1176075035071243,79.0,2.0,0.0001265307522898,,NO_ALERT,MISSING,ID_MATCHED,0.0,
2026-01,ID:960,【退店公示中】欣乐士(原亮剑),负责人 B,LONG_TAIL,WATCHLIST,0.0,0.0,0.0,0.0,,82.0,1.0,0.0,Relative Position,NO_ALERT,MISSING,ID_MATCHED,,Relative Position: 排名变化1，同月分位9.6%
2026-01,NAME:内蒙古康依商贸,内蒙古康依商贸,,UNAVAILABLE,DATA_QUALITY_ALERT,,,,,,,,,,DATA_QUALITY_ALERT,UNRESOLVED_MERCHANT,UNRESOLVED,,
2026-01,NAME:四川聚俊仁信医疗器械,四川聚俊仁信医疗器械,,UNAVAILABLE,DATA_QUALITY_ALERT,,,,,,,,,,DATA_QUALITY_ALERT,UNRESOLVED_MERCHANT,UNRESOLVED,,
2026-01,NAME:成都八百供应链管理,成都八百供应链管理,,UNAVAILABLE,DATA_QUALITY_ALERT,,,,,,,,,,DATA_QUALITY_ALERT,UNRESOLVED_MERCHANT,UNRESOLVED,,
2026-01,NAME:湛江市远潮食品,湛江市远潮食品,,UNAVAILABLE,DATA_QUALITY_ALERT,,,,,,,,,,DATA_QUALITY_ALERT,UNRESOLVED_MERCHANT,UNRESOLVED,,
2026-01,NAME:燊楠贸易,燊楠贸易,,UNAVAILABLE,DATA_QUALITY_ALERT,,,,,,,,,,DATA_QUALITY_ALERT,UNRESOLVED_MERCHANT,UNRESOLVED,,
2026-01,NAME:重庆和煜医疗器械,重庆和煜医疗器械,,UNAVAILABLE,DATA_QUALITY_ALERT,,,,,,,,,,DATA_QUALITY_ALERT,UNRESOLVED_MERCHANT,UNRESOLVED,,
2026-02,ID:11125,药悦网,,LONG_TAIL,DATA_QUALITY_ALERT,,0.0,,,,,,0.0,,NO_ALERT,MISSING,ID_MATCHED,,
2026-02,ID:1140,都尔东康,负责人 B,MID,NO_PRIORITY,12426.74,17911.74,-5485.000000000002,5485.000000000002,-0.3062237392905436,63.0,-2.0,0.0013370160359315,,NO_ALERT,MISSING,NAME_MATCHED,0.0084033613445378,
2026-02,ID:1142,普宁普慈,负责人 B,KEY,PRIORITY,72862.61,149577.84,-76715.23,76715.23,-0.5128783113862321,33.0,8.0,0.0111651894623301,Trend|Scale / Impact|Relative Position,NO_ALERT,MISSING,NAME_MATCHED,0.0188053097345132,Trend: GMV环比-51.3%，连续下降3个月；Scale / Impact: GMV损失76715.23，上月区域占比1.1%；Relative Position: 排名变化8，同月分位59.0%
2026-02,ID:11628,子钦医疗,,LONG_TAIL,ATTENTION,1478.0,664.0,814.0,0.0,1.2259036144578317,76.0,-5.0,4.95640651248019e-05,Relative Position|Service,NO_ALERT,MISSING,NAME_MATCHED,0.25,Relative Position: 排名变化-5，同月分位3.8%；Service: 售后率25.0%
2026-02,ID:11854,诺和堂,负责人 B,KEY,PRIORITY,96810.81,254556.91,-157746.1,157746.1,-0.6196889332134021,29.0,14.0,0.0190013181704944,Trend|Scale / Impact|Relative Position,NO_ALERT,MISSING,NAME_MATCHED,0.0128205128205128,Trend: GMV环比-62.0%；Scale / Impact: GMV损失157746.10，上月区域占比1.9%；Relative Position: 排名变化14，同月分位64.1%
2026-02,ID:11860,一玖堂,负责人 B,MID,WATCHLIST,35372.63,61263.46,-25890.83,25890.83,-0.4226145568663605,52.0,10.0,0.0045729911464016,Relative Position,NO_ALERT,MISSING,NAME_MATCHED,0.0154241645244215,Relative Position: 排名变化10，同月分位34.6%
2026-02,ID:11905,贰美医疗,负责人 B,MID,NO_PRIORITY,41887.13,48717.08,-6829.950000000004,6829.950000000004,-0.1401962104461105,46.0,-4.0,0.0036364706714008,,NO_ALERT,MISSING,NAME_MATCHED,0.0069605568445475,
2026-02,ID:11908,药精采,负责人 B,MID,NO_PRIORITY,36387.37,35324.63,1062.7400000000052,0.0,0.0300849577193025,50.0,-7.0,0.0026367955750444,,NO_ALERT,MISSING,NAME_MATCHED,0.029810298102981,
2026-02,ID:11984,四川北尘,负责人 B,MID,NO_PRIORITY,52528.5,59338.99,-6810.489999999998,6810.489999999998,-0.1147725972417124,40.0,-5.0,0.004429339706024,,NO_ALERT,MISSING,NAME_MATCHED,0.0326797385620915,
2026-02,ID:12380,纽瑞特,负责人 B,LONG_TAIL,WATCHLIST,970.0,2086.22,-1116.2199999999998,1116.2199999999998,-0.5350442426973185,77.0,1.0,0.0001557252167841,Relative Position,NO_ALERT,MISSING,ID_MATCHED,0.0,Relative Position: 排名变化1，同月分位2.6%
2026-02,ID:12382,四川奥慈,负责人 B,KEY,ATTENTION,77424.06,169729.44,-92305.38,92305.38,-0.5438383582718473,32.0,8.0,0.0126693991231267,Scale / Impact|Relative Position,NO_ALERT,MISSING,NAME_MATCHED,0.0074349442379182,Scale / Impact: GMV损失92305.38，上月区域占比1.3%；Relative Position: 排名变化8，同月分位60.3%
2026-02,ID:1257,辉莹医疗,,LONG_TAIL,DATA_QUALITY_ALERT,,0.0,,,,,,0.0,,NO_ALERT,MISSING,ID_MATCHED,,
2026-02,ID:12642,九之堂旗舰店,负责人 B,MID,WATCHLIST,56851.95,125628.51,-68776.56,68776.56,-0.5474598082871476,38.0,7.0,0.0093774994746563,Scale / Impact,NO_ALERT,MISSING,NAME_MATCHED,0.0068649885583524,Scale / Impact: GMV损失68776.56，上月区域占比0.9%
2026-02,ID:12823,众维器械,,LONG_TAIL,DATA_QUALITY_ALERT,,0.0,,,,,,0.0,,NO_ALERT,MISSING,ID_MATCHED,,
2026-02,ID:12947,江西省战狼商贸,负责人 B,MID,NO_PRIORITY,63282.34,96990.01,-33707.67,33707.67,-0.3475375453616305,37.0,0.0,0.0072397879097819,,NO_ALERT,MISSING,NAME_MATCHED,0.0263929618768328,
2026-02,ID:12980,有之源旗舰店,负责人 B,MID,WATCHLIST,10546.13,8197.34,2348.789999999999,0.0,0.2865307526587892,65.0,-4.0,0.0006118877915815,Relative Position,NO_ALERT,MISSING,NAME_MATCHED,0.0089285714285714,Relative Position: 排名变化-4，同月分位17.9%
2026-02,ID:13094,四川唤初新材料,,LONG_TAIL,DATA_QUALITY_ALERT,,0.0,,,,,,0.0,,NO_ALERT,MISSING,ID_MATCHED,,
2026-02,ID:13249,成都锦莱源商贸,,LONG_TAIL,DATA_QUALITY_ALERT,,0.0,,,,,,0.0,,NO_ALERT,MISSING,ID_MATCHED,,
2026-02,ID:1350,希尔康,负责人 B,KEY,PRIORITY,288017.24,410584.02,-122566.78000000004,122566.78000000004,-0.2985181449584911,8.0,3.0,0.0306479113049442,Trend|Scale / Impact,NO_ALERT,MISSING,NAME_MATCHED,0.0200267022696929,Trend: GMV环比-29.9%，连续下降4个月；Scale / Impact: GMV损失122566.78，上月区域占比3.1%
2026-02,ID:13778,众维堂器械,负责人 B,MID,PRIORITY,53252.08,86731.35,-33479.270000000004,33479.270000000004,-0.3860111712777444,39.0,0.0,0.0064740335538584,Trend|Service,NO_ALERT,MISSING,NAME_MATCHED,0.0234192037470726,Trend: GMV环比-38.6%，连续下降3个月；Service: 售后率2.3%，环比变化226.7%
2026-02,ID:14256,四川瑞锦医药科技,负责人 B,LONG_TAIL,ATTENTION,2282.5,2024.4,258.0999999999999,0.0,0.1274945662912467,75.0,-2.0,0.0001511106828895,Relative Position|Service,NO_ALERT,MISSING,NAME_MATCHED,0.0769230769230769,Relative Position: 排名变化-2，同月分位5.1%；Service: 售后率7.7%，环比变化-34.6%
2026-02,ID:14726,四川然柠安,负责人 B,MID,PRIORITY,12999.85,130047.27,-117047.42,117047.42,-0.9000375017484027,62.0,32.0,0.0097073363849137,Trend|Scale / Impact|Relative Position,NO_ALERT,MISSING,ID_MATCHED,0.0192307692307692,Trend: GMV环比-90.0%；Scale / Impact: GMV损失117047.42，上月区域占比1.0%；Relative Position: 排名变化32，同月分位21.8%
2026-02,ID:14782,四川弗佑斯贸易,负责人 B,KEY,WATCHLIST,149295.4,251096.29,-101800.89,101800.89,-0.4054257034223804,19.0,1.0,0.0187430013104761,Scale / Impact,NO_ALERT,MISSING,NAME_MATCHED,0.013130615065653,Scale / Impact: GMV损失101800.89，上月区域占比1.9%
2026-02,ID:1513,长盛医药科技,负责人 B,MID,WATCHLIST,8682.59,5715.9,2966.6900000000005,0.0,0.5190241256844943,68.0,-4.0,0.0004266615057934,Relative Position,NO_ALERT,MISSING,NAME_MATCHED,0.0,Relative Position: 排名变化-4，同月分位14.1%
2026-02,ID:15134,【退店公示中】成都宝和堂科技,,LONG_TAIL,DATA_QUALITY_ALERT,,0.0,,,,,,0.0,,NO_ALERT,MISSING,ID_MATCHED,,
2026-02,ID:15251,四川宜初霁,负责人 B,KEY,ATTENTION,360902.74,427871.59,-66968.85000000003,66968.85000000003,-0.1565162342281244,5.0,1.0,0.0319383363732116,Scale / Impact|Service,NO_ALERT,MISSING,NAME_MATCHED,0.0655685777636997,Scale / Impact: GMV损失66968.85，上月区域占比3.2%；Service: 售后率6.6%，环比变化-10.3%
2026-02,ID:15504,多多医生,负责人 B,KEY,NO_PRIORITY,176468.62,222136.09,-45667.47,45667.47,-0.2055832980584109,15.0,-6.0,0.0165812765532061,,NO_ALERT,MISSING,NAME_MATCHED,0.0324267782426778,
2026-02,ID:15756,四川瑾辉医疗器械,负责人 B,MID,NO_PRIORITY,23688.06,27674.32,-3986.2599999999984,3986.2599999999984,-0.1440418409558029,58.0,-1.0,0.00206574066079,,NO_ALERT,MISSING,NAME_MATCHED,0.0285714285714285,
2026-02,ID:15847,成都市嘉乐康健医疗器械,负责人 B,MID,WATCHLIST,5580.76,6383.0,-802.2399999999998,802.2399999999998,-0.1256838477205075,70.0,-1.0,0.000476456969415,Relative Position,NO_ALERT,MISSING,NAME_MATCHED,0.0533333333333333,Relative Position: 排名变化-1，同月分位11.5%
2026-02,ID:16025,四川微至,负责人 B,MID,NO_PRIORITY,169832.34,98567.88,71264.45999999999,0.0,0.722998810565876,17.0,-18.0,0.0073575675053217,,NO_ALERT,MISSING,NAME_MATCHED,0.0171306209850107,
2026-02,ID:16163,济郎中医药科技,负责人 B,KEY,WATCHLIST,329388.31,395850.22,-66461.90999999997,66461.90999999997,-0.1678966099854636,6.0,-1.0,0.0295481115719083,Scale / Impact,NO_ALERT,MISSING,NAME_MATCHED,0.013262599469496,Scale / Impact: GMV损失66461.91，上月区域占比3.0%
2026-02,ID:16231,非药易,负责人 B,LONG_TAIL,WATCHLIST,2375.2,3054.57,-679.3700000000003,679.3700000000003,-0.2224110103877142,74.0,-1.0,0.000228007389169,Relative Position,NO_ALERT,MISSING,ID_MATCHED,0.0,Relative Position: 排名变化-1，同月分位6.4%
2026-02,ID:16711,鑫宇豪旗舰店,,LONG_TAIL,DATA_QUALITY_ALERT,,1976.8,,,,,,0.0001475575962932,,NO_ALERT,MISSING,ID_MATCHED,,
2026-02,ID:16854,成都原数生物,,LONG_TAIL,DATA_QUALITY_ALERT,,0.0,,,,,,0.0,,NO_ALERT,MISSING,ID_MATCHED,,
2026-02,ID:17301,四川牙易,,LONG_TAIL,DATA_QUALITY_ALERT,,0.0,,,,,,0.0,,NO_ALERT,MISSING,ID_MATCHED,,
2026-02,ID:17386,保和堂,负责人 B,KEY,WATCHLIST,172959.38,231326.51,-58367.130000000005,58367.130000000005,-0.2523149205856259,16.0,-3.0,0.0172672924800197,Scale / Impact,NO_ALERT,MISSING,NAME_MATCHED,0.0134408602150537,Scale / Impact: GMV损失58367.13，上月区域占比1.7%
2026-02,ID:17613,远聚隆创旗舰店,负责人 B,KEY,WATCHLIST,261278.97,319773.26,-58494.29000000001,58494.29000000001,-0.1829242695277272,10.0,-3.0,0.0238693715117623,Scale / Impact,NO_ALERT,MISSING,NAME_MATCHED,0.0067294751009421,Scale / Impact: GMV损失58494.29，上月区域占比2.4%
2026-02,ID:17614,成都铸盛医疗器械,,MID,DATA_QUALITY_ALERT,,9900.0,,,,,,0.0007389822962884,,NO_ALERT,MISSING,ID_MATCHED,,
2026-02,ID:17716,致呈优选,负责人 B,MID,PRIORITY,34127.46,43212.46,-9085.0,9085.0,-0.2102402871764301,54.0,2.0,0.0032255800928356,Trend,NO_ALERT,MISSING,NAME_MATCHED,0.0,Trend: GMV环比-21.0%，连续下降3个月
2026-02,ID:17859,四川亦辰美唯网络科技,负责人 B,MID,PRIORITY,22585.26,39114.99,-16529.73,16529.73,-0.4225932308815623,59.0,4.0,0.0029197257706565,Trend,NO_ALERT,MISSING,NAME_MATCHED,0.024390243902439,Trend: GMV环比-42.3%，连续下降8个月
2026-02,ID:17862,【已退店】医道彤行,,LONG_TAIL,DATA_QUALITY_ALERT,,0.0,,,,,,0.0,,NO_ALERT,MISSING,ID_MATCHED,,
2026-02,ID:18090,天启明,,LONG_TAIL,DATA_QUALITY_ALERT,,0.0,,,,,,0.0,,NO_ALERT,MISSING,ID_MATCHED,,
2026-02,ID:18134,四川奇力康健康科技,负责人 B,MID,PRIORITY,47405.73,66941.7,-19535.969999999998,19535.969999999998,-0.2918355823051998,42.0,1.0,0.0049968415336821,Trend,NO_ALERT,MISSING,NAME_MATCHED,0.0126353790613718,Trend: GMV环比-29.2%，连续下降3个月
2026-02,ID:18152,亦蓝辰美,负责人 B,MID,PRIORITY,35777.33,58148.72,-22371.39,22371.39,-0.3847271272695254,51.0,5.0,0.004340492387054,Trend,NO_ALERT,MISSING,NAME_MATCHED,0.0308529945553539,Trend: GMV环比-38.5%，连续下降3个月
2026-02,ID:18517,聚药汇,负责人 B,KEY,ATTENTION,201335.47,342534.03,-141198.56000000003,141198.56000000003,-0.4122176123639453,13.0,1.0,0.0255683418228627,Scale / Impact|Service,NO_ALERT,MISSING,NAME_MATCHED,0.0755091902632886,Scale / Impact: GMV损失141198.56，上月区域占比2.6%；Service: 售后率7.6%，环比变化4.6%
2026-02,ID:18716,【已退店】悦美康宸,,LONG_TAIL,DATA_QUALITY_ALERT,,0.0,,,,,,0.0,,NO_ALERT,MISSING,ID_MATCHED,,
2026-02,ID:19233,成都至本生物科技,负责人 B,MID,WATCHLIST,5579.66,7869.16,-2289.5,2289.5,-0.2909459205302726,71.0,1.0,0.0005873909016829,Relative Position,NO_ALERT,MISSING,NAME_MATCHED,0.0,Relative Position: 排名变化1，同月分位10.3%
2026-02,ID:19239,有识医药,负责人 B,MID,NO_PRIORITY,21100.74,26976.56,-5875.82,5875.82,-0.2178120560961071,60.0,0.0,0.0020136565913902,,NO_ALERT,MISSING,NAME_MATCHED,0.0518518518518518,
2026-02,ID:19273,鑫众维医药,负责人 B,MID,WATCHLIST,118199.21,133954.45,-15755.240000000003,15755.240000000003,-0.1176163987086655,23.0,-6.0,0.009998986571622,Service,NO_ALERT,MISSING,NAME_MATCHED,0.0162412993039443,Service: 售后率1.6%，环比变化188.0%
2026-02,ID:1957,臻品堂医药,负责人 B,MID,PRIORITY,31279.85,141489.59,-110209.74,110209.74,-0.7789247251334886,55.0,28.0,0.0105614446584962,Trend|Scale / Impact|Relative Position|Service,NO_ALERT,MISSING,NAME_MATCHED,0.0240963855421686,Trend: GMV环比-77.9%；Scale / Impact: GMV损失110209.74，上月区域占比1.1%；Relative Position: 排名变化28，同月分位30.8%；Service: 售后率2.4%，环比变化171.3%
2026-02,ID:1970,成都诚美,负责人 B,KEY,WATCHLIST,241432.04,374444.62,-133012.58,133012.58,-0.3552263082321759,12.0,2.0,0.0279502974869152,Scale / Impact,NO_ALERT,MISSING,NAME_MATCHED,0.0158554572271386,Scale / Impact: GMV损失133012.58，上月区域占比2.8%
2026-02,ID:19743,梦方迪,,LONG_TAIL,DATA_QUALITY_ALERT,,0.0,,,,,,0.0,,NO_ALERT,MISSING,ID_MATCHED,,
2026-02,ID:20204,四川永瑞康健医药科技,负责人 B,KEY,WATCHLIST,390977.56,409844.51,-18866.95000000001,18866.95000000001,-0.0460344094886131,4.0,-2.0,0.030592710820305,Scale / Impact,NO_ALERT,MISSING,NAME_MATCHED,0.010217681030653,Scale / Impact: GMV损失18866.95，上月区域占比3.1%
2026-02,ID:2021,榕庆商贸,负责人 B,MID,NO_PRIORITY,44971.44,43998.54,972.9000000000016,0.0,0.0221120973559576,45.0,-6.0,0.0032842567800545,,NO_ALERT,MISSING,NAME_MATCHED,0.02734375,
2026-02,ID:20230,四川多多邦健康管理,负责人 B,KEY,WATCHLIST,602853.07,389511.18,213341.89,0.0,0.5477169872248595,2.0,-7.0,0.0290749359824675,Scale / Impact,NO_ALERT,MISSING,NAME_MATCHED,,Scale / Impact: GMV损失0.00，上月区域占比2.9%
2026-02,ID:2080,深圳亿乐康,负责人 B,KEY,PRIORITY,3738.36,222266.96,-218528.6,218528.6,-0.9831807660481792,73.0,53.0,0.0165910453020056,Trend|Scale / Impact|Relative Position,NO_ALERT,MISSING,ID_MATCHED,0.0,Trend: GMV环比-98.3%，连续下降7个月；Scale / Impact: GMV损失218528.60，上月区域占比1.7%；Relative Position: 排名变化53，同月分位7.7%
2026-02,ID:2084,鲁鸿医疗,负责人 B,KEY,WATCHLIST,2303117.97,3048483.59,-745365.6199999996,745365.6199999996,-0.2445037337399607,1.0,0.0,0.2275530710642317,Scale / Impact,NO_ALERT,MISSING,NAME_MATCHED,0.009277872274625,Scale / Impact: GMV损失745365.62，上月区域占比22.8%
2026-02,ID:21117,四川赤泉甘木生物科技,,LONG_TAIL,DATA_QUALITY_ALERT,,753.97,,,,,,5.6279846659859776e-05,,NO_ALERT,MISSING,ID_MATCHED,,
2026-02,ID:2116,锦仁堂,负责人 B,MID,NO_PRIORITY,38266.01,60488.63,-22222.619999999995,22222.619999999995,-0.3673850771624353,47.0,4.0,0.0045151542117922,,NO_ALERT,MISSING,NAME_MATCHED,0.048780487804878,
2026-02,ID:21206,四川共创盛世商贸,,MID,NO_PRIORITY,120386.2,106946.81,13439.39,0.0,0.1256642437488317,22.0,-11.0,0.0079830100236894,,NO_ALERT,MISSING,NAME_MATCHED,0.0060240963855421,
2026-02,ID:2170,康爱多医药,负责人 B,MID,NO_PRIORITY,162901.78,138670.76,24231.01999999999,0.0,0.1747377745676159,18.0,-10.0,0.01035103400534,,NO_ALERT,MISSING,NAME_MATCHED,0.0092936802973977,
2026-02,ID:2182,舒力特,负责人 B,MID,NO_PRIORITY,68493.63,37125.35,31368.28000000001,0.0,0.8449288693574608,35.0,-21.0,0.0027712097367184,,NO_ALERT,MISSING,NAME_MATCHED,0.009501187648456,
2026-02,ID:21964,四川承泰仁商贸,,MID,PRIORITY,37433.4,41845.63,-4412.229999999996,4412.229999999996,-0.1054406397991856,49.0,-4.0,0.0031235535098017,Trend|Service,NO_ALERT,MISSING,NAME_MATCHED,0.0085714285714285,Trend: GMV环比-10.5%，连续下降3个月；Service: 售后率0.9%，环比变化239.4%
2026-02,ID:22033,重庆铃宇消费品供应链,,MID,ATTENTION,9147.32,18919.25,-9771.93,9771.93,-0.5165072611229304,67.0,4.0,0.0014122212938439,Relative Position|Service,NO_ALERT,MISSING,NAME_MATCHED,0.0806451612903225,Relative Position: 排名变化4，同月分位15.4%；Service: 售后率8.1%，环比变化314.0%
2026-02,ID:2205,成都墨芑,,MID,DATA_QUALITY_ALERT,,51463.26,,,,,,0.0038414583888171,,NO_ALERT,MISSING,ID_MATCHED,,
2026-02,ID:2245,蒙特生物,负责人 B,MID,NO_PRIORITY,85284.26,86961.78,-1677.520000000004,1677.520000000004,-0.0192903135147418,31.0,-7.0,0.0064912339266396,,NO_ALERT,MISSING,NAME_MATCHED,0.011686143572621,
2026-02,ID:22679,江西古戈尔商贸,,MID,PRIORITY,12165.26,32818.03,-20652.77,20652.77,-0.6293116923837293,64.0,6.0,0.0024496912291983,Trend|Relative Position|Service,NO_ALERT,MISSING,NAME_MATCHED,0.0239520958083832,Trend: GMV环比-62.9%；Relative Position: 排名变化6，同月分位19.2%；Service: 售后率2.4%，环比变化246.5%
2026-02,ID:22862,四川众恩德科技,,MID,NO_PRIORITY,107094.2,122739.71,-15645.51000000001,15645.51000000001,-0.1274690155288782,25.0,-7.0,0.0091618659334929,,NO_ALERT,MISSING,NAME_MATCHED,0.0250569476082004,
2026-02,ID:22917,成都天蕊贸易,,KEY,WATCHLIST,452392.38,510660.81,-58268.42999999999,58268.42999999999,-0.1141039783334851,3.0,1.0,0.0381181109089218,Scale / Impact,NO_ALERT,MISSING,NAME_MATCHED,0.0168298653610771,Scale / Impact: GMV损失58268.43，上月区域占比3.8%
2026-02,ID:22940,四川壹贝佳健康咨询,,KEY,WATCHLIST,261206.17,393978.41,-132772.23999999996,132772.23999999996,-0.3370038474950949,11.0,3.0,0.0294083909201896,Scale / Impact,NO_ALERT,MISSING,NAME_MATCHED,0.0071770334928229,Scale / Impact: GMV损失132772.24，上月区域占比2.9%
2026-02,ID:23028,重庆小橘灯商贸,,MID,NO_PRIORITY,19163.05,26068.03,-6904.98,6904.98,-0.2648830770871446,61.0,0.0,0.0019458396635471,,NO_ALERT,MISSING,NAME_MATCHED,0.016025641025641,
2026-02,ID:23497,重庆赛迪亨商贸,,MID,NO_PRIORITY,29203.27,18683.85,10519.420000000002,0.0,0.5630220752146908,56.0,-8.0,0.0013946499370211,,NO_ALERT,MISSING,NAME_MATCHED,0.0177339901477832,
2026-02,ID:23871,好品惠,,LONG_TAIL,WATCHLIST,5059.6,0.0,5059.6,0.0,,72.0,-10.0,0.0,Relative Position,NO_ALERT,MISSING,NAME_MATCHED,0.0,Relative Position: 排名变化-10，同月分位9.0%
2026-02,ID:24075,好尔思健康,,MID,NO_PRIORITY,107031.75,3255.74,103776.01,0.0,31.874784227241733,26.0,-48.0,0.000243023658719,,NO_ALERT,MISSING,NAME_MATCHED,0.0186781609195402,
2026-02,ID:24236,重庆即美购供应链管理,,UNAVAILABLE,DATA_QUALITY_ALERT,,,,,,,,,,NO_ALERT,MISSING,NAME_MATCHED,,
2026-02,ID:24287,四川美恩堂医药,,UNAVAILABLE,DATA_QUALITY_ALERT,,,,,,,,,,NO_ALERT,MISSING,NAME_MATCHED,,
2026-02,ID:24447,成都德善堂生物科技,,UNAVAILABLE,DATA_QUALITY_ALERT,,,,,,,,,,NO_ALERT,MISSING,NAME_MATCHED,,
2026-02,ID:24474,成都三合力医疗用品,,UNAVAILABLE,DATA_QUALITY_ALERT,,,,,,,,,,NO_ALERT,MISSING,NAME_MATCHED,,
2026-02,ID:24489,成都喜之安健康咨询,,UNAVAILABLE,DATA_QUALITY_ALERT,,,,,,,,,,NO_ALERT,MISSING,NAME_MATCHED,,
2026-02,ID:24491,四川蓝漂日用品,,UNAVAILABLE,DATA_QUALITY_ALERT,,,,,,,,,,NO_ALERT,MISSING,NAME_MATCHED,,
2026-02,ID:24513,成都瑞舒达健康管理,,UNAVAILABLE,DATA_QUALITY_ALERT,,,,,,,,,,NO_ALERT,MISSING,NAME_MATCHED,,
2026-02,ID:24713,四川蜀妈妈生物科技,,UNAVAILABLE,DATA_QUALITY_ALERT,,,,,,,,,,NO_ALERT,MISSING,NAME_MATCHED,,
2026-02,ID:24732,四川康福达医疗科技,,UNAVAILABLE,DATA_QUALITY_ALERT,,,,,,,,,,NO_ALERT,MISSING,NAME_MATCHED,,
2026-02,ID:24857,四川汇天美优贸易,,UNAVAILABLE,DATA_QUALITY_ALERT,,,,,,,,,,NO_ALERT,MISSING,NAME_MATCHED,,
2026-02,ID:24874,陕西商玺伟康医药用品,,UNAVAILABLE,DATA_QUALITY_ALERT,,,,,,,,,,NO_ALERT,MISSING,NAME_MATCHED,,
2026-02,ID:24989,盛弘康品,,UNAVAILABLE,DATA_QUALITY_ALERT,,,,,,,,,,NO_ALERT,MISSING,NAME_MATCHED,,
2026-02,ID:25025,成都御养集商贸,,UNAVAILABLE,DATA_QUALITY_ALERT,,,,,,,,,,NO_ALERT,MISSING,NAME_MATCHED,,
2026-02,ID:2563,成都天然堂,负责人 B,MID,NO_PRIORITY,110747.79,97709.26,13038.53,0.0,0.1334421118325939,24.0,-12.0,0.0072934760932774,,NO_ALERT,MISSING,NAME_MATCHED,0.0465587044534413,
2026-02,ID:2837,四川多乐士,负责人 B,KEY,WATCHLIST,134327.71,253663.11,-119335.4,119335.4,-0.4704483832907354,20.0,4.0,0.0189346007587346,Scale / Impact,NO_ALERT,MISSING,NAME_MATCHED,0.0219853431045969,Scale / Impact: GMV损失119335.40，上月区域占比1.9%
2026-02,ID:3001,华药天康,负责人 B,MID,NO_PRIORITY,46849.15,59915.35,-13066.199999999995,13066.199999999995,-0.2180776712478521,43.0,-1.0,0.0044723619117097,,NO_ALERT,MISSING,NAME_MATCHED,0.0268817204301075,
2026-02,ID:3279,四川朝利,负责人 B,MID,NO_PRIORITY,25275.7,20370.4,4905.299999999999,0.0,0.240805286101402,57.0,-5.0,0.0015205419159913,,NO_ALERT,MISSING,NAME_MATCHED,0.0,
2026-02,ID:3314,上品康健,负责人 B,MID,WATCHLIST,37782.65,40917.24,-3134.5899999999965,3134.5899999999965,-0.0766080507873941,48.0,-6.0,0.0030542541386854,Service,NO_ALERT,MISSING,NAME_MATCHED,0.0271493212669683,Service: 售后率2.7%，环比变化391.4%
2026-02,ID:3787,蓉易购,负责人 B,MID,ATTENTION,6778.31,5046.79,1731.5200000000004,0.0,0.3430933325935892,69.0,-4.0,0.0003767160063722,Relative Position|Service,NO_ALERT,MISSING,NAME_MATCHED,0.0975609756097561,Relative Position: 排名变化-4，同月分位12.8%；Service: 售后率9.8%，环比变化91.9%
2026-02,ID:4216,壹药师,负责人 B,KEY,WATCHLIST,295614.78,488685.79,-193071.00999999995,193071.00999999995,-0.3950821037787899,7.0,4.0,0.036477792652297,Scale / Impact,NO_ALERT,MISSING,NAME_MATCHED,0.0301418439716312,Scale / Impact: GMV损失193071.01，上月区域占比3.6%
2026-02,ID:4930,大圣旗舰店,负责人 B,KEY,WATCHLIST,100529.0,209514.08,-108985.08,108985.08,-0.5201802189141655,28.0,6.0,0.0156391107013297,Scale / Impact,NO_ALERT,MISSING,NAME_MATCHED,0.0181818181818181,Scale / Impact: GMV损失108985.08，上月区域占比1.6%
2026-02,ID:5293,成都利民康,负责人 B,MID,ATTENTION,10525.91,16652.57,-6126.66,6126.66,-0.3679107789368248,66.0,-1.0,0.001243025698758,Relative Position|Service,NO_ALERT,MISSING,NAME_MATCHED,0.0168067226890756,Relative Position: 排名变化-1，同月分位16.7%；Service: 售后率1.7%，环比变化165.5%
2026-02,ID:5379,四川长生康,负责人 B,MID,NO_PRIORITY,50800.54,102750.18,-51949.63999999999,51949.63999999999,-0.5055917176982074,41.0,7.0,0.0076697539353992,,NO_ALERT,MISSING,NAME_MATCHED,0.0076335877862595,
2026-02,ID:5504,亿辰科技,负责人 B,MID,PRIORITY,35278.35,49558.67,-14280.32,14280.32,-0.2881497828735113,53.0,4.0,0.0036992908846062,Trend,NO_ALERT,MISSING,NAME_MATCHED,0.0412926391382405,Trend: GMV环比-28.8%，连续下降7个月
2026-02,ID:6256,四川锐源通,负责人 B,MID,WATCHLIST,86249.35,54241.1,32008.250000000007,0.0,0.5901106356618875,30.0,-17.0,0.004048809356688,Service,NO_ALERT,MISSING,NAME_MATCHED,0.0317796610169491,Service: 售后率3.2%，环比变化166.9%
2026-02,ID:6326,成都福美康,,LONG_TAIL,DATA_QUALITY_ALERT,,0.0,,,,,,0.0,,NO_ALERT,MISSING,ID_MATCHED,,
2026-02,ID:7119,鑫强劲,负责人 B,MID,NO_PRIORITY,45430.6,16661.57,28769.03,0.0,1.7266698156296196,44.0,-22.0,0.0012436975008455,,NO_ALERT,MISSING,NAME_MATCHED,0.0106761565836298,
2026-02,ID:720,丽康琴保健品,负责人 B,MID,NO_PRIORITY,70088.97,73712.78,-3623.8099999999977,3623.8099999999977,-0.0491612173628507,34.0,-6.0,0.0055022666091117,,NO_ALERT,MISSING,NAME_MATCHED,0.0288248337028824,
2026-02,ID:7201,恒生医疗,负责人 B,KEY,PRIORITY,67630.66,347450.47,-279819.80999999994,279819.80999999994,-0.8053516519922969,36.0,25.0,0.0259353278956672,Trend|Scale / Impact|Relative Position,NO_ALERT,MISSING,NAME_MATCHED,0.0209125475285171,Trend: GMV环比-80.5%；Scale / Impact: GMV损失279819.81，上月区域占比2.6%；Relative Position: 排名变化25，同月分位55.1%
2026-02,ID:7370,乐宜堂,负责人 B,MID,NO_PRIORITY,180098.03,147917.99,32180.040000000008,0.0,0.2175532536644122,14.0,-12.0,0.0110412904962195,,NO_ALERT,MISSING,NAME_MATCHED,0.0116873630387143,
2026-02,ID:8187,四川吉瑞兴,负责人 B,KEY,PRIORITY,133701.39,295289.79,-161588.39999999997,161588.39999999997,-0.5472197328597104,21.0,7.0,0.0220418108166401,Trend|Scale / Impact,NO_ALERT,MISSING,ID_MATCHED,0.0074906367041198,Trend: GMV环比-54.7%，连续下降5个月；Scale / Impact: GMV损失161588.40，上月区域占比2.2%
2026-02,ID:8188,康晟旗舰店,,LONG_TAIL,DATA_QUALITY_ALERT,,0.0,,,,,,0.0,,NO_ALERT,MISSING,ID_MATCHED,,
2026-02,ID:8235,福信美商贸,负责人 B,KEY,NO_PRIORITY,268411.01,252312.06,16098.950000000012,0.0,0.0638057094853097,9.0,-8.0,0.0188337520686941,,NO_ALERT,MISSING,NAME_MATCHED,0.0183540556542332,
2026-02,ID:8521,聚美健,负责人 B,KEY,WATCHLIST,103312.81,202040.57,-98727.76,98727.76,-0.4886531452569155,27.0,4.0,0.0150812529658615,Scale / Impact,NO_ALERT,MISSING,NAME_MATCHED,0.0153374233128834,Scale / Impact: GMV损失98727.76，上月区域占比1.5%
2026-02,ID:8913,【2024/10/31关店】活玉旗舰店,,LONG_TAIL,DATA_QUALITY_ALERT,,0.0,,,,,,0.0,,NO_ALERT,MISSING,ID_MATCHED,,
2026-02,ID:8930,惠仁棠,,LONG_TAIL,DATA_QUALITY_ALERT,,0.0,,,,,,0.0,,NO_ALERT,MISSING,ID_MATCHED,,
2026-02,ID:9348,平康购,负责人 B,LONG_TAIL,PRIORITY,890.0,1522.18,-632.1800000000001,632.1800000000001,-0.4153122495368485,78.0,-1.0,0.0001136226335115,Trend|Relative Position,NO_ALERT,MISSING,ID_MATCHED,0.0,Trend: GMV环比-41.5%，连续下降3个月；Relative Position: 排名变化-1，同月分位1.3%
2026-02,ID:960,【退店公示中】欣乐士(原亮剑),,LONG_TAIL,DATA_QUALITY_ALERT,,0.0,,,,,,0.0,,NO_ALERT,MISSING,ID_MATCHED,,
2026-02,NAME:内蒙古康依商贸,内蒙古康依商贸,,UNAVAILABLE,DATA_QUALITY_ALERT,,,,,,,,,,DATA_QUALITY_ALERT,UNRESOLVED_MERCHANT,UNRESOLVED,,
2026-02,NAME:四川聚俊仁信医疗器械,四川聚俊仁信医疗器械,,UNAVAILABLE,DATA_QUALITY_ALERT,,,,,,,,,,DATA_QUALITY_ALERT,UNRESOLVED_MERCHANT,UNRESOLVED,,
2026-02,NAME:成都八百供应链管理,成都八百供应链管理,,UNAVAILABLE,DATA_QUALITY_ALERT,,,,,,,,,,DATA_QUALITY_ALERT,UNRESOLVED_MERCHANT,UNRESOLVED,,
2026-02,NAME:湛江市远潮食品,湛江市远潮食品,,UNAVAILABLE,DATA_QUALITY_ALERT,,,,,,,,,,DATA_QUALITY_ALERT,UNRESOLVED_MERCHANT,UNRESOLVED,,
2026-02,NAME:燊楠贸易,燊楠贸易,,UNAVAILABLE,DATA_QUALITY_ALERT,,,,,,,,,,DATA_QUALITY_ALERT,UNRESOLVED_MERCHANT,UNRESOLVED,,
2026-02,NAME:重庆和煜医疗器械,重庆和煜医疗器械,,UNAVAILABLE,DATA_QUALITY_ALERT,,,,,,,,,,DATA_QUALITY_ALERT,UNRESOLVED_MERCHANT,UNRESOLVED,,
2026-03,ID:11125,药悦网,,UNAVAILABLE,DATA_QUALITY_ALERT,,,,,,,,,,NO_ALERT,MISSING,ID_MATCHED,,
2026-03,ID:1140,都尔东康,负责人 C,LONG_TAIL,WATCHLIST,13328.92,12426.74,902.1800000000004,0.0,0.0725998934555645,65.0,2.0,0.0012419456671732,Relative Position,NO_ALERT,VALID,NAME_MATCHED,0.0066225165562913,Relative Position: 排名变化2，同月分位17.9%
2026-03,ID:1142,普宁普慈,负责人 B,MID,NO_PRIORITY,82024.43,72862.61,9161.819999999992,0.0,0.1257410350795833,35.0,2.0,0.0072819905130735,,NO_ALERT,VALID,NAME_MATCHED,0.0163934426229508,
2026-03,ID:11628,子钦医疗,,LONG_TAIL,ATTENTION,2176.0,1478.0,698.0,0.0,0.4722598105548037,74.0,-2.0,0.0001477133742302,Relative Position|Service,NO_ALERT,VALID,NAME_MATCHED,0.125,Relative Position: 排名变化-2，同月分位6.4%；Service: 售后率12.5%，环比变化-50.0%
2026-03,ID:11854,诺和堂,负责人 B,MID,PRIORITY,89784.49,96810.81,-7026.319999999992,7026.319999999992,-0.0725778453873073,33.0,4.0,0.009675406905997,Trend,NO_ALERT,VALID,NAME_MATCHED,0.027027027027027,Trend: GMV环比-7.3%，连续下降3个月
2026-03,ID:11860,一玖堂,负责人 C,MID,NO_PRIORITY,78994.06,35372.63,43621.43,0.0,1.2331972488333496,36.0,-16.0,0.0035351898056144,,NO_ALERT,VALID,NAME_MATCHED,0.0151133501259445,
2026-03,ID:11905,贰美医疗,负责人 C,MID,NO_PRIORITY,47323.01,41887.13,5435.880000000005,0.0,0.1297744677183661,53.0,7.0,0.004186257989933,,NO_ALERT,VALID,NAME_MATCHED,0.010359869138495,
2026-03,ID:11908,药精采,负责人 C,MID,NO_PRIORITY,37665.23,36387.37,1277.8600000000006,0.0,0.0351182292097504,56.0,6.0,0.0036366043315727,,NO_ALERT,VALID,NAME_MATCHED,0.0169082125603864,
2026-03,ID:11984,四川北尘,负责人 C,MID,NO_PRIORITY,63283.81,52528.5,10755.309999999998,0.0,0.2047518965894703,47.0,7.0,0.0052497712978712,,NO_ALERT,VALID,NAME_MATCHED,0.0285234899328859,
2026-03,ID:12380,纽瑞特,,LONG_TAIL,DATA_QUALITY_ALERT,,970.0,,,,,,9.694314817546824e-05,,NO_ALERT,MISSING,ID_MATCHED,,
2026-03,ID:12382,四川奥慈,负责人 C,MID,WATCHLIST,116343.42,77424.06,38919.36,0.0,0.5026778497536812,26.0,-6.0,0.0077378681659034,Service,NO_ALERT,VALID,NAME_MATCHED,0.0217770034843205,Service: 售后率2.2%，环比变化192.9%
2026-03,ID:1257,辉莹医疗,,UNAVAILABLE,DATA_QUALITY_ALERT,,,,,,,,,,NO_ALERT,MISSING,ID_MATCHED,,
2026-03,ID:12642,九之堂旗舰店,负责人 C,MID,NO_PRIORITY,91029.58,56851.95,34177.630000000005,0.0,0.6011690012391837,31.0,-7.0,0.0056818628999116,,NO_ALERT,VALID,NAME_MATCHED,0.0114122681883024,
2026-03,ID:12823,众维器械,,UNAVAILABLE,DATA_QUALITY_ALERT,,,,,,,,,,NO_ALERT,MISSING,ID_MATCHED,,
2026-03,ID:12947,江西省战狼商贸,负责人 B,MID,NO_PRIORITY,157792.52,63282.34,94510.18,0.0,1.4934684779355505,21.0,-16.0,0.0063245250139282,,NO_ALERT,VALID,NAME_MATCHED,0.0168711656441717,
2026-03,ID:12980,有之源旗舰店,负责人 C,LONG_TAIL,WATCHLIST,20647.27,10546.13,10101.14,0.0,0.9578053750522706,61.0,-4.0,0.0010539948899667,Service,NO_ALERT,VALID,NAME_MATCHED,0.0263157894736842,Service: 售后率2.6%，环比变化194.7%
2026-03,ID:13094,四川唤初新材料,,UNAVAILABLE,DATA_QUALITY_ALERT,,,,,,,,,,NO_ALERT,MISSING,ID_MATCHED,,
2026-03,ID:13249,成都锦莱源商贸,,UNAVAILABLE,DATA_QUALITY_ALERT,,,,,,,,,,NO_ALERT,MISSING,ID_MATCHED,,
2026-03,ID:1350,希尔康,负责人 C,KEY,WATCHLIST,429654.27,288017.24,141637.03000000003,0.0,0.4917658054080374,6.0,-2.0,0.028784843272587,Scale / Impact,NO_ALERT,VALID,NAME_MATCHED,0.0179597701149425,Scale / Impact: GMV损失0.00，上月区域占比2.9%
2026-03,ID:13778,众维堂器械,负责人 C,MID,NO_PRIORITY,72604.01,53252.08,19351.929999999997,0.0,0.363402330951204,42.0,3.0,0.0053220868887545,,NO_ALERT,VALID,NAME_MATCHED,0.0159045725646123,
2026-03,ID:14256,四川瑞锦医药科技,负责人 C,LONG_TAIL,ATTENTION,1100.92,2282.5,-1181.58,1181.58,-0.5176692223439211,77.0,2.0,0.0002281162223819,Relative Position|Service,NO_ALERT,VALID,NAME_MATCHED,0.0625,Relative Position: 排名变化2，同月分位2.6%；Service: 售后率6.2%，环比变化-18.7%
2026-03,ID:14726,四川然柠安,,LONG_TAIL,DATA_QUALITY_ALERT,,12999.85,,,,,,0.0012992230771225,,NO_ALERT,MISSING,ID_MATCHED,,
2026-03,ID:14782,四川弗佑斯贸易,负责人 C,KEY,NO_PRIORITY,215213.35,149295.4,65917.95000000001,0.0,0.4415269994922819,16.0,-3.0,0.0149207897774389,,NO_ALERT,VALID,NAME_MATCHED,0.015807962529274,
2026-03,ID:1513,长盛医药科技,负责人 C,LONG_TAIL,ATTENTION,7002.06,8682.59,-1680.5299999999995,1680.5299999999995,-0.1935516936766563,69.0,1.0,0.0008677501122854,Relative Position|Service,NO_ALERT,VALID,NAME_MATCHED,0.1147540983606557,Relative Position: 排名变化1，同月分位12.8%；Service: 售后率11.5%
2026-03,ID:15134,【退店公示中】成都宝和堂科技,,UNAVAILABLE,DATA_QUALITY_ALERT,,,,,,,,,,NO_ALERT,MISSING,ID_MATCHED,,
2026-03,ID:15251,四川宜初霁,负责人 C,KEY,ATTENTION,359746.02,360902.74,-1156.719999999972,1156.719999999972,-0.0032050740318567,10.0,5.0,0.0360691214440747,Scale / Impact|Service,NO_ALERT,VALID,NAME_MATCHED,0.0629159104658197,Scale / Impact: GMV损失1156.72，上月区域占比3.6%；Service: 售后率6.3%，环比变化-4.0%
2026-03,ID:15504,多多医生,负责人 C,KEY,WATCHLIST,199312.22,176468.62,22843.60000000001,0.0,0.1294485104490532,17.0,2.0,0.0176365191515261,Service,NO_ALERT,VALID,NAME_MATCHED,0.0557275541795665,Service: 售后率5.6%，环比变化71.9%
2026-03,ID:15756,四川瑾辉医疗器械,负责人 C,MID,PRIORITY,15972.55,23688.06,-7715.510000000002,7715.510000000002,-0.3257130385519119,63.0,5.0,0.0023674176397622,Trend,NO_ALERT,VALID,NAME_MATCHED,0.0224719101123595,Trend: GMV环比-32.6%，连续下降3个月
2026-03,ID:15847,成都市嘉乐康健医疗器械,负责人 C,LONG_TAIL,WATCHLIST,6431.79,5580.76,851.0299999999997,0.0,0.1524935671843978,70.0,0.0,0.0005577489109399,Relative Position,NO_ALERT,VALID,NAME_MATCHED,0.0109890109890109,Relative Position: 排名变化0，同月分位11.5%
2026-03,ID:16025,四川微至,负责人 C,KEY,NO_PRIORITY,369318.77,169832.34,199486.43,0.0,1.1746080281293896,9.0,-8.0,0.0169732801047489,,NO_ALERT,VALID,NAME_MATCHED,0.0127388535031847,
2026-03,ID:16163,济郎中医药科技,负责人 C,KEY,WATCHLIST,506966.62,329388.31,177578.31,0.0,0.5391153984790777,3.0,-3.0,0.0329195255088629,Scale / Impact,NO_ALERT,VALID,NAME_MATCHED,0.0097200622083981,Scale / Impact: GMV损失0.00，上月区域占比3.3%
2026-03,ID:16231,非药易,负责人 B,LONG_TAIL,WATCHLIST,3944.75,2375.2,1569.5500000000002,0.0,0.6608075109464469,72.0,-2.0,0.000237380789223,Relative Position,NO_ALERT,MISSING,ID_MATCHED,0.0,Relative Position: 排名变化-2，同月分位9.0%
2026-03,ID:16711,鑫宇豪旗舰店,,UNAVAILABLE,DATA_QUALITY_ALERT,,,,,,,,,,NO_ALERT,MISSING,ID_MATCHED,,
2026-03,ID:16854,成都原数生物,,UNAVAILABLE,DATA_QUALITY_ALERT,,,,,,,,,,NO_ALERT,MISSING,ID_MATCHED,,
2026-03,ID:17301,四川牙易,,UNAVAILABLE,DATA_QUALITY_ALERT,,,,,,,,,,NO_ALERT,MISSING,ID_MATCHED,,
2026-03,ID:17386,保和堂,负责人 B,KEY,NO_PRIORITY,222211.6,172959.38,49252.22,0.0,0.2847617747010889,15.0,-1.0,0.0172858008285331,,NO_ALERT,VALID,NAME_MATCHED,0.0143112701252236,
2026-03,ID:17613,远聚隆创旗舰店,负责人 C,KEY,PRIORITY,101203.11,261278.97,-160075.86,160075.86,-0.6126626264639669,29.0,19.0,0.0261125834060244,Trend|Scale / Impact|Relative Position,NO_ALERT,VALID,NAME_MATCHED,0.0103986135181975,Trend: GMV环比-61.3%；Scale / Impact: GMV损失160075.86，上月区域占比2.6%；Relative Position: 排名变化19，同月分位64.1%
2026-03,ID:17614,成都铸盛医疗器械,,UNAVAILABLE,DATA_QUALITY_ALERT,,,,,,,,,,NO_ALERT,MISSING,ID_MATCHED,,
2026-03,ID:17716,致呈优选,负责人 C,MID,NO_PRIORITY,56140.75,34127.46,22013.29,0.0,0.6450315962570903,49.0,-5.0,0.003410745785188,,NO_ALERT,VALID,NAME_MATCHED,0.0046136101499423,
2026-03,ID:17859,四川亦辰美唯网络科技,负责人 C,LONG_TAIL,NO_PRIORITY,48718.06,22585.26,26132.8,0.0,1.157073241574372,52.0,-7.0,0.0022572022750118,,NO_ALERT,VALID,NAME_MATCHED,0.0266370699223085,
2026-03,ID:17862,【已退店】医道彤行,,UNAVAILABLE,DATA_QUALITY_ALERT,,,,,,,,,,NO_ALERT,MISSING,ID_MATCHED,,
2026-03,ID:18090,天启明,,UNAVAILABLE,DATA_QUALITY_ALERT,,,,,,,,,,NO_ALERT,MISSING,ID_MATCHED,,
2026-03,ID:18134,四川奇力康健康科技,负责人 C,MID,WATCHLIST,55336.49,47405.73,7930.759999999995,0.0,0.1672953881313501,50.0,8.0,0.0047377945440785,Relative Position,NO_ALERT,VALID,NAME_MATCHED,0.0178282009724473,Relative Position: 排名变化8，同月分位37.2%
2026-03,ID:18152,亦蓝辰美,负责人 C,MID,NO_PRIORITY,78912.39,35777.33,43135.06,0.0,1.205653412370347,37.0,-14.0,0.0035756360860954,,NO_ALERT,VALID,NAME_MATCHED,0.0373376623376623,
2026-03,ID:18517,聚药汇,负责人 C,KEY,PRIORITY,192126.06,201335.47,-9209.410000000003,9209.410000000003,-0.0457416172123074,18.0,5.0,0.0201217467022551,Trend|Scale / Impact,NO_ALERT,VALID,NAME_MATCHED,0.0522648083623693,Trend: GMV环比-4.6%，连续下降3个月；Scale / Impact: GMV损失9209.41，上月区域占比2.0%
2026-03,ID:18716,【已退店】悦美康宸,,UNAVAILABLE,DATA_QUALITY_ALERT,,,,,,,,,,NO_ALERT,MISSING,ID_MATCHED,,
2026-03,ID:19233,成都至本生物科技,负责人 C,LONG_TAIL,WATCHLIST,5360.03,5579.66,-219.6300000000001,219.6300000000001,-0.0393626134925784,71.0,0.0,0.000557638975411,Relative Position,NO_ALERT,VALID,NAME_MATCHED,0.0344827586206896,Relative Position: 排名变化0，同月分位10.3%
2026-03,ID:19239,有识医药,负责人 B,LONG_TAIL,PRIORITY,7292.73,21100.74,-13808.010000000002,13808.010000000002,-0.6543851068730291,68.0,8.0,0.0021088372829196,Trend|Relative Position|Service,NO_ALERT,VALID,NAME_MATCHED,0.1170212765957447,Trend: GMV环比-65.4%；Relative Position: 排名变化8，同月分位14.1%；Service: 售后率11.7%，环比变化125.7%
2026-03,ID:19273,鑫众维医药,负责人 B,MID,WATCHLIST,76745.61,118199.21,-41453.600000000006,41453.600000000006,-0.3507096198020274,38.0,15.0,0.0118129933291271,Relative Position,NO_ALERT,VALID,NAME_MATCHED,0.0154241645244215,Relative Position: 排名变化15，同月分位52.6%
2026-03,ID:1957,臻品堂医药,负责人 C,MID,NO_PRIORITY,111353.73,31279.85,80073.88,0.0,2.559918925442417,28.0,-27.0,0.0031261516839756,,NO_ALERT,VALID,NAME_MATCHED,0.0122615803814713,
2026-03,ID:1970,成都诚美,负责人 C,KEY,WATCHLIST,266175.07,241432.04,24743.03,0.0,0.1024844506967674,12.0,0.0,0.0241290536371397,Scale / Impact,NO_ALERT,VALID,NAME_MATCHED,0.0148331273176761,Scale / Impact: GMV损失0.00，上月区域占比2.4%
2026-03,ID:19743,梦方迪,,UNAVAILABLE,DATA_QUALITY_ALERT,,,,,,,,,,NO_ALERT,MISSING,ID_MATCHED,,
2026-03,ID:20204,四川永瑞康健医药科技,负责人 B,KEY,ATTENTION,258474.25,390977.56,-132503.31,132503.31,-0.3389025958420734,14.0,10.0,0.0390748407550134,Scale / Impact|Relative Position,NO_ALERT,VALID,NAME_MATCHED,0.0037593984962406,Scale / Impact: GMV损失132503.31，上月区域占比3.9%；Relative Position: 排名变化10，同月分位83.3%
2026-03,ID:2021,榕庆商贸,负责人 C,MID,NO_PRIORITY,64960.83,44971.44,19989.39,0.0,0.4444907701421168,45.0,0.0,0.004494508218128,,NO_ALERT,VALID,NAME_MATCHED,0.0151187904967602,
2026-03,ID:20230,四川多多邦健康管理,负责人 B,KEY,WATCHLIST,572269.94,602853.07,-30583.130000000005,30583.130000000005,-0.0507306531589861,2.0,0.0,0.060249973704171,Scale / Impact,NO_ALERT,MISSING,NAME_MATCHED,,Scale / Impact: GMV损失30583.13，上月区域占比6.0%
2026-03,ID:2080,深圳亿乐康,,LONG_TAIL,DATA_QUALITY_ALERT,,3738.36,,,,,,0.0003736168942404,,NO_ALERT,MISSING,ID_MATCHED,,
2026-03,ID:2084,鲁鸿医疗,负责人 C,KEY,WATCHLIST,1948964.54,2303117.97,-354153.43000000017,354153.43000000017,-0.1537712937909126,1.0,0.0,0.2301768109600965,Scale / Impact,NO_ALERT,VALID,NAME_MATCHED,0.008313725490196,Scale / Impact: GMV损失354153.43，上月区域占比23.0%
2026-03,ID:21117,四川赤泉甘木生物科技,,UNAVAILABLE,DATA_QUALITY_ALERT,,,,,,,,,,NO_ALERT,MISSING,ID_MATCHED,,
2026-03,ID:2116,锦仁堂,负责人 C,MID,WATCHLIST,71027.36,38266.01,32761.35,0.0,0.8561475314515414,44.0,-3.0,0.0038243582242411,Service,NO_ALERT,VALID,NAME_MATCHED,0.0547112462006079,Service: 售后率5.5%，环比变化12.2%
2026-03,ID:21206,四川共创盛世商贸,,MID,NO_PRIORITY,292587.04,120386.2,172200.83999999997,0.0,1.4304034847848008,11.0,-11.0,0.0120315641493624,,NO_ALERT,VALID,NAME_MATCHED,0.0073825503355704,
2026-03,ID:2170,康爱多医药,负责人 C,KEY,NO_PRIORITY,157024.18,162901.78,-5877.600000000006,5877.600000000006,-0.0360806370562679,22.0,4.0,0.0162806303057603,,NO_ALERT,VALID,NAME_MATCHED,0.0149171270718232,
2026-03,ID:2182,舒力特,负责人 C,MID,NO_PRIORITY,89884.79,68493.63,21391.15999999999,0.0,0.3123087504633641,32.0,-3.0,0.0068453485795522,,NO_ALERT,VALID,NAME_MATCHED,0.0096,
2026-03,ID:21964,四川承泰仁商贸,,MID,NO_PRIORITY,40549.01,37433.4,3115.6100000000006,0.0,0.0832307511473711,55.0,6.0,0.0037411460236201,,NO_ALERT,VALID,NAME_MATCHED,0.011049723756906,
2026-03,ID:22033,重庆铃宇消费品供应链,,LONG_TAIL,ATTENTION,2470.0,9147.32,-6677.32,6677.32,-0.7299755556818828,73.0,6.0,0.0009141958744004,Trend|Relative Position,NO_ALERT,VALID,NAME_MATCHED,0.0,Trend: GMV环比-73.0%；Relative Position: 排名变化6，同月分位7.7%
2026-03,ID:2205,成都墨芑,,UNAVAILABLE,DATA_QUALITY_ALERT,,,,,,,,,,NO_ALERT,MISSING,ID_MATCHED,,
2026-03,ID:2245,蒙特生物,负责人 C,MID,WATCHLIST,76074.96,85284.26,-9209.299999999988,9209.299999999988,-0.107983583371656,39.0,8.0,0.0085234274785723,Relative Position,NO_ALERT,VALID,NAME_MATCHED,0.0153061224489795,Relative Position: 排名变化8，同月分位51.3%
2026-03,ID:22679,江西古戈尔商贸,,LONG_TAIL,NO_PRIORITY,32483.99,12165.26,20318.730000000003,0.0,1.670225708287369,57.0,-7.0,0.0012158129925495,,NO_ALERT,VALID,NAME_MATCHED,0.0073170731707317,
2026-03,ID:22862,四川众恩德科技,,MID,NO_PRIORITY,259560.09,107094.2,152465.89,0.0,1.4236615054783548,13.0,-12.0,0.0107031431951888,,NO_ALERT,VALID,NAME_MATCHED,0.0135782747603833,
2026-03,ID:22917,成都天蕊贸易,,KEY,WATCHLIST,389581.56,452392.38,-62810.82000000001,62810.82000000001,-0.1388414632448052,7.0,4.0,0.0452127232245285,Scale / Impact,NO_ALERT,VALID,NAME_MATCHED,0.0177076625885383,Scale / Impact: GMV损失62810.82，上月区域占比4.5%
2026-03,ID:22940,四川壹贝佳健康咨询,,KEY,WATCHLIST,451609.98,261206.17,190403.81,0.0,0.7289407061096602,4.0,-7.0,0.0261053076728417,Scale / Impact,NO_ALERT,VALID,NAME_MATCHED,0.0101454176530267,Scale / Impact: GMV损失0.00，上月区域占比2.6%
2026-03,ID:23028,重庆小橘灯商贸,,LONG_TAIL,WATCHLIST,15440.65,19163.05,-3722.4,3722.4,-0.1942488278222933,64.0,3.0,0.0019151818511792,Relative Position,NO_ALERT,VALID,NAME_MATCHED,0.0126050420168067,Relative Position: 排名变化3，同月分位19.2%
2026-03,ID:23497,重庆赛迪亨商贸,,MID,NO_PRIORITY,44740.02,29203.27,15536.749999999996,0.0,0.5320209003991674,54.0,-2.0,0.002918615392596,,NO_ALERT,VALID,NAME_MATCHED,0.0133037694013303,
2026-03,ID:23871,好品惠,,LONG_TAIL,WATCHLIST,9930.24,5059.6,4870.639999999999,0.0,0.9626531741639656,66.0,-6.0,0.0005056634561944,Relative Position,NO_ALERT,VALID,NAME_MATCHED,0.0,Relative Position: 排名变化-6，同月分位16.7%
2026-03,ID:24075,好尔思健康,,MID,NO_PRIORITY,146396.45,107031.75,39364.70000000001,0.0,0.3677852599812674,23.0,-3.0,0.0106969018553914,,NO_ALERT,VALID,NAME_MATCHED,0.0199362041467304,
2026-03,ID:24236,重庆即美购供应链管理,,UNAVAILABLE,WATCHLIST,1496.82,,,,,76.0,,,Relative Position,NO_ALERT,VALID,NAME_MATCHED,0.0,Relative Position: 排名变化NA，同月分位3.8%
2026-03,ID:24287,四川美恩堂医药,,UNAVAILABLE,NO_PRIORITY,53968.5,,,,,51.0,,,,NO_ALERT,VALID,NAME_MATCHED,0.0094339622641509,
2026-03,ID:24447,成都德善堂生物科技,,UNAVAILABLE,DATA_QUALITY_ALERT,,,,,,,,,,NO_ALERT,MISSING,NAME_MATCHED,,
2026-03,ID:24474,成都三合力医疗用品,,UNAVAILABLE,DATA_QUALITY_ALERT,,,,,,,,,,NO_ALERT,MISSING,NAME_MATCHED,,
2026-03,ID:24489,成都喜之安健康咨询,,UNAVAILABLE,WATCHLIST,164.2,,,,,78.0,,,Relative Position,NO_ALERT,VALID,NAME_MATCHED,0.0,Relative Position: 排名变化NA，同月分位1.3%
2026-03,ID:24491,四川蓝漂日用品,,UNAVAILABLE,DATA_QUALITY_ALERT,,,,,,,,,,NO_ALERT,MISSING,NAME_MATCHED,,
2026-03,ID:24513,成都瑞舒达健康管理,,UNAVAILABLE,NO_PRIORITY,25674.24,,,,,60.0,,,,NO_ALERT,VALID,NAME_MATCHED,0.0353982300884955,
2026-03,ID:24713,四川蜀妈妈生物科技,,UNAVAILABLE,DATA_QUALITY_ALERT,,,,,,,,,,NO_ALERT,MISSING,NAME_MATCHED,,
2026-03,ID:24732,四川康福达医疗科技,,UNAVAILABLE,DATA_QUALITY_ALERT,,,,,,,,,,NO_ALERT,MISSING,NAME_MATCHED,,
2026-03,ID:24857,四川汇天美优贸易,,UNAVAILABLE,DATA_QUALITY_ALERT,,,,,,,,,,NO_ALERT,MISSING,NAME_MATCHED,,
2026-03,ID:24874,陕西商玺伟康医药用品,,UNAVAILABLE,DATA_QUALITY_ALERT,,,,,,,,,,NO_ALERT,MISSING,NAME_MATCHED,,
2026-03,ID:24989,盛弘康品,,UNAVAILABLE,DATA_QUALITY_ALERT,,,,,,,,,,NO_ALERT,MISSING,NAME_MATCHED,,
2026-03,ID:25025,成都御养集商贸,,UNAVAILABLE,DATA_QUALITY_ALERT,,,,,,,,,,NO_ALERT,MISSING,NAME_MATCHED,,
2026-03,ID:2563,成都天然堂,负责人 C,MID,NO_PRIORITY,113142.84,110747.79,2395.050000000003,0.0,0.0216261651812645,27.0,3.0,0.0110682880578099,,NO_ALERT,VALID,NAME_MATCHED,0.0348837209302325,
2026-03,ID:2837,四川多乐士,负责人 C,KEY,NO_PRIORITY,187448.9,134327.71,53121.19,0.0,0.3954596560903183,19.0,-1.0,0.0134248980356714,,NO_ALERT,VALID,NAME_MATCHED,0.0220968500235072,
2026-03,ID:3001,华药天康,负责人 C,MID,NO_PRIORITY,64686.83,46849.15,17837.68,0.0,0.3807471426909559,46.0,3.0,0.0046821691653038,,NO_ALERT,VALID,NAME_MATCHED,0.0321428571428571,
2026-03,ID:3279,四川朝利,负责人 C,MID,NO_PRIORITY,31967.2,25275.7,6691.5,0.0,0.2647404424011996,58.0,1.0,0.002526088587978,,NO_ALERT,VALID,NAME_MATCHED,0.0035211267605633,
2026-03,ID:3314,上品康健,负责人 C,MID,NO_PRIORITY,96470.83,37782.65,58688.18,0.0,1.553310315713694,30.0,-18.0,0.0037760505540328,,NO_ALERT,VALID,NAME_MATCHED,0.0192678227360308,
2026-03,ID:3787,蓉易购,负责人 C,LONG_TAIL,WATCHLIST,8261.57,6778.31,1483.2599999999993,0.0,0.2188244562435177,67.0,-2.0,0.0006774337223806,Relative Position,NO_ALERT,VALID,NAME_MATCHED,0.03125,Relative Position: 排名变化-2，同月分位15.4%
2026-03,ID:4216,壹药师,负责人 B,KEY,WATCHLIST,387024.34,295614.78,91409.56,0.0,0.309218503892126,8.0,1.0,0.0295441519797922,Scale / Impact,NO_ALERT,VALID,NAME_MATCHED,0.0247897299690128,Scale / Impact: GMV损失0.00，上月区域占比3.0%
2026-03,ID:4930,大圣旗舰店,负责人 B,MID,NO_PRIORITY,138272.65,100529.0,37743.65,0.0,0.3754503675556306,25.0,-3.0,0.0100470079824037,,NO_ALERT,VALID,NAME_MATCHED,0.0070778564206268,
2026-03,ID:5293,成都利民康,负责人 C,LONG_TAIL,NO_PRIORITY,19561.32,10525.91,9035.41,0.0,0.8583970412059385,62.0,-4.0,0.0010519740750635,,NO_ALERT,VALID,NAME_MATCHED,0.0095238095238095,
2026-03,ID:5379,四川长生康,负责人 C,MID,NO_PRIORITY,84793.1,50800.54,33992.560000000005,0.0,0.6691377690079674,34.0,-7.0,0.0050770765738286,,NO_ALERT,VALID,NAME_MATCHED,0.0076219512195121,
2026-03,ID:5504,亿辰科技,负责人 C,MID,NO_PRIORITY,74642.61,35278.35,39364.26,0.0,1.115819192224126,40.0,-13.0,0.0035257673313773,,NO_ALERT,VALID,NAME_MATCHED,0.032258064516129,
2026-03,ID:6256,四川锐源通,负责人 C,MID,WATCHLIST,71044.29,86249.35,-15205.060000000012,15205.060000000012,-0.1762918793011194,43.0,13.0,0.0086198799145235,Relative Position,NO_ALERT,VALID,NAME_MATCHED,0.0139130434782608,Relative Position: 排名变化13，同月分位46.2%
2026-03,ID:6326,成都福美康,,UNAVAILABLE,DATA_QUALITY_ALERT,,,,,,,,,,NO_ALERT,MISSING,ID_MATCHED,,
2026-03,ID:7119,鑫强劲,负责人 C,MID,NO_PRIORITY,73679.36,45430.6,28248.76,0.0,0.6218002843898167,41.0,-3.0,0.0045403973067014,,NO_ALERT,VALID,NAME_MATCHED,0.0027548209366391,
2026-03,ID:720,丽康琴保健品,负责人 C,MID,WATCHLIST,62467.27,70088.97,-7621.700000000004,7621.700000000004,-0.1087432159439638,48.0,14.0,0.00700478907647,Relative Position,NO_ALERT,VALID,NAME_MATCHED,0.0151515151515151,Relative Position: 排名变化14，同月分位39.7%
2026-03,ID:7201,恒生医疗,负责人 B,MID,ATTENTION,28906.89,67630.66,-38723.77,38723.77,-0.5725771417874674,59.0,23.0,0.0067591021583347,Trend|Relative Position,NO_ALERT,VALID,NAME_MATCHED,0.0457516339869281,Trend: GMV环比-57.3%；Relative Position: 排名变化23，同月分位25.6%
2026-03,ID:7370,乐宜堂,负责人 C,KEY,NO_PRIORITY,163999.84,180098.03,-16098.190000000002,16098.190000000002,-0.0893857084388985,20.0,6.0,0.0179992474313401,,NO_ALERT,VALID,NAME_MATCHED,0.0072799470549305,
2026-03,ID:8187,四川吉瑞兴,,MID,DATA_QUALITY_ALERT,,133701.39,,,,,,0.013362302744367,,NO_ALERT,MISSING,ID_MATCHED,,
2026-03,ID:8188,康晟旗舰店,,UNAVAILABLE,DATA_QUALITY_ALERT,,,,,,,,,,NO_ALERT,MISSING,ID_MATCHED,,
2026-03,ID:8235,福信美商贸,负责人 C,KEY,WATCHLIST,437598.64,268411.01,169187.63,0.0,0.6303304398727907,5.0,-4.0,0.0268253693962444,Scale / Impact,NO_ALERT,VALID,NAME_MATCHED,0.0061261261261261,Scale / Impact: GMV损失0.00，上月区域占比2.7%
2026-03,ID:8521,聚美健,负责人 C,MID,NO_PRIORITY,139965.04,103312.81,36652.23000000001,0.0,0.3547694617927825,24.0,-3.0,0.0103252258229422,,NO_ALERT,VALID,NAME_MATCHED,0.0169689877121123,
2026-03,ID:8913,【2024/10/31关店】活玉旗舰店,,UNAVAILABLE,DATA_QUALITY_ALERT,,,,,,,,,,NO_ALERT,MISSING,ID_MATCHED,,
2026-03,ID:8930,惠仁棠,,UNAVAILABLE,DATA_QUALITY_ALERT,,,,,,,,,,NO_ALERT,MISSING,ID_MATCHED,,
2026-03,ID:9348,平康购,负责人 B,LONG_TAIL,WATCHLIST,1538.04,890.0,648.04,0.0,0.7281348314606741,75.0,-3.0,8.894783698573888e-05,Relative Position,NO_ALERT,MISSING,ID_MATCHED,0.0,Relative Position: 排名变化-3，同月分位5.1%
2026-03,ID:960,【退店公示中】欣乐士(原亮剑),,UNAVAILABLE,DATA_QUALITY_ALERT,,,,,,,,,,NO_ALERT,MISSING,ID_MATCHED,,
2026-03,NAME:内蒙古康依商贸,内蒙古康依商贸,,UNAVAILABLE,DATA_QUALITY_ALERT,,,,,,,,,,DATA_QUALITY_ALERT,UNRESOLVED_MERCHANT,UNRESOLVED,,
2026-03,NAME:四川聚俊仁信医疗器械,四川聚俊仁信医疗器械,,UNAVAILABLE,DATA_QUALITY_ALERT,,,,,,,,,,DATA_QUALITY_ALERT,UNRESOLVED_MERCHANT,UNRESOLVED,,
2026-03,NAME:成都八百供应链管理,成都八百供应链管理,,UNAVAILABLE,DATA_QUALITY_ALERT,,,,,,,,,,DATA_QUALITY_ALERT,UNRESOLVED_MERCHANT,UNRESOLVED,,
2026-03,NAME:湛江市远潮食品,湛江市远潮食品,,UNAVAILABLE,DATA_QUALITY_ALERT,,,,,,,,,,DATA_QUALITY_ALERT,UNRESOLVED_MERCHANT,UNRESOLVED,,
2026-03,NAME:燊楠贸易,燊楠贸易,负责人 A,UNAVAILABLE,DATA_QUALITY_ALERT,,,,,,,,,,DATA_QUALITY_ALERT,UNRESOLVED_MERCHANT,UNRESOLVED,,
2026-03,NAME:重庆和煜医疗器械,重庆和煜医疗器械,,UNAVAILABLE,DATA_QUALITY_ALERT,,,,,,,,,,DATA_QUALITY_ALERT,UNRESOLVED_MERCHANT,UNRESOLVED,,
2026-04,ID:11125,药悦网,,UNAVAILABLE,DATA_QUALITY_ALERT,,,,,,,,,,NO_ALERT,MISSING,ID_MATCHED,,
2026-04,ID:1140,都尔东康,负责人 C,LONG_TAIL,WATCHLIST,8755.0,13328.92,-4573.92,4573.92,-0.3431575851606881,68.0,3.0,0.0011691993140129,Relative Position,NO_ALERT,VALID,NAME_MATCHED,0.0,Relative Position: 排名变化3，同月分位19.3%
2026-04,ID:1142,普宁普慈,负责人 B,MID,NO_PRIORITY,65136.35,82024.43,-16888.079999999994,16888.079999999994,-0.2058908547124314,39.0,4.0,0.0071950996245987,,NO_ALERT,VALID,NAME_MATCHED,0.01875,
2026-04,ID:11628,子钦医疗,,LONG_TAIL,ATTENTION,528.0,2176.0,-1648.0,1648.0,-0.7573529411764706,81.0,7.0,0.0001908765081711,Trend|Relative Position|Order,NO_ALERT,VALID,NAME_MATCHED,0.0,Trend: GMV环比-75.7%；Relative Position: 排名变化7，同月分位3.6%；Order: 订单环比-75.0%
2026-04,ID:11854,诺和堂,负责人 B,MID,NO_PRIORITY,170100.5,89784.49,80316.01,0.0,0.8945421419668362,19.0,-14.0,0.0078758041999656,,NO_ALERT,VALID,NAME_MATCHED,0.0196253345227475,
2026-04,ID:11860,一玖堂,负责人 C,MID,NO_PRIORITY,66622.12,78994.06,-12371.940000000002,12371.940000000002,-0.1566186115766172,37.0,1.0,0.0069292786484652,,NO_ALERT,VALID,NAME_MATCHED,0.0153203342618384,
2026-04,ID:11905,贰美医疗,负责人 C,MID,NO_PRIORITY,38703.48,47323.01,-8619.529999999999,8619.529999999999,-0.1821424714953676,54.0,1.0,0.0041511263349941,,NO_ALERT,VALID,NAME_MATCHED,0.0081967213114754,
2026-04,ID:11908,药精采,负责人 C,MID,NO_PRIORITY,63025.06,37665.23,25359.829999999994,0.0,0.6732955035718617,40.0,-16.0,0.003303955690194,,NO_ALERT,VALID,NAME_MATCHED,0.0433789954337899,
2026-04,ID:11984,四川北尘,负责人 C,MID,NO_PRIORITY,44120.67,63283.81,-19163.14,19163.14,-0.3028126783137741,52.0,5.0,0.0055511914873919,,NO_ALERT,VALID,NAME_MATCHED,0.0232018561484918,
2026-04,ID:12380,纽瑞特,,UNAVAILABLE,DATA_QUALITY_ALERT,,,,,,,,,,NO_ALERT,MISSING,ID_MATCHED,,
2026-04,ID:12382,四川奥慈,负责人 C,MID,WATCHLIST,68041.08,116343.42,-48302.34,48302.34,-0.4151703637386627,35.0,9.0,0.0102055265433302,Relative Position,NO_ALERT,VALID,NAME_MATCHED,0.0195895522388059,Relative Position: 排名变化9，同月分位59.0%
2026-04,ID:1257,辉莹医疗,,UNAVAILABLE,DATA_QUALITY_ALERT,,,,,,,,,,NO_ALERT,MISSING,ID_MATCHED,,
2026-04,ID:12642,九之堂旗舰店,负责人 C,MID,WATCHLIST,62077.72,91029.58,-28951.86,28951.86,-0.3180489243166892,42.0,11.0,0.0079850222291746,Relative Position,NO_ALERT,VALID,NAME_MATCHED,0.0227272727272727,Relative Position: 排名变化11，同月分位50.6%
2026-04,ID:12823,众维器械,,UNAVAILABLE,DATA_QUALITY_ALERT,,,,,,,,,,NO_ALERT,MISSING,ID_MATCHED,,
2026-04,ID:12947,江西省战狼商贸,负责人 B,MID,ATTENTION,92166.39,157792.52,-65626.12999999999,65626.12999999999,-0.4159014001424148,31.0,10.0,0.013841399463751,Scale / Impact|Relative Position,NO_ALERT,VALID,NAME_MATCHED,0.0369393139841688,Scale / Impact: GMV损失65626.13，上月区域占比1.4%；Relative Position: 排名变化10，同月分位63.9%
2026-04,ID:12980,有之源旗舰店,负责人 C,LONG_TAIL,NO_PRIORITY,19583.63,20647.27,-1063.6399999999994,1063.6399999999994,-0.0515148007460549,63.0,2.0,0.0018111575371628,,NO_ALERT,VALID,NAME_MATCHED,0.0157894736842105,
2026-04,ID:13094,四川唤初新材料,,UNAVAILABLE,DATA_QUALITY_ALERT,,,,,,,,,,NO_ALERT,MISSING,ID_MATCHED,,
2026-04,ID:13249,成都锦莱源商贸,,UNAVAILABLE,DATA_QUALITY_ALERT,,,,,,,,,,NO_ALERT,MISSING,ID_MATCHED,,
2026-04,ID:1350,希尔康,负责人 C,KEY,WATCHLIST,531311.37,429654.27,101657.09999999998,0.0,0.2366020940511075,2.0,-4.0,0.0376888358356679,Scale / Impact,NO_ALERT,VALID,NAME_MATCHED,0.0241653418124006,Scale / Impact: GMV损失0.00，上月区域占比3.8%
2026-04,ID:13778,众维堂器械,负责人 C,MID,NO_PRIORITY,73425.27,72604.01,821.2600000000093,0.0,0.01131149643112,34.0,-8.0,0.0063687499577304,,NO_ALERT,VALID,NAME_MATCHED,0.0094161958568738,
2026-04,ID:14256,四川瑞锦医药科技,负责人 C,LONG_TAIL,WATCHLIST,1948.8,1100.92,847.8799999999999,0.0,0.770155869636304,76.0,-1.0,9.657158335282815e-05,Relative Position,NO_ALERT,VALID,NAME_MATCHED,0.0476190476190476,Relative Position: 排名变化-1，同月分位9.6%
2026-04,ID:14726,四川然柠安,,UNAVAILABLE,DATA_QUALITY_ALERT,,,,,,,,,,NO_ALERT,MISSING,ID_MATCHED,,
2026-04,ID:14782,四川弗佑斯贸易,负责人 C,KEY,NO_PRIORITY,278886.68,215213.35,63673.32999999999,0.0,0.2958614323879072,7.0,-9.0,0.0188782963050597,,NO_ALERT,VALID,NAME_MATCHED,0.0136383633963924,
2026-04,ID:1513,长盛医药科技,负责人 C,LONG_TAIL,WATCHLIST,4855.59,7002.06,-2146.4700000000003,2146.4700000000003,-0.3065483586258901,71.0,2.0,0.0006142135858477,Relative Position,NO_ALERT,VALID,NAME_MATCHED,0.027027027027027,Relative Position: 排名变化2，同月分位15.7%
2026-04,ID:15134,【退店公示中】成都宝和堂科技,,UNAVAILABLE,DATA_QUALITY_ALERT,,,,,,,,,,NO_ALERT,MISSING,ID_MATCHED,,
2026-04,ID:15251,四川宜初霁,负责人 C,KEY,PRIORITY,30509.78,359746.02,-329236.24,329236.24,-0.9151907782051348,59.0,49.0,0.0315565552049905,Trend|Scale / Impact|Relative Position|Order,NO_ALERT,VALID,NAME_MATCHED,0.019108280254777,Trend: GMV环比-91.5%，连续下降3个月；Scale / Impact: GMV损失329236.24，上月区域占比3.2%；Relative Position: 排名变化49，同月分位30.1%；Order: 订单环比-94.3%
2026-04,ID:15504,多多医生,负责人 C,KEY,NO_PRIORITY,160210.1,199312.22,-39102.12,39102.12,-0.1961852614957577,20.0,3.0,0.0174834653444094,,NO_ALERT,VALID,NAME_MATCHED,0.0295930949445129,
2026-04,ID:15756,四川瑾辉医疗器械,负责人 C,LONG_TAIL,NO_PRIORITY,23347.84,15972.55,7375.290000000001,0.0,0.4617478110883986,60.0,-3.0,0.0014010958504543,,NO_ALERT,VALID,NAME_MATCHED,0.02,
2026-04,ID:15847,成都市嘉乐康健医疗器械,负责人 C,LONG_TAIL,WATCHLIST,7420.7,6431.79,988.91,0.0,0.1537534652095296,69.0,-1.0,0.0005641900811075,Relative Position,NO_ALERT,VALID,NAME_MATCHED,0.0,Relative Position: 排名变化-1，同月分位18.1%
2026-04,ID:16025,四川微至,负责人 C,KEY,WATCHLIST,229498.96,369318.77,-139819.81000000003,139819.81000000003,-0.3785884210542563,13.0,4.0,0.0323962671046206,Scale / Impact,NO_ALERT,VALID,NAME_MATCHED,0.0092592592592592,Scale / Impact: GMV损失139819.81，上月区域占比3.2%
2026-04,ID:16163,济郎中医药科技,负责人 C,KEY,WATCHLIST,418735.61,506966.62,-88231.01000000001,88231.01000000001,-0.174037119051349,4.0,1.0,0.0444705965923332,Scale / Impact,NO_ALERT,VALID,NAME_MATCHED,0.0116333178222429,Scale / Impact: GMV损失88231.01，上月区域占比4.4%
2026-04,ID:16231,非药易,负责人 B,LONG_TAIL,WATCHLIST,6478.81,3944.75,2534.0600000000004,0.0,0.6423879840294062,70.0,-2.0,0.0003460294602978,Relative Position,NO_ALERT,MISSING,ID_MATCHED,0.0,Relative Position: 排名变化-2，同月分位16.9%
2026-04,ID:16711,鑫宇豪旗舰店,,UNAVAILABLE,DATA_QUALITY_ALERT,,,,,,,,,,NO_ALERT,MISSING,ID_MATCHED,,
2026-04,ID:16854,成都原数生物,,UNAVAILABLE,DATA_QUALITY_ALERT,,,,,,,,,,NO_ALERT,MISSING,ID_MATCHED,,
2026-04,ID:17301,四川牙易,,UNAVAILABLE,DATA_QUALITY_ALERT,,,,,,,,,,NO_ALERT,MISSING,ID_MATCHED,,
2026-04,ID:17386,保和堂,负责人 B,KEY,WATCHLIST,173325.11,222211.6,-48886.49000000002,48886.49000000002,-0.2199997209866632,18.0,3.0,0.0194921756815802,Scale / Impact,NO_ALERT,VALID,NAME_MATCHED,0.013083451202263,Scale / Impact: GMV损失48886.49，上月区域占比1.9%
2026-04,ID:17613,远聚隆创旗舰店,负责人 C,MID,PRIORITY,76594.12,101203.11,-24608.990000000005,24608.990000000005,-0.2431643652057729,32.0,3.0,0.0088774339397326,Trend,NO_ALERT,VALID,NAME_MATCHED,0.0200892857142857,Trend: GMV环比-24.3%，连续下降3个月
2026-04,ID:17614,成都铸盛医疗器械,,UNAVAILABLE,DATA_QUALITY_ALERT,,,,,,,,,,NO_ALERT,MISSING,ID_MATCHED,,
2026-04,ID:17716,致呈优选,负责人 C,MID,NO_PRIORITY,45277.3,56140.75,-10863.449999999995,10863.449999999995,-0.1935038274337267,51.0,2.0,0.0049246095248658,,NO_ALERT,VALID,NAME_MATCHED,0.0024937655860349,
2026-04,ID:17859,四川亦辰美唯网络科技,负责人 C,MID,NO_PRIORITY,36049.72,48718.06,-12668.339999999997,12668.339999999997,-0.2600337533965843,56.0,4.0,0.0042734987029739,,NO_ALERT,VALID,NAME_MATCHED,0.028530670470756,
2026-04,ID:17862,【已退店】医道彤行,,UNAVAILABLE,DATA_QUALITY_ALERT,,,,,,,,,,NO_ALERT,MISSING,ID_MATCHED,,
2026-04,ID:18090,天启明,,UNAVAILABLE,DATA_QUALITY_ALERT,,,,,,,,,,NO_ALERT,MISSING,ID_MATCHED,,
2026-04,ID:18134,四川奇力康健康科技,负责人 C,MID,WATCHLIST,32296.68,55336.49,-23039.81,23039.81,-0.4163583559419833,58.0,8.0,0.0048540606551683,Relative Position,NO_ALERT,VALID,NAME_MATCHED,0.0053097345132743,Relative Position: 排名变化8，同月分位31.3%
2026-04,ID:18152,亦蓝辰美,负责人 C,MID,NO_PRIORITY,60170.05,78912.39,-18742.34,18742.34,-0.2375082037180725,43.0,6.0,0.0069221146390799,,NO_ALERT,VALID,NAME_MATCHED,0.0264817150063051,
2026-04,ID:18517,聚药汇,负责人 C,KEY,NO_PRIORITY,246505.76,192126.06,54379.70000000001,0.0,0.2830417695548433,10.0,-8.0,0.0168531026936929,,NO_ALERT,VALID,NAME_MATCHED,0.0416210295728368,
2026-04,ID:18716,【已退店】悦美康宸,,UNAVAILABLE,DATA_QUALITY_ALERT,,,,,,,,,,NO_ALERT,MISSING,ID_MATCHED,,
2026-04,ID:19233,成都至本生物科技,负责人 C,LONG_TAIL,PRIORITY,4567.26,5360.03,-792.7699999999995,792.7699999999995,-0.1479040229252447,72.0,1.0,0.0004701763833145,Trend|Relative Position|Service,NO_ALERT,VALID,NAME_MATCHED,0.0769230769230769,Trend: GMV环比-14.8%，连续下降3个月；Relative Position: 排名变化1，同月分位14.5%；Service: 售后率7.7%，环比变化123.1%
2026-04,ID:19239,有识医药,负责人 B,LONG_TAIL,WATCHLIST,21958.66,7292.73,14665.93,0.0,2.0110342766014924,62.0,-6.0,0.0006397108627917,Service,NO_ALERT,VALID,NAME_MATCHED,0.0578512396694214,Service: 售后率5.8%，环比变化-50.6%
2026-04,ID:19273,鑫众维医药,负责人 B,MID,PRIORITY,62867.3,76745.61,-13878.309999999998,13878.309999999998,-0.1808352295329987,41.0,3.0,0.0067320468999369,Trend,NO_ALERT,VALID,NAME_MATCHED,0.0333333333333333,Trend: GMV环比-18.1%，连续下降3个月
2026-04,ID:1957,臻品堂医药,负责人 C,MID,NO_PRIORITY,103691.53,111353.73,-7662.199999999997,7662.199999999997,-0.0688095495319285,28.0,0.0,0.0097678360083778,,NO_ALERT,VALID,NAME_MATCHED,0.0064,
2026-04,ID:1970,成都诚美,负责人 C,KEY,WATCHLIST,263543.12,266175.07,-2631.950000000012,2631.950000000012,-0.0098880409799461,8.0,-4.0,0.0233486065826307,Scale / Impact,NO_ALERT,VALID,NAME_MATCHED,0.019424729174449,Scale / Impact: GMV损失2631.95，上月区域占比2.3%
2026-04,ID:19743,梦方迪,,UNAVAILABLE,DATA_QUALITY_ALERT,,,,,,,,,,NO_ALERT,MISSING,ID_MATCHED,,
2026-04,ID:20204,四川永瑞康健医药科技,负责人 B,KEY,PRIORITY,154323.77,258474.25,-104150.48,104150.48,-0.4029433492891459,21.0,7.0,0.0226730984798484,Trend|Scale / Impact|Service,NO_ALERT,VALID,NAME_MATCHED,0.0236139630390143,Trend: GMV环比-40.3%，连续下降3个月；Scale / Impact: GMV损失104150.48，上月区域占比2.3%；Service: 售后率2.4%，环比变化528.1%
2026-04,ID:2021,榕庆商贸,负责人 C,MID,NO_PRIORITY,66891.27,64960.83,1930.4400000000023,0.0,0.0297169848353231,36.0,-9.0,0.005698297977159,,NO_ALERT,VALID,NAME_MATCHED,0.0116550116550116,
2026-04,ID:20230,四川多多邦健康管理,负责人 B,KEY,PRIORITY,230184.5,572269.94,-342085.43999999994,342085.43999999994,-0.5977693673723278,12.0,10.0,0.050198937444163,Trend|Scale / Impact|Relative Position,NO_ALERT,MISSING,NAME_MATCHED,,Trend: GMV环比-59.8%；Scale / Impact: GMV损失342085.44，上月区域占比5.0%；Relative Position: 排名变化10，同月分位86.7%
2026-04,ID:2080,深圳亿乐康,,UNAVAILABLE,DATA_QUALITY_ALERT,,,,,,,,,,NO_ALERT,MISSING,ID_MATCHED,,
2026-04,ID:2084,鲁鸿医疗,负责人 C,KEY,PRIORITY,1378516.7,1948964.54,-570447.8400000001,570447.8400000001,-0.2926927752107794,1.0,0.0,0.1709611883936311,Trend|Scale / Impact,NO_ALERT,VALID,NAME_MATCHED,0.0099889012208657,Trend: GMV环比-29.3%，连续下降3个月；Scale / Impact: GMV损失570447.84，上月区域占比17.1%
2026-04,ID:21117,四川赤泉甘木生物科技,,UNAVAILABLE,DATA_QUALITY_ALERT,,,,,,,,,,NO_ALERT,MISSING,ID_MATCHED,,
2026-04,ID:2116,锦仁堂,负责人 C,MID,NO_PRIORITY,51453.83,71027.36,-19573.53,19573.53,-0.2755773268216642,46.0,2.0,0.0062304478223407,,NO_ALERT,VALID,NAME_MATCHED,0.0410958904109589,
2026-04,ID:21206,四川共创盛世商贸,,KEY,WATCHLIST,208811.94,292587.04,-83775.09999999998,83775.09999999998,-0.2863253956839646,14.0,3.0,0.0256654377441751,Scale / Impact,NO_ALERT,VALID,NAME_MATCHED,0.0115226337448559,Scale / Impact: GMV损失83775.10，上月区域占比2.6%
2026-04,ID:2170,康爱多医药,负责人 C,MID,NO_PRIORITY,128251.68,157024.18,-28772.5,28772.5,-0.1832361105149538,22.0,0.0,0.0137740014599421,,NO_ALERT,VALID,NAME_MATCHED,0.0119363395225464,
2026-04,ID:2182,舒力特,负责人 C,MID,WATCHLIST,49133.94,89884.79,-40750.84999999999,40750.84999999999,-0.4533675831027696,50.0,18.0,0.0078846024140141,Relative Position,NO_ALERT,VALID,NAME_MATCHED,0.0087719298245614,Relative Position: 排名变化18，同月分位41.0%
2026-04,ID:21964,四川承泰仁商贸,,MID,NO_PRIORITY,43022.57,40549.01,2473.5599999999977,0.0,0.0610017359240089,53.0,-2.0,0.0035569179405312,,NO_ALERT,VALID,NAME_MATCHED,0.0148936170212766,
2026-04,ID:22033,重庆铃宇消费品供应链,,LONG_TAIL,PRIORITY,1945.68,2470.0,-524.3199999999999,524.3199999999999,-0.2122753036437247,77.0,4.0,0.0002166658893302,Trend|Relative Position,NO_ALERT,VALID,NAME_MATCHED,0.0,Trend: GMV环比-21.2%，连续下降3个月；Relative Position: 排名变化4，同月分位8.4%
2026-04,ID:2205,成都墨芑,,UNAVAILABLE,DATA_QUALITY_ALERT,,,,,,,,,,NO_ALERT,MISSING,ID_MATCHED,,
2026-04,ID:2245,蒙特生物,负责人 C,MID,PRIORITY,74762.31,76074.96,-1312.6500000000087,1312.6500000000087,-0.0172546919512018,33.0,-6.0,0.0066732181636295,Trend,NO_ALERT,VALID,NAME_MATCHED,0.02,Trend: GMV环比-1.7%，连续下降3个月
2026-04,ID:22679,江西古戈尔商贸,,MID,WATCHLIST,32522.56,32483.99,38.56999999999971,0.0,0.0011873541396854,57.0,0.0,0.0028494625839456,Service,NO_ALERT,VALID,NAME_MATCHED,0.026252983293556,Service: 售后率2.6%，环比变化258.8%
2026-04,ID:22862,四川众恩德科技,,KEY,WATCHLIST,476978.23,259560.09,217418.14,0.0,0.8376408715222745,3.0,-10.0,0.0227683472609295,Scale / Impact,NO_ALERT,VALID,NAME_MATCHED,0.0162189559047136,Scale / Impact: GMV损失0.00，上月区域占比2.3%
2026-04,ID:22917,成都天蕊贸易,,KEY,PRIORITY,236104.86,389581.56,-153476.7,153476.7,-0.3939526809225776,11.0,4.0,0.0341736984469941,Trend|Scale / Impact,NO_ALERT,VALID,NAME_MATCHED,0.0223958333333333,Trend: GMV环比-39.4%，连续下降3个月；Scale / Impact: GMV损失153476.70，上月区域占比3.4%
2026-04,ID:22940,四川壹贝佳健康咨询,,KEY,PRIORITY,183676.37,451609.98,-267933.61,267933.61,-0.5932854052516732,16.0,12.0,0.0396147683996467,Trend|Scale / Impact|Relative Position|Order,NO_ALERT,VALID,NAME_MATCHED,0.0108423686405337,Trend: GMV环比-59.3%；Scale / Impact: GMV损失267933.61，上月区域占比4.0%；Relative Position: 排名变化12，同月分位81.9%；Order: 订单环比-59.7%
2026-04,ID:23028,重庆小橘灯商贸,,LONG_TAIL,PRIORITY,10895.77,15440.65,-4544.879999999999,4544.879999999999,-0.2943451214812848,66.0,2.0,0.0013544381231123,Trend,NO_ALERT,VALID,NAME_MATCHED,0.0131578947368421,Trend: GMV环比-29.4%，连续下降3个月
2026-04,ID:23497,重庆赛迪亨商贸,,MID,NO_PRIORITY,50308.77,44740.02,5568.75,0.0,0.1244690994773807,48.0,-6.0,0.0039245490777142,,NO_ALERT,VALID,NAME_MATCHED,0.008485639686684,
2026-04,ID:23871,好品惠,,LONG_TAIL,ATTENTION,4352.79,9930.24,-5577.45,5577.45,-0.5616631622196442,73.0,7.0,0.0008710705590538,Trend|Relative Position,NO_ALERT,VALID,NAME_MATCHED,0.0,Trend: GMV环比-56.2%；Relative Position: 排名变化7，同月分位13.3%
2026-04,ID:24075,好尔思健康,,MID,NO_PRIORITY,101738.01,146396.45,-44658.44000000002,44658.44000000002,-0.3050513861504156,29.0,6.0,0.0128417477870627,,NO_ALERT,VALID,NAME_MATCHED,0.0259887005649717,
2026-04,ID:24236,重庆即美购供应链管理,,LONG_TAIL,WATCHLIST,1434.18,1496.82,-62.63999999999987,62.63999999999987,-0.0418487192848838,78.0,2.0,0.0001312995289341,Relative Position,NO_ALERT,VALID,NAME_MATCHED,0.0,Relative Position: 排名变化2，同月分位7.2%
2026-04,ID:24287,四川美恩堂医药,,MID,NO_PRIORITY,105977.52,53968.5,52009.02,0.0,0.963692153756358,25.0,-26.0,0.0047340619628829,,NO_ALERT,VALID,NAME_MATCHED,0.019927536231884,
2026-04,ID:24447,成都德善堂生物科技,,UNAVAILABLE,WATCHLIST,9503.7,,,,,67.0,,,Service,NO_ALERT,VALID,NAME_MATCHED,0.1538461538461539,Service: 售后率15.4%
2026-04,ID:24474,成都三合力医疗用品,,UNAVAILABLE,WATCHLIST,496.56,,,,,82.0,,,Relative Position,NO_ALERT,VALID,NAME_MATCHED,0.0,Relative Position: 排名变化NA，同月分位2.4%
2026-04,ID:24489,成都喜之安健康咨询,,LONG_TAIL,NO_PRIORITY,50152.55,164.2,49988.350000000006,0.0,304.4357490864799,49.0,-29.0,1.4403457096368837e-05,,NO_ALERT,VALID,NAME_MATCHED,0.0246305418719211,
2026-04,ID:24491,四川蓝漂日用品,,UNAVAILABLE,WATCHLIST,760.46,,,,,80.0,,,Relative Position,NO_ALERT,VALID,NAME_MATCHED,0.0,Relative Position: 排名变化NA，同月分位4.8%
2026-04,ID:24513,成都瑞舒达健康管理,,LONG_TAIL,NO_PRIORITY,376293.43,25674.24,350619.19,0.0,13.656458380072788,5.0,-55.0,0.0022521182358214,,NO_ALERT,VALID,NAME_MATCHED,0.0273092369477911,
2026-04,ID:24713,四川蜀妈妈生物科技,,UNAVAILABLE,WATCHLIST,102.76,,,,,83.0,,,Relative Position,NO_ALERT,VALID,NAME_MATCHED,0.0,Relative Position: 排名变化NA，同月分位1.2%
2026-04,ID:24732,四川康福达医疗科技,,UNAVAILABLE,WATCHLIST,780.68,,,,,79.0,,,Relative Position,NO_ALERT,VALID,NAME_MATCHED,0.0,Relative Position: 排名变化NA，同月分位6.0%
2026-04,ID:24857,四川汇天美优贸易,,UNAVAILABLE,DATA_QUALITY_ALERT,,,,,,,,,,NO_ALERT,MISSING,NAME_MATCHED,,
2026-04,ID:24874,陕西商玺伟康医药用品,,UNAVAILABLE,DATA_QUALITY_ALERT,,,,,,,,,,NO_ALERT,MISSING,NAME_MATCHED,,
2026-04,ID:24989,盛弘康品,,UNAVAILABLE,DATA_QUALITY_ALERT,,,,,,,,,,NO_ALERT,MISSING,NAME_MATCHED,,
2026-04,ID:25025,成都御养集商贸,,UNAVAILABLE,DATA_QUALITY_ALERT,,,,,,,,,,NO_ALERT,MISSING,NAME_MATCHED,,
2026-04,ID:2563,成都天然堂,负责人 C,MID,NO_PRIORITY,126605.32,113142.84,13462.48000000001,0.0,0.118986583684836,23.0,-4.0,0.0099247749190092,,NO_ALERT,VALID,NAME_MATCHED,0.028169014084507,
2026-04,ID:2837,四川多乐士,负责人 C,KEY,NO_PRIORITY,187646.03,187448.9,197.13000000000463,0.0,0.0010516466087557,15.0,-4.0,0.0164428269726646,,NO_ALERT,VALID,NAME_MATCHED,0.0227963525835866,
2026-04,ID:3001,华药天康,负责人 C,MID,NO_PRIORITY,66126.14,64686.83,1439.3099999999977,0.0,0.0222504333571453,38.0,-8.0,0.0056742629756705,,NO_ALERT,VALID,NAME_MATCHED,0.0270906949352179,
2026-04,ID:3279,四川朝利,负责人 C,MID,NO_PRIORITY,22666.61,31967.2,-9300.59,9300.59,-0.2909416526940114,61.0,3.0,0.0028041302904448,,NO_ALERT,VALID,NAME_MATCHED,0.0047846889952153,
2026-04,ID:3314,上品康健,负责人 C,MID,NO_PRIORITY,95825.29,96470.83,-645.5400000000081,645.5400000000081,-0.0066915564010385,30.0,0.0,0.0084623231483318,,NO_ALERT,VALID,NAME_MATCHED,0.011090573012939,
2026-04,ID:3787,蓉易购,负责人 C,LONG_TAIL,ATTENTION,2501.02,8261.57,-5760.549999999999,5760.549999999999,-0.6972706156335902,75.0,8.0,0.0007246965227993,Trend|Relative Position|Order,NO_ALERT,VALID,NAME_MATCHED,0.0416666666666666,Trend: GMV环比-69.7%；Relative Position: 排名变化8，同月分位10.8%；Order: 订单环比-68.1%
2026-04,ID:4216,壹药师,负责人 B,KEY,WATCHLIST,360492.01,387024.34,-26532.330000000016,26532.330000000016,-0.0685546805660853,6.0,-2.0,0.03394938170792,Scale / Impact,NO_ALERT,VALID,NAME_MATCHED,0.0242214532871972,Scale / Impact: GMV损失26532.33，上月区域占比3.4%
2026-04,ID:4930,大圣旗舰店,负责人 B,MID,NO_PRIORITY,105780.88,138272.65,-32491.76999999999,32491.76999999999,-0.2349833463089048,26.0,1.0,0.0121291363086249,,NO_ALERT,VALID,NAME_MATCHED,0.0086021505376344,
2026-04,ID:5293,成都利民康,负责人 C,LONG_TAIL,NO_PRIORITY,13213.67,19561.32,-6347.65,6347.65,-0.3245000848613488,64.0,2.0,0.0017158991069935,,NO_ALERT,VALID,NAME_MATCHED,0.0,
2026-04,ID:5379,四川长生康,负责人 C,MID,WATCHLIST,57720.09,84793.1,-27073.01000000001,27073.01000000001,-0.3192831728053344,45.0,11.0,0.0074379645427412,Relative Position,NO_ALERT,VALID,NAME_MATCHED,0.0117878192534381,Relative Position: 排名变化11，同月分位47.0%
2026-04,ID:5504,亿辰科技,负责人 C,MID,NO_PRIORITY,50568.29,74642.61,-24074.32,24074.32,-0.3225278430108486,47.0,7.0,0.0065475738775638,,NO_ALERT,VALID,NAME_MATCHED,0.0392638036809816,
2026-04,ID:6256,四川锐源通,负责人 C,MID,NO_PRIORITY,104299.0,71044.29,33254.71000000001,0.0,0.4680842049375115,27.0,-16.0,0.0062319329047319,,NO_ALERT,VALID,NAME_MATCHED,0.0083217753120665,
2026-04,ID:6326,成都福美康,,UNAVAILABLE,DATA_QUALITY_ALERT,,,,,,,,,,NO_ALERT,MISSING,ID_MATCHED,,
2026-04,ID:7119,鑫强劲,负责人 C,MID,WATCHLIST,38368.19,73679.36,-35311.17,35311.17,-0.4792545700722699,55.0,14.0,0.0064630785666742,Relative Position,NO_ALERT,VALID,NAME_MATCHED,0.0,Relative Position: 排名变化14，同月分位34.9%
2026-04,ID:720,丽康琴保健品,负责人 C,MID,PRIORITY,58840.04,62467.27,-3627.229999999996,3627.229999999996,-0.0580660880489893,44.0,-4.0,0.0054795654285766,Trend,NO_ALERT,VALID,NAME_MATCHED,0.0334128878281622,Trend: GMV环比-5.8%，连续下降3个月
2026-04,ID:7201,恒生医疗,负责人 B,LONG_TAIL,PRIORITY,11670.3,28906.89,-17236.59,17236.59,-0.5962796412896718,65.0,6.0,0.0025356830079442,Trend,NO_ALERT,VALID,NAME_MATCHED,0.0357142857142857,Trend: GMV环比-59.6%，连续下降3个月
2026-04,ID:7370,乐宜堂,负责人 C,KEY,NO_PRIORITY,181545.07,163999.84,17545.23000000001,0.0,0.1069832141299651,17.0,-3.0,0.0143858992646245,,NO_ALERT,VALID,NAME_MATCHED,0.00920245398773,
2026-04,ID:8187,四川吉瑞兴,,UNAVAILABLE,DATA_QUALITY_ALERT,,,,,,,,,,NO_ALERT,MISSING,ID_MATCHED,,
2026-04,ID:8188,康晟旗舰店,,UNAVAILABLE,DATA_QUALITY_ALERT,,,,,,,,,,NO_ALERT,MISSING,ID_MATCHED,,
2026-04,ID:8235,福信美商贸,负责人 C,KEY,WATCHLIST,259821.2,437598.64,-177777.44,177777.44,-0.4062568384581817,9.0,4.0,0.03838570789689,Scale / Impact,NO_ALERT,VALID,NAME_MATCHED,0.0063198833252309,Scale / Impact: GMV损失177777.44，上月区域占比3.8%
2026-04,ID:8521,聚美健,负责人 C,MID,NO_PRIORITY,125402.87,139965.04,-14562.170000000013,14562.170000000013,-0.1040414806440237,24.0,0.0,0.0122775910391689,,NO_ALERT,VALID,NAME_MATCHED,0.0152439024390243,
2026-04,ID:8913,【2024/10/31关店】活玉旗舰店,,UNAVAILABLE,DATA_QUALITY_ALERT,,,,,,,,,,NO_ALERT,MISSING,ID_MATCHED,,
2026-04,ID:8930,惠仁棠,,UNAVAILABLE,DATA_QUALITY_ALERT,,,,,,,,,,NO_ALERT,MISSING,ID_MATCHED,,
2026-04,ID:9348,平康购,负责人 B,LONG_TAIL,WATCHLIST,2877.9,1538.04,1339.86,0.0,0.8711476944682843,74.0,-1.0,0.0001349153054354,Relative Position,NO_ALERT,MISSING,ID_MATCHED,0.0181818181818181,Relative Position: 排名变化-1，同月分位12.0%
2026-04,ID:960,【退店公示中】欣乐士(原亮剑),,UNAVAILABLE,DATA_QUALITY_ALERT,,,,,,,,,,NO_ALERT,MISSING,ID_MATCHED,,
2026-04,NAME:内蒙古康依商贸,内蒙古康依商贸,,UNAVAILABLE,DATA_QUALITY_ALERT,,,,,,,,,,DATA_QUALITY_ALERT,UNRESOLVED_MERCHANT,UNRESOLVED,,
2026-04,NAME:四川聚俊仁信医疗器械,四川聚俊仁信医疗器械,,UNAVAILABLE,DATA_QUALITY_ALERT,,,,,,,,,,DATA_QUALITY_ALERT,UNRESOLVED_MERCHANT,UNRESOLVED,,
2026-04,NAME:成都八百供应链管理,成都八百供应链管理,,UNAVAILABLE,DATA_QUALITY_ALERT,,,,,,,,,,DATA_QUALITY_ALERT,UNRESOLVED_MERCHANT,UNRESOLVED,,
2026-04,NAME:湛江市远潮食品,湛江市远潮食品,,UNAVAILABLE,DATA_QUALITY_ALERT,,,,,,,,,,DATA_QUALITY_ALERT,UNRESOLVED_MERCHANT,UNRESOLVED,,
2026-04,NAME:燊楠贸易,燊楠贸易,负责人 A,UNAVAILABLE,DATA_QUALITY_ALERT,,,,,,,,,,DATA_QUALITY_ALERT,UNRESOLVED_MERCHANT,UNRESOLVED,,
2026-04,NAME:重庆和煜医疗器械,重庆和煜医疗器械,,UNAVAILABLE,DATA_QUALITY_ALERT,,,,,,,,,,DATA_QUALITY_ALERT,UNRESOLVED_MERCHANT,UNRESOLVED,,
2026-05,ID:11125,药悦网,,UNAVAILABLE,DATA_QUALITY_ALERT,,,,,,,,,,NO_ALERT,MISSING,ID_MATCHED,,
2026-05,ID:1140,都尔东康,负责人 C,LONG_TAIL,NO_PRIORITY,10032.2,8755.0,1277.2000000000007,0.0,0.1458823529411765,68.0,0.0,0.000922192114847,,NO_ALERT,VALID,NAME_MATCHED,0.0,
2026-05,ID:1142,普宁普慈,负责人 B,MID,NO_PRIORITY,91629.28,65136.35,26492.93,0.0,0.4067303433489901,24.0,-15.0,0.0068610198012469,,NO_ALERT,VALID,NAME_MATCHED,0.0130505709624796,
2026-05,ID:11628,子钦医疗,,LONG_TAIL,WATCHLIST,300.0,528.0,-228.0,228.0,-0.4318181818181817,85.0,4.0,5.561592651504707e-05,Relative Position,NO_ALERT,VALID,NAME_MATCHED,0.0,Relative Position: 排名变化4，同月分位2.3%
2026-05,ID:11854,诺和堂,负责人 B,KEY,NO_PRIORITY,455979.39,170100.5,285878.89,0.0,1.6806469704674591,2.0,-17.0,0.0179172289927514,,NO_ALERT,VALID,NAME_MATCHED,0.0080988917306052,
2026-05,ID:11860,一玖堂,负责人 C,MID,WATCHLIST,37228.7,66622.12,-29393.42,29393.42,-0.441196107238857,45.0,8.0,0.00701752070113,Relative Position,NO_ALERT,VALID,NAME_MATCHED,0.0072289156626506,Relative Position: 排名变化8，同月分位48.8%
2026-05,ID:11905,贰美医疗,负责人 C,MID,NO_PRIORITY,32478.15,38703.48,-6225.330000000002,6225.330000000002,-0.1608467765689287,51.0,-3.0,0.0040767611734026,,NO_ALERT,VALID,NAME_MATCHED,0.0085046066619418,
2026-05,ID:11908,药精采,负责人 C,MID,NO_PRIORITY,36731.98,63025.06,-26293.079999999994,26293.079999999994,-0.417184529455426,47.0,7.0,0.0066386308817546,,NO_ALERT,VALID,NAME_MATCHED,0.0174825174825174,
2026-05,ID:11984,四川北尘,负责人 C,MID,NO_PRIORITY,36820.39,44120.67,-7300.279999999999,7300.279999999999,-0.1654616758993007,46.0,-6.0,0.0046473710994595,,NO_ALERT,VALID,NAME_MATCHED,0.0259365994236311,
2026-05,ID:12380,纽瑞特,,UNAVAILABLE,DATA_QUALITY_ALERT,,,,,,,,,,NO_ALERT,MISSING,ID_MATCHED,,
2026-05,ID:12382,四川奥慈,负责人 C,MID,NO_PRIORITY,50076.92,68041.08,-17964.160000000003,17964.160000000003,-0.2640193247961379,38.0,3.0,0.0071669842903114,,NO_ALERT,VALID,NAME_MATCHED,0.00836820083682,
2026-05,ID:1257,辉莹医疗,,UNAVAILABLE,DATA_QUALITY_ALERT,,,,,,,,,,NO_ALERT,MISSING,ID_MATCHED,,
2026-05,ID:12642,九之堂旗舰店,负责人 C,MID,NO_PRIORITY,49653.71,62077.72,-12424.010000000002,12424.010000000002,-0.2001363774313876,39.0,-3.0,0.0065388445336016,,NO_ALERT,VALID,NAME_MATCHED,0.018041237113402,
2026-05,ID:12823,众维器械,,UNAVAILABLE,DATA_QUALITY_ALERT,,,,,,,,,,NO_ALERT,MISSING,ID_MATCHED,,
2026-05,ID:12947,江西省战狼商贸,负责人 B,MID,PRIORITY,32833.46,92166.39,-59332.93,59332.93,-0.643758858299647,50.0,19.0,0.0097081802526461,Trend|Scale / Impact|Relative Position,NO_ALERT,VALID,NAME_MATCHED,0.0058823529411764,Trend: GMV环比-64.4%；Scale / Impact: GMV损失59332.93，上月区域占比1.0%；Relative Position: 排名变化19，同月分位43.0%
2026-05,ID:12980,有之源旗舰店,负责人 C,LONG_TAIL,NO_PRIORITY,12839.55,19583.63,-6744.080000000002,6744.080000000002,-0.3443733363017991,65.0,2.0,0.0020628063010944,,NO_ALERT,VALID,NAME_MATCHED,0.0287769784172661,
2026-05,ID:13094,四川唤初新材料,,UNAVAILABLE,DATA_QUALITY_ALERT,,,,,,,,,,NO_ALERT,MISSING,ID_MATCHED,,
2026-05,ID:13249,成都锦莱源商贸,,UNAVAILABLE,DATA_QUALITY_ALERT,,,,,,,,,,NO_ALERT,MISSING,ID_MATCHED,,
2026-05,ID:1350,希尔康,负责人 C,KEY,PRIORITY,214109.73,531311.37,-317201.64,317201.64,-0.5970164726570786,9.0,7.0,0.0559647236941836,Trend|Scale / Impact,NO_ALERT,VALID,NAME_MATCHED,0.0151699029126213,Trend: GMV环比-59.7%；Scale / Impact: GMV损失317201.64，上月区域占比5.6%
2026-05,ID:13778,众维堂器械,负责人 C,MID,NO_PRIORITY,54453.63,73425.27,-18971.640000000007,18971.640000000007,-0.2583802551900729,35.0,1.0,0.0077341182209611,,NO_ALERT,VALID,NAME_MATCHED,0.008,
2026-05,ID:14256,四川瑞锦医药科技,负责人 C,LONG_TAIL,ATTENTION,921.0,1948.8,-1027.8,1027.8,-0.5274014778325122,81.0,5.0,0.0002052733287737,Relative Position|Service,NO_ALERT,VALID,NAME_MATCHED,0.1818181818181818,Relative Position: 排名变化5，同月分位7.0%；Service: 售后率18.2%，环比变化281.8%
2026-05,ID:14726,四川然柠安,,UNAVAILABLE,DATA_QUALITY_ALERT,,,,,,,,,,NO_ALERT,MISSING,ID_MATCHED,,
2026-05,ID:14782,四川弗佑斯贸易,负责人 C,KEY,WATCHLIST,177421.79,278886.68,-101464.88999999998,101464.88999999998,-0.3638212122572508,11.0,4.0,0.0293760248123209,Scale / Impact,NO_ALERT,VALID,NAME_MATCHED,0.0100882723833543,Scale / Impact: GMV损失101464.89，上月区域占比2.9%
2026-05,ID:1513,长盛医药科技,负责人 C,LONG_TAIL,PRIORITY,4671.99,4855.59,-183.6000000000004,183.6000000000004,-0.0378120887471966,73.0,2.0,0.0005114548042181,Trend|Relative Position,NO_ALERT,VALID,NAME_MATCHED,0.0,Trend: GMV环比-3.8%，连续下降3个月；Relative Position: 排名变化2，同月分位16.3%
2026-05,ID:15134,【退店公示中】成都宝和堂科技,,UNAVAILABLE,DATA_QUALITY_ALERT,,,,,,,,,,NO_ALERT,MISSING,ID_MATCHED,,
2026-05,ID:15251,四川宜初霁,负责人 C,MID,NO_PRIORITY,91181.86,30509.78,60672.08,0.0,1.988610865106205,25.0,-34.0,0.003213692580436,,NO_ALERT,VALID,NAME_MATCHED,0.0304878048780487,
2026-05,ID:15504,多多医生,负责人 C,KEY,NO_PRIORITY,135565.51,160210.1,-24644.59,24644.59,-0.1538266938226741,13.0,-7.0,0.0168754415692582,,NO_ALERT,VALID,NAME_MATCHED,0.0202702702702702,
2026-05,ID:15756,四川瑾辉医疗器械,负责人 C,MID,NO_PRIORITY,16415.7,23347.84,-6932.139999999999,6932.139999999999,-0.2969071228858857,63.0,3.0,0.0024593025638732,,NO_ALERT,VALID,NAME_MATCHED,0.0,
2026-05,ID:15847,成都市嘉乐康健医疗器械,负责人 C,LONG_TAIL,WATCHLIST,5767.01,7420.7,-1653.6899999999996,1653.6899999999996,-0.2228482488174969,70.0,1.0,0.0007816460338829,Relative Position,NO_ALERT,VALID,NAME_MATCHED,0.0259740259740259,Relative Position: 排名变化1，同月分位19.8%
2026-05,ID:16025,四川微至,负责人 C,KEY,PRIORITY,58804.78,229498.96,-170694.18,170694.18,-0.7437688606519175,33.0,20.0,0.0241738585125752,Trend|Scale / Impact|Relative Position,NO_ALERT,VALID,NAME_MATCHED,0.0032051282051282,Trend: GMV环比-74.4%；Scale / Impact: GMV损失170694.18，上月区域占比2.4%；Relative Position: 排名变化20，同月分位62.8%
2026-05,ID:16163,济郎中医药科技,负责人 C,KEY,WATCHLIST,344720.02,418735.61,-74015.58999999997,74015.58999999997,-0.1767597219639379,3.0,-1.0,0.0441067593086996,Scale / Impact,NO_ALERT,VALID,NAME_MATCHED,0.0079328044797013,Scale / Impact: GMV损失74015.59，上月区域占比4.4%
2026-05,ID:16231,非药易,,LONG_TAIL,DATA_QUALITY_ALERT,,6478.81,,,,,,0.0006824337516381,,NO_ALERT,MISSING,ID_MATCHED,,
2026-05,ID:16711,鑫宇豪旗舰店,,UNAVAILABLE,DATA_QUALITY_ALERT,,,,,,,,,,NO_ALERT,MISSING,ID_MATCHED,,
2026-05,ID:16854,成都原数生物,,UNAVAILABLE,DATA_QUALITY_ALERT,,,,,,,,,,NO_ALERT,MISSING,ID_MATCHED,,
2026-05,ID:17301,四川牙易,,UNAVAILABLE,DATA_QUALITY_ALERT,,,,,,,,,,NO_ALERT,MISSING,ID_MATCHED,,
2026-05,ID:17386,保和堂,负责人 B,KEY,WATCHLIST,108793.71,173325.11,-64531.39999999998,64531.39999999998,-0.3723142019064634,18.0,0.0,0.0182568874639629,Scale / Impact,NO_ALERT,VALID,NAME_MATCHED,0.0066326530612244,Scale / Impact: GMV损失64531.40，上月区域占比1.8%
2026-05,ID:17613,远聚隆创旗舰店,负责人 C,MID,PRIORITY,52584.4,76594.12,-24009.719999999998,24009.719999999998,-0.3134668823142037,36.0,4.0,0.0080679033132664,Trend,NO_ALERT,VALID,NAME_MATCHED,0.0073260073260073,Trend: GMV环比-31.3%，连续下降4个月
2026-05,ID:17614,成都铸盛医疗器械,,UNAVAILABLE,DATA_QUALITY_ALERT,,,,,,,,,,NO_ALERT,MISSING,ID_MATCHED,,
2026-05,ID:17716,致呈优选,负责人 C,MID,NO_PRIORITY,31288.8,45277.3,-13988.500000000004,13988.500000000004,-0.3089517263617751,54.0,3.0,0.0047692026318176,,NO_ALERT,VALID,NAME_MATCHED,0.0019455252918287,
2026-05,ID:17859,四川亦辰美唯网络科技,负责人 C,MID,NO_PRIORITY,22414.86,36049.72,-13634.86,13634.86,-0.3782237420984129,58.0,2.0,0.0037972321560758,,NO_ALERT,VALID,NAME_MATCHED,0.0244399185336048,
2026-05,ID:17862,【已退店】医道彤行,,UNAVAILABLE,DATA_QUALITY_ALERT,,,,,,,,,,NO_ALERT,MISSING,ID_MATCHED,,
2026-05,ID:18090,天启明,,UNAVAILABLE,DATA_QUALITY_ALERT,,,,,,,,,,NO_ALERT,MISSING,ID_MATCHED,,
2026-05,ID:18134,四川奇力康健康科技,负责人 C,MID,ATTENTION,10602.14,32296.68,-21694.54,21694.54,-0.6717266294863744,67.0,9.0,0.0034019124650757,Trend|Relative Position,NO_ALERT,VALID,NAME_MATCHED,0.0045045045045045,Trend: GMV环比-67.2%；Relative Position: 排名变化9，同月分位23.3%
2026-05,ID:18152,亦蓝辰美,负责人 C,MID,NO_PRIORITY,37608.77,60170.05,-22561.28000000001,22561.28000000001,-0.3749586380599651,44.0,1.0,0.0063379035591036,,NO_ALERT,VALID,NAME_MATCHED,0.034416826003824,
2026-05,ID:18517,聚药汇,负责人 C,KEY,PRIORITY,104870.63,246505.76,-141635.13,141635.13,-0.5745712797948412,20.0,10.0,0.0259652390789693,Trend|Scale / Impact|Relative Position,NO_ALERT,VALID,NAME_MATCHED,0.0277227722772277,Trend: GMV环比-57.5%；Scale / Impact: GMV损失141635.13，上月区域占比2.6%；Relative Position: 排名变化10，同月分位77.9%
2026-05,ID:18716,【已退店】悦美康宸,,UNAVAILABLE,DATA_QUALITY_ALERT,,,,,,,,,,NO_ALERT,MISSING,ID_MATCHED,,
2026-05,ID:19233,成都至本生物科技,负责人 C,LONG_TAIL,ATTENTION,5619.8,4567.26,1052.54,0.0,0.2304532695751939,71.0,-1.0,0.0004810840843468,Relative Position|Service,NO_ALERT,VALID,NAME_MATCHED,0.081081081081081,Relative Position: 排名变化-1，同月分位18.6%；Service: 售后率8.1%，环比变化5.4%
2026-05,ID:19239,有识医药,负责人 B,MID,NO_PRIORITY,25079.28,21958.66,3120.619999999999,0.0,0.1421134076487362,56.0,-6.0,0.0023129757972138,,NO_ALERT,VALID,NAME_MATCHED,0.0294117647058823,
2026-05,ID:19273,鑫众维医药,负责人 B,MID,PRIORITY,41437.34,62867.3,-21429.960000000006,21429.960000000006,-0.3408760993394023,41.0,0.0,0.0066220135170443,Trend,NO_ALERT,VALID,NAME_MATCHED,0.0114068441064638,Trend: GMV环比-34.1%，连续下降4个月
2026-05,ID:1957,臻品堂医药,负责人 C,MID,NO_PRIORITY,59194.68,103691.53,-44496.85,44496.85,-0.4291271427859151,32.0,4.0,0.010922160061956,,NO_ALERT,VALID,NAME_MATCHED,0.0053191489361702,
2026-05,ID:1970,成都诚美,负责人 C,KEY,WATCHLIST,228941.02,263543.12,-34602.100000000006,34602.100000000006,-0.1312957818819174,7.0,-1.0,0.0277598386277769,Scale / Impact,NO_ALERT,VALID,NAME_MATCHED,0.0092105263157894,Scale / Impact: GMV损失34602.10，上月区域占比2.8%
2026-05,ID:19743,梦方迪,,UNAVAILABLE,DATA_QUALITY_ALERT,,,,,,,,,,NO_ALERT,MISSING,ID_MATCHED,,
2026-05,ID:20204,四川永瑞康健医药科技,负责人 B,KEY,PRIORITY,104152.33,154323.77,-50171.43999999999,50171.43999999999,-0.3251050696856356,21.0,0.0,0.0162554156284943,Trend,NO_ALERT,VALID,NAME_MATCHED,0.0176056338028169,Trend: GMV环比-32.5%，连续下降4个月
2026-05,ID:2021,榕庆商贸,负责人 C,MID,WATCHLIST,33772.75,66891.27,-33118.520000000004,33118.520000000004,-0.4951097504950945,49.0,13.0,0.0070458711303374,Relative Position,NO_ALERT,VALID,NAME_MATCHED,0.00836820083682,Relative Position: 排名变化13，同月分位44.2%
2026-05,ID:20230,四川多多邦健康管理,负责人 B,KEY,PRIORITY,117565.96,230184.5,-112618.54,112618.54,-0.4892533598048522,15.0,3.0,0.0242460686304978,Trend|Scale / Impact,NO_ALERT,MISSING,NAME_MATCHED,,Trend: GMV环比-48.9%，连续下降3个月；Scale / Impact: GMV损失112618.54，上月区域占比2.4%
2026-05,ID:2080,深圳亿乐康,,UNAVAILABLE,DATA_QUALITY_ALERT,,,,,,,,,,NO_ALERT,MISSING,ID_MATCHED,,
2026-05,ID:2084,鲁鸿医疗,负责人 C,KEY,PRIORITY,1098122.69,1378516.7,-280394.01,280394.01,-0.203402693634397,1.0,0.0,0.1452035672101613,Trend|Scale / Impact,NO_ALERT,VALID,NAME_MATCHED,0.0077648363838047,Trend: GMV环比-20.3%，连续下降4个月；Scale / Impact: GMV损失280394.01，上月区域占比14.5%
2026-05,ID:21117,四川赤泉甘木生物科技,,UNAVAILABLE,DATA_QUALITY_ALERT,,,,,,,,,,NO_ALERT,MISSING,ID_MATCHED,,
2026-05,ID:2116,锦仁堂,负责人 C,MID,NO_PRIORITY,64453.75,51453.83,12999.919999999998,0.0,0.2526521349333956,31.0,-15.0,0.0054197962655259,,NO_ALERT,VALID,NAME_MATCHED,0.03954802259887,
2026-05,ID:21206,四川共创盛世商贸,,KEY,WATCHLIST,224674.27,208811.94,15862.329999999987,0.0,0.0759646694532889,8.0,-6.0,0.0219948286183795,Scale / Impact,NO_ALERT,VALID,NAME_MATCHED,0.0132340777502067,Scale / Impact: GMV损失0.00，上月区域占比2.2%
2026-05,ID:2170,康爱多医药,负责人 C,MID,PRIORITY,110951.07,128251.68,-17300.609999999986,17300.609999999986,-0.1348957768038593,17.0,-5.0,0.0135091591104381,Trend,NO_ALERT,VALID,NAME_MATCHED,0.0082576383154417,Trend: GMV环比-13.5%，连续下降3个月
2026-05,ID:2182,舒力特,负责人 C,MID,NO_PRIORITY,32445.52,49133.94,-16688.420000000002,16688.420000000002,-0.3396515728231849,52.0,2.0,0.0051754348417324,,NO_ALERT,VALID,NAME_MATCHED,0.0185185185185185,
2026-05,ID:21964,四川承泰仁商贸,,MID,NO_PRIORITY,36291.76,43022.57,-6730.809999999998,6730.809999999998,-0.1564483479252866,48.0,-5.0,0.0045317047189554,,NO_ALERT,VALID,NAME_MATCHED,0.0084033613445378,
2026-05,ID:22033,重庆铃宇消费品供应链,,LONG_TAIL,WATCHLIST,4090.48,1945.68,2144.8,0.0,1.1023395419596231,75.0,-2.0,0.0002049446892079,Relative Position,NO_ALERT,VALID,NAME_MATCHED,0.0153846153846153,Relative Position: 排名变化-2，同月分位14.0%
2026-05,ID:2205,成都墨芑,,UNAVAILABLE,DATA_QUALITY_ALERT,,,,,,,,,,NO_ALERT,MISSING,ID_MATCHED,,
2026-05,ID:2245,蒙特生物,负责人 C,MID,PRIORITY,51782.32,74762.31,-22979.99,22979.99,-0.3073739963358542,37.0,4.0,0.0078749529148772,Trend,NO_ALERT,VALID,NAME_MATCHED,0.0155440414507772,Trend: GMV环比-30.7%，连续下降4个月
2026-05,ID:22679,江西古戈尔商贸,,MID,NO_PRIORITY,22401.9,32522.56,-10120.66,10120.66,-0.311188910098098,59.0,2.0,0.0034257051269719,,NO_ALERT,VALID,NAME_MATCHED,0.0,
2026-05,ID:22862,四川众恩德科技,,KEY,PRIORITY,90271.63,476978.23,-386706.6,386706.6,-0.8107426621965534,26.0,23.0,0.0502416405093886,Trend|Scale / Impact|Relative Position,NO_ALERT,VALID,NAME_MATCHED,0.0061804697156983,Trend: GMV环比-81.1%；Scale / Impact: GMV损失386706.60，上月区域占比5.0%；Relative Position: 排名变化23，同月分位70.9%
2026-05,ID:22917,成都天蕊贸易,,KEY,PRIORITY,209057.18,236104.86,-27047.679999999997,27047.679999999997,-0.1145579129544389,10.0,-1.0,0.0248696790598588,Trend|Scale / Impact,NO_ALERT,VALID,NAME_MATCHED,0.0167182662538699,Trend: GMV环比-11.5%，连续下降4个月；Scale / Impact: GMV损失27047.68，上月区域占比2.5%
2026-05,ID:22940,四川壹贝佳健康咨询,,KEY,WATCHLIST,171515.76,183676.37,-12160.609999999986,12160.609999999986,-0.0662067200043206,12.0,-4.0,0.0193472187433155,Scale / Impact,NO_ALERT,VALID,NAME_MATCHED,0.0018399264029438,Scale / Impact: GMV损失12160.61，上月区域占比1.9%
2026-05,ID:23028,重庆小橘灯商贸,,LONG_TAIL,PRIORITY,3087.39,10895.77,-7808.380000000001,7808.380000000001,-0.716643247792492,77.0,11.0,0.0011476862569031,Trend|Relative Position|Order,NO_ALERT,VALID,NAME_MATCHED,0.0232558139534883,Trend: GMV环比-71.7%，连续下降4个月；Relative Position: 排名变化11，同月分位11.6%；Order: 订单环比-64.4%
2026-05,ID:23497,重庆赛迪亨商贸,,MID,NO_PRIORITY,39257.01,50308.77,-11051.759999999997,11051.759999999997,-0.2196785967933622,42.0,-6.0,0.0052991834382242,,NO_ALERT,VALID,NAME_MATCHED,0.0075585789871504,
2026-05,ID:23871,好品惠,,LONG_TAIL,WATCHLIST,2192.92,4352.79,-2159.87,2159.87,-0.4962035843677274,79.0,6.0,0.0004584932741958,Relative Position,NO_ALERT,VALID,NAME_MATCHED,0.0,Relative Position: 排名变化6，同月分位9.3%
2026-05,ID:24075,好尔思健康,,MID,NO_PRIORITY,83959.94,101738.01,-17778.069999999992,17778.069999999992,-0.1747436380955357,29.0,0.0,0.0107163895605059,,NO_ALERT,VALID,NAME_MATCHED,0.0152439024390243,
2026-05,ID:24236,重庆即美购供应链管理,,LONG_TAIL,WATCHLIST,1241.02,1434.18,-193.16000000000008,193.16000000000008,-0.1346832336247891,80.0,2.0,0.0001510667603964,Relative Position,NO_ALERT,VALID,NAME_MATCHED,0.0,Relative Position: 排名变化2，同月分位8.1%
2026-05,ID:24287,四川美恩堂医药,,MID,NO_PRIORITY,87607.11,105977.52,-18370.410000000003,18370.410000000003,-0.1733425164129147,27.0,2.0,0.0111629506904676,,NO_ALERT,VALID,NAME_MATCHED,0.0050377833753148,
2026-05,ID:24447,成都德善堂生物科技,,LONG_TAIL,ATTENTION,4260.21,9503.7,-5243.490000000001,5243.490000000001,-0.5517314309163799,74.0,7.0,0.0010010550773126,Trend|Relative Position,NO_ALERT,VALID,NAME_MATCHED,0.0,Trend: GMV环比-55.2%；Relative Position: 排名变化7，同月分位15.1%
2026-05,ID:24474,成都三合力医疗用品,,LONG_TAIL,WATCHLIST,692.0,496.56,195.44,0.0,0.3935878846463669,83.0,1.0,5.230425089074199e-05,Relative Position,NO_ALERT,VALID,NAME_MATCHED,0.0,Relative Position: 排名变化1，同月分位4.7%
2026-05,ID:24489,成都喜之安健康咨询,,MID,NO_PRIORITY,99733.68,50152.55,49581.12999999999,0.0,0.9886063619895696,22.0,-27.0,0.005282728286633,,NO_ALERT,VALID,NAME_MATCHED,0.0069686411149825,
2026-05,ID:24491,四川蓝漂日用品,,LONG_TAIL,WATCHLIST,3891.79,760.46,3131.33,0.0,4.11767877337401,76.0,-4.0,8.010168082884981e-05,Relative Position,NO_ALERT,VALID,NAME_MATCHED,0.0,Relative Position: 排名变化-4，同月分位12.8%
2026-05,ID:24513,成都瑞舒达健康管理,,KEY,WATCHLIST,308755.45,376293.43,-67537.97999999998,67537.97999999998,-0.1794822195008825,4.0,-1.0,0.0396361889223011,Scale / Impact,NO_ALERT,VALID,NAME_MATCHED,0.0294241277847835,Scale / Impact: GMV损失67537.98，上月区域占比4.0%
2026-05,ID:24713,四川蜀妈妈生物科技,,LONG_TAIL,WATCHLIST,855.68,102.76,752.92,0.0,7.326975476839236,82.0,-1.0,1.082403903160272e-05,Relative Position,NO_ALERT,VALID,NAME_MATCHED,0.0,Relative Position: 排名变化-1，同月分位5.8%
2026-05,ID:24732,四川康福达医疗科技,,LONG_TAIL,NO_PRIORITY,20520.83,780.68,19740.15,0.0,25.285840549264748,60.0,-19.0,8.223151801471013e-05,,NO_ALERT,VALID,NAME_MATCHED,0.0265486725663716,
2026-05,ID:24857,四川汇天美优贸易,,UNAVAILABLE,WATCHLIST,5126.32,,,,,72.0,,,Relative Position,NO_ALERT,VALID,NAME_MATCHED,0.054054054054054,Relative Position: 排名变化NA，同月分位17.4%
2026-05,ID:24874,陕西商玺伟康医药用品,,UNAVAILABLE,WATCHLIST,272.0,,,,,86.0,,,Relative Position,NO_ALERT,VALID,NAME_MATCHED,0.0,Relative Position: 排名变化NA，同月分位1.2%
2026-05,ID:24989,盛弘康品,,UNAVAILABLE,NO_PRIORITY,9997.76,,,,,69.0,,,,NO_ALERT,VALID,NAME_MATCHED,0.0,
2026-05,ID:25025,成都御养集商贸,,UNAVAILABLE,NO_PRIORITY,28811.3,,,,,55.0,,,,NO_ALERT,VALID,NAME_MATCHED,0.0330188679245283,
2026-05,ID:2563,成都天然堂,负责人 C,MID,ATTENTION,65981.37,126605.32,-60623.95000000001,60623.95000000001,-0.4788420423407169,30.0,7.0,0.0133357427529053,Scale / Impact|Service,NO_ALERT,VALID,NAME_MATCHED,0.0610169491525423,Scale / Impact: GMV损失60623.95，上月区域占比1.3%；Service: 售后率6.1%，环比变化116.6%
2026-05,ID:2837,四川多乐士,负责人 C,KEY,WATCHLIST,117078.62,187646.03,-70567.41,70567.41,-0.3760666292806728,16.0,1.0,0.0197653557108339,Scale / Impact,NO_ALERT,VALID,NAME_MATCHED,0.0052576235541535,Scale / Impact: GMV损失70567.41，上月区域占比2.0%
2026-05,ID:3001,华药天康,负责人 C,MID,NO_PRIORITY,38268.9,66126.14,-27857.24,27857.24,-0.421274249487419,43.0,5.0,0.0069652775434918,,NO_ALERT,VALID,NAME_MATCHED,0.0124333925399644,
2026-05,ID:3279,四川朝利,负责人 C,MID,WATCHLIST,11312.79,22666.61,-11353.82,11353.82,-0.5009050757921012,66.0,5.0,0.0023875464320174,Service,NO_ALERT,VALID,NAME_MATCHED,0.0161290322580645,Service: 售后率1.6%，环比变化237.1%
2026-05,ID:3314,上品康健,负责人 C,MID,NO_PRIORITY,85661.29,95825.29,-10164.0,10164.0,-0.1060680327708896,28.0,-2.0,0.0100935838767482,,NO_ALERT,VALID,NAME_MATCHED,0.01,
2026-05,ID:3787,蓉易购,负责人 C,LONG_TAIL,ATTENTION,2302.28,2501.02,-198.73999999999975,198.73999999999975,-0.0794635788598251,78.0,3.0,0.0002634404252512,Relative Position|Service,NO_ALERT,VALID,NAME_MATCHED,0.0869565217391304,Relative Position: 排名变化3，同月分位10.5%；Service: 售后率8.7%，环比变化108.7%
2026-05,ID:4216,壹药师,负责人 B,KEY,WATCHLIST,281899.83,360492.01,-78592.18,78592.18,-0.2180136530626573,5.0,-1.0,0.0379717748814803,Scale / Impact,NO_ALERT,VALID,NAME_MATCHED,0.0148367952522255,Scale / Impact: GMV损失78592.18，上月区域占比3.8%
2026-05,ID:4930,大圣旗舰店,负责人 B,MID,NO_PRIORITY,105023.26,105780.88,-757.6200000000099,757.6200000000099,-0.007162163899563,19.0,-7.0,0.0111422379711685,,NO_ALERT,VALID,NAME_MATCHED,0.00390625,
2026-05,ID:5293,成都利民康,负责人 C,LONG_TAIL,NO_PRIORITY,13313.9,13213.67,100.22999999999956,0.0,0.0075853264081817,64.0,0.0,0.0013918380676403,,NO_ALERT,VALID,NAME_MATCHED,0.0359712230215827,
2026-05,ID:5379,四川长生康,负责人 C,MID,NO_PRIORITY,58342.13,57720.09,622.0400000000009,0.0,0.0107768369730538,34.0,-11.0,0.006079841446746,,NO_ALERT,VALID,NAME_MATCHED,0.0044247787610619,
2026-05,ID:5504,亿辰科技,负责人 C,MID,NO_PRIORITY,31657.21,50568.29,-18911.08,18911.08,-0.3739711190550442,53.0,6.0,0.0053265195087719,,NO_ALERT,VALID,NAME_MATCHED,0.0262237762237762,
2026-05,ID:6256,四川锐源通,负责人 C,MID,PRIORITY,24716.71,104299.0,-79582.29000000001,79582.29000000001,-0.7630206425756718,57.0,30.0,0.0109861468174107,Trend|Scale / Impact|Relative Position,NO_ALERT,VALID,NAME_MATCHED,0.0118577075098814,Trend: GMV环比-76.3%；Scale / Impact: GMV损失79582.29，上月区域占比1.1%；Relative Position: 排名变化30，同月分位34.9%
2026-05,ID:6326,成都福美康,,UNAVAILABLE,DATA_QUALITY_ALERT,,,,,,,,,,NO_ALERT,MISSING,ID_MATCHED,,
2026-05,ID:7119,鑫强劲,负责人 C,MID,WATCHLIST,17128.61,38368.19,-21239.58,21239.58,-0.553572633997069,61.0,6.0,0.0040414440067336,Trend,NO_ALERT,VALID,NAME_MATCHED,0.0087719298245614,Trend: GMV环比-55.4%
2026-05,ID:720,丽康琴保健品,负责人 C,MID,PRIORITY,45940.83,58840.04,-12899.21,12899.21,-0.2192250379163576,40.0,-4.0,0.0061978093575424,Trend,NO_ALERT,VALID,NAME_MATCHED,0.0149253731343283,Trend: GMV环比-21.9%，连续下降4个月
2026-05,ID:7201,恒生医疗,负责人 B,LONG_TAIL,NO_PRIORITY,16907.85,11670.3,5237.549999999999,0.0,0.4487930901519241,62.0,-3.0,0.0012292699757737,,NO_ALERT,VALID,NAME_MATCHED,0.0285714285714285,
2026-05,ID:7370,乐宜堂,负责人 C,KEY,WATCHLIST,119710.08,181545.07,-61834.990000000005,61834.990000000005,-0.3406040714848385,14.0,-3.0,0.0191227221066081,Scale / Impact,NO_ALERT,VALID,NAME_MATCHED,0.0090991810737033,Scale / Impact: GMV损失61834.99，上月区域占比1.9%
2026-05,ID:8187,四川吉瑞兴,,UNAVAILABLE,DATA_QUALITY_ALERT,,,,,,,,,,NO_ALERT,MISSING,ID_MATCHED,,
2026-05,ID:8188,康晟旗舰店,,UNAVAILABLE,DATA_QUALITY_ALERT,,,,,,,,,,NO_ALERT,MISSING,ID_MATCHED,,
2026-05,ID:8235,福信美商贸,负责人 C,KEY,WATCHLIST,264821.81,259821.2,5000.609999999986,0.0,0.0192463509521163,6.0,-3.0,0.027367796905779,Scale / Impact,NO_ALERT,VALID,NAME_MATCHED,0.0033396946564885,Scale / Impact: GMV损失0.00，上月区域占比2.7%
2026-05,ID:8521,聚美健,负责人 C,MID,NO_PRIORITY,93907.24,125402.87,-31495.62999999999,31495.62999999999,-0.2511555756259804,23.0,-1.0,0.0132090848535909,,NO_ALERT,VALID,NAME_MATCHED,0.0186567164179104,
2026-05,ID:8913,【2024/10/31关店】活玉旗舰店,,UNAVAILABLE,DATA_QUALITY_ALERT,,,,,,,,,,NO_ALERT,MISSING,ID_MATCHED,,
2026-05,ID:8930,惠仁棠,,UNAVAILABLE,DATA_QUALITY_ALERT,,,,,,,,,,NO_ALERT,MISSING,ID_MATCHED,,
2026-05,ID:9348,平康购,负责人 B,LONG_TAIL,PRIORITY,643.65,2877.9,-2234.25,2234.25,-0.7763473365996039,84.0,10.0,0.0003031383994652,Trend|Relative Position|Service,NO_ALERT,MISSING,ID_MATCHED,0.0625,Trend: GMV环比-77.6%；Relative Position: 排名变化10，同月分位3.5%；Service: 售后率6.2%，环比变化243.8%
2026-05,ID:960,【退店公示中】欣乐士(原亮剑),,UNAVAILABLE,DATA_QUALITY_ALERT,,,,,,,,,,NO_ALERT,MISSING,ID_MATCHED,,
2026-05,NAME:内蒙古康依商贸,内蒙古康依商贸,,UNAVAILABLE,DATA_QUALITY_ALERT,,,,,,,,,,DATA_QUALITY_ALERT,UNRESOLVED_MERCHANT,UNRESOLVED,,
2026-05,NAME:四川聚俊仁信医疗器械,四川聚俊仁信医疗器械,,UNAVAILABLE,DATA_QUALITY_ALERT,,,,,,,,,,DATA_QUALITY_ALERT,UNRESOLVED_MERCHANT,UNRESOLVED,,
2026-05,NAME:成都八百供应链管理,成都八百供应链管理,,UNAVAILABLE,DATA_QUALITY_ALERT,,,,,,,,,,DATA_QUALITY_ALERT,UNRESOLVED_MERCHANT,UNRESOLVED,,
2026-05,NAME:湛江市远潮食品,湛江市远潮食品,,UNAVAILABLE,DATA_QUALITY_ALERT,,,,,,,,,,DATA_QUALITY_ALERT,UNRESOLVED_MERCHANT,UNRESOLVED,,
2026-05,NAME:燊楠贸易,燊楠贸易,负责人 A,UNAVAILABLE,DATA_QUALITY_ALERT,,,,,,,,,,DATA_QUALITY_ALERT,UNRESOLVED_MERCHANT,UNRESOLVED,,
2026-05,NAME:重庆和煜医疗器械,重庆和煜医疗器械,,UNAVAILABLE,DATA_QUALITY_ALERT,,,,,,,,,,DATA_QUALITY_ALERT,UNRESOLVED_MERCHANT,UNRESOLVED,,
2026-06,ID:11125,药悦网,,UNAVAILABLE,DATA_QUALITY_ALERT,,,,,,,,,,DATA_QUALITY_ALERT,MISSING,ID_MATCHED,,
2026-06,ID:1140,都尔东康,负责人 C,LONG_TAIL,DATA_QUALITY_ALERT,,10032.2,,,,,,0.0014039880683993,,DATA_QUALITY_ALERT,MISSING,NAME_MATCHED,,
2026-06,ID:1142,普宁普慈,负责人 B,MID,DATA_QUALITY_ALERT,,91629.28,,,,,,0.0128233503953295,,DATA_QUALITY_ALERT,MISSING,NAME_MATCHED,,
2026-06,ID:11628,子钦医疗,,LONG_TAIL,DATA_QUALITY_ALERT,,300.0,,,,,,4.198445211616697e-05,,DATA_QUALITY_ALERT,MISSING,NAME_MATCHED,,
2026-06,ID:11854,诺和堂,负责人 B,KEY,DATA_QUALITY_ALERT,,455979.39,,,,,,0.0638134828847134,Scale / Impact,DATA_QUALITY_ALERT,MISSING,NAME_MATCHED,,Scale / Impact: GMV损失nan，上月区域占比6.4%
2026-06,ID:11860,一玖堂,负责人 C,MID,DATA_QUALITY_ALERT,,37228.7,,,,,,0.0052100885749904,,DATA_QUALITY_ALERT,MISSING,NAME_MATCHED,,
2026-06,ID:11905,贰美医疗,负责人 C,MID,DATA_QUALITY_ALERT,,32478.15,,,,,,0.0045452577783222,,DATA_QUALITY_ALERT,MISSING,NAME_MATCHED,,
2026-06,ID:11908,药精采,负责人 C,MID,DATA_QUALITY_ALERT,,36731.98,,,,,,0.00514057351814,,DATA_QUALITY_ALERT,MISSING,NAME_MATCHED,,
2026-06,ID:11984,四川北尘,负责人 C,MID,DATA_QUALITY_ALERT,,36820.39,,,,,,0.0051529463361786,,DATA_QUALITY_ALERT,MISSING,NAME_MATCHED,,
2026-06,ID:12380,纽瑞特,,UNAVAILABLE,DATA_QUALITY_ALERT,,,,,,,,,,DATA_QUALITY_ALERT,MISSING,ID_MATCHED,,
2026-06,ID:12382,四川奥慈,负责人 C,MID,DATA_QUALITY_ALERT,,50076.92,,,,,,0.0070081734995504,,DATA_QUALITY_ALERT,MISSING,NAME_MATCHED,,
2026-06,ID:1257,辉莹医疗,,UNAVAILABLE,DATA_QUALITY_ALERT,,,,,,,,,,DATA_QUALITY_ALERT,MISSING,ID_MATCHED,,
2026-06,ID:12642,九之堂旗舰店,负责人 C,MID,DATA_QUALITY_ALERT,,49653.71,,,,,,0.0069489460329501,,DATA_QUALITY_ALERT,MISSING,NAME_MATCHED,,
2026-06,ID:12823,众维器械,,UNAVAILABLE,DATA_QUALITY_ALERT,,,,,,,,,,DATA_QUALITY_ALERT,MISSING,ID_MATCHED,,
2026-06,ID:12947,江西省战狼商贸,负责人 B,MID,DATA_QUALITY_ALERT,,32833.46,,,,,,0.0045949827639269,,DATA_QUALITY_ALERT,MISSING,NAME_MATCHED,,
2026-06,ID:12980,有之源旗舰店,负责人 C,LONG_TAIL,DATA_QUALITY_ALERT,,12839.55,,,,,,0.0017968715738937,Order,DATA_QUALITY_ALERT,MISSING,NAME_MATCHED,,Order: 订单环比-63.7%
2026-06,ID:13094,四川唤初新材料,,UNAVAILABLE,DATA_QUALITY_ALERT,,,,,,,,,,DATA_QUALITY_ALERT,MISSING,ID_MATCHED,,
2026-06,ID:13249,成都锦莱源商贸,,UNAVAILABLE,DATA_QUALITY_ALERT,,,,,,,,,,DATA_QUALITY_ALERT,MISSING,ID_MATCHED,,
2026-06,ID:1350,希尔康,负责人 C,KEY,DATA_QUALITY_ALERT,,214109.73,,,,,,0.0299642656893014,Scale / Impact,DATA_QUALITY_ALERT,MISSING,NAME_MATCHED,,Scale / Impact: GMV损失nan，上月区域占比3.0%
2026-06,ID:13778,众维堂器械,负责人 C,MID,DATA_QUALITY_ALERT,,54453.63,,,,,,0.0076206860709549,,DATA_QUALITY_ALERT,MISSING,NAME_MATCHED,,
2026-06,ID:14256,四川瑞锦医药科技,负责人 C,LONG_TAIL,DATA_QUALITY_ALERT,,921.0,,,,,,0.0001288922679966,,DATA_QUALITY_ALERT,MISSING,NAME_MATCHED,,
2026-06,ID:14726,四川然柠安,,UNAVAILABLE,DATA_QUALITY_ALERT,,,,,,,,,,DATA_QUALITY_ALERT,MISSING,ID_MATCHED,,
2026-06,ID:14782,四川弗佑斯贸易,负责人 C,KEY,DATA_QUALITY_ALERT,,177421.79,,,,,,0.0248298554887321,Scale / Impact|Order,DATA_QUALITY_ALERT,MISSING,NAME_MATCHED,,Scale / Impact: GMV损失nan，上月区域占比2.5%；Order: 订单环比-61.1%
2026-06,ID:1513,长盛医药科技,负责人 C,LONG_TAIL,DATA_QUALITY_ALERT,,4671.99,,,,,,0.0006538364681407,,DATA_QUALITY_ALERT,MISSING,NAME_MATCHED,,
2026-06,ID:15134,【退店公示中】成都宝和堂科技,,UNAVAILABLE,DATA_QUALITY_ALERT,,,,,,,,,,DATA_QUALITY_ALERT,MISSING,ID_MATCHED,,
2026-06,ID:15251,四川宜初霁,负责人 C,MID,DATA_QUALITY_ALERT,,91181.86,,,,,,0.0127607347834434,Order,DATA_QUALITY_ALERT,MISSING,NAME_MATCHED,,Order: 订单环比-65.2%
2026-06,ID:15504,多多医生,负责人 C,KEY,DATA_QUALITY_ALERT,,135565.51,,,,,,0.0189721455439958,,DATA_QUALITY_ALERT,MISSING,NAME_MATCHED,,
2026-06,ID:15756,四川瑾辉医疗器械,负责人 C,MID,DATA_QUALITY_ALERT,,16415.7,,,,,,0.0022973472353445,,DATA_QUALITY_ALERT,MISSING,NAME_MATCHED,,
2026-06,ID:15847,成都市嘉乐康健医疗器械,负责人 C,LONG_TAIL,DATA_QUALITY_ALERT,,5767.01,,,,,,0.0008070825173281,,DATA_QUALITY_ALERT,MISSING,NAME_MATCHED,,
2026-06,ID:16025,四川微至,负责人 C,MID,DATA_QUALITY_ALERT,,58804.78,,,,,,0.0082296215670391,,DATA_QUALITY_ALERT,MISSING,NAME_MATCHED,,
2026-06,ID:16163,济郎中医药科技,负责人 C,KEY,DATA_QUALITY_ALERT,,344720.02,,,,,,0.0482429372439137,Scale / Impact,DATA_QUALITY_ALERT,MISSING,NAME_MATCHED,,Scale / Impact: GMV损失nan，上月区域占比4.8%
2026-06,ID:16231,非药易,,UNAVAILABLE,DATA_QUALITY_ALERT,,,,,,,,,,DATA_QUALITY_ALERT,MISSING,ID_MATCHED,,
2026-06,ID:16711,鑫宇豪旗舰店,,UNAVAILABLE,DATA_QUALITY_ALERT,,,,,,,,,,DATA_QUALITY_ALERT,MISSING,ID_MATCHED,,
2026-06,ID:16854,成都原数生物,,UNAVAILABLE,DATA_QUALITY_ALERT,,,,,,,,,,DATA_QUALITY_ALERT,MISSING,ID_MATCHED,,
2026-06,ID:17301,四川牙易,,UNAVAILABLE,DATA_QUALITY_ALERT,,,,,,,,,,DATA_QUALITY_ALERT,MISSING,ID_MATCHED,,
2026-06,ID:17386,保和堂,负责人 B,KEY,DATA_QUALITY_ALERT,,108793.71,,,,,,0.0152254810267838,,DATA_QUALITY_ALERT,MISSING,NAME_MATCHED,,
2026-06,ID:17613,远聚隆创旗舰店,负责人 C,MID,DATA_QUALITY_ALERT,,52584.4,,,,,,0.0073590907461912,Order,DATA_QUALITY_ALERT,MISSING,NAME_MATCHED,,Order: 订单环比-92.4%
2026-06,ID:17614,成都铸盛医疗器械,,UNAVAILABLE,DATA_QUALITY_ALERT,,,,,,,,,,DATA_QUALITY_ALERT,MISSING,ID_MATCHED,,
2026-06,ID:17716,致呈优选,负责人 C,MID,DATA_QUALITY_ALERT,,31288.8,,,,,,0.0043788104179077,,DATA_QUALITY_ALERT,MISSING,NAME_MATCHED,,
2026-06,ID:17859,四川亦辰美唯网络科技,负责人 C,MID,DATA_QUALITY_ALERT,,22414.86,,,,,,0.0031369187212019,,DATA_QUALITY_ALERT,MISSING,NAME_MATCHED,,
2026-06,ID:17862,【已退店】医道彤行,,UNAVAILABLE,DATA_QUALITY_ALERT,,,,,,,,,,DATA_QUALITY_ALERT,MISSING,ID_MATCHED,,
2026-06,ID:18090,天启明,,UNAVAILABLE,DATA_QUALITY_ALERT,,,,,,,,,,DATA_QUALITY_ALERT,MISSING,ID_MATCHED,,
2026-06,ID:18134,四川奇力康健康科技,负责人 C,LONG_TAIL,DATA_QUALITY_ALERT,,10602.14,,,,,,0.0014837501305296,Order,DATA_QUALITY_ALERT,MISSING,NAME_MATCHED,,Order: 订单环比-80.0%
2026-06,ID:18152,亦蓝辰美,负责人 C,MID,DATA_QUALITY_ALERT,,37608.77,,,,,,0.0052632786773764,,DATA_QUALITY_ALERT,MISSING,NAME_MATCHED,,
2026-06,ID:18517,聚药汇,负责人 C,KEY,DATA_QUALITY_ALERT,,104870.63,,,,,,0.0146764531454242,Order,DATA_QUALITY_ALERT,MISSING,NAME_MATCHED,,Order: 订单环比-70.6%
2026-06,ID:18716,【已退店】悦美康宸,,UNAVAILABLE,DATA_QUALITY_ALERT,,,,,,,,,,DATA_QUALITY_ALERT,MISSING,ID_MATCHED,,
2026-06,ID:19233,成都至本生物科技,负责人 C,LONG_TAIL,DATA_QUALITY_ALERT,,5619.8,,,,,,0.0007864807466747,,DATA_QUALITY_ALERT,MISSING,NAME_MATCHED,,
2026-06,ID:19239,有识医药,负责人 B,MID,DATA_QUALITY_ALERT,,25079.28,,,,,,0.0035097994342264,,DATA_QUALITY_ALERT,MISSING,NAME_MATCHED,,
2026-06,ID:19273,鑫众维医药,负责人 B,MID,DATA_QUALITY_ALERT,,41437.34,,,,,,0.0057990800568377,,DATA_QUALITY_ALERT,MISSING,NAME_MATCHED,,
2026-06,ID:1957,臻品堂医药,负责人 C,MID,DATA_QUALITY_ALERT,,59194.68,,,,,,0.0082841873599727,Order,DATA_QUALITY_ALERT,MISSING,NAME_MATCHED,,Order: 订单环比-65.1%
2026-06,ID:1970,成都诚美,负责人 C,KEY,DATA_QUALITY_ALERT,,228941.02,,,,,,0.0320398776387214,Scale / Impact,DATA_QUALITY_ALERT,MISSING,NAME_MATCHED,,Scale / Impact: GMV损失nan，上月区域占比3.2%
2026-06,ID:19743,梦方迪,,UNAVAILABLE,DATA_QUALITY_ALERT,,,,,,,,,,DATA_QUALITY_ALERT,MISSING,ID_MATCHED,,
2026-06,ID:20204,四川永瑞康健医药科技,负责人 B,KEY,DATA_QUALITY_ALERT,,104152.33,,,,,,0.0145759283722407,,DATA_QUALITY_ALERT,MISSING,NAME_MATCHED,,
2026-06,ID:2021,榕庆商贸,负责人 C,MID,DATA_QUALITY_ALERT,,33772.75,,,,,,0.0047264346840209,,DATA_QUALITY_ALERT,MISSING,NAME_MATCHED,,
2026-06,ID:20230,四川多多邦健康管理,负责人 B,KEY,DATA_QUALITY_ALERT,,117565.96,,,,,,0.016453141393704,,DATA_QUALITY_ALERT,MISSING,NAME_MATCHED,,
2026-06,ID:2080,深圳亿乐康,,UNAVAILABLE,DATA_QUALITY_ALERT,,,,,,,,,,DATA_QUALITY_ALERT,MISSING,ID_MATCHED,,
2026-06,ID:2084,鲁鸿医疗,负责人 C,KEY,DATA_QUALITY_ALERT,,1098122.69,,,,,,0.1536802649866048,Scale / Impact,DATA_QUALITY_ALERT,MISSING,NAME_MATCHED,,Scale / Impact: GMV损失nan，上月区域占比15.4%
2026-06,ID:21117,四川赤泉甘木生物科技,,UNAVAILABLE,DATA_QUALITY_ALERT,,,,,,,,,,DATA_QUALITY_ALERT,MISSING,ID_MATCHED,,
2026-06,ID:2116,锦仁堂,负责人 C,MID,DATA_QUALITY_ALERT,,64453.75,,,,,,0.0090201846019413,,DATA_QUALITY_ALERT,MISSING,NAME_MATCHED,,
2026-06,ID:21206,四川共创盛世商贸,,KEY,DATA_QUALITY_ALERT,,224674.27,,,,,,0.0314427537684992,Scale / Impact,DATA_QUALITY_ALERT,MISSING,NAME_MATCHED,,Scale / Impact: GMV损失nan，上月区域占比3.1%
2026-06,ID:2170,康爱多医药,负责人 C,KEY,DATA_QUALITY_ALERT,,110951.07,,,,,,0.0155273996188416,,DATA_QUALITY_ALERT,MISSING,NAME_MATCHED,,
2026-06,ID:2182,舒力特,负责人 C,MID,DATA_QUALITY_ALERT,,32445.52,,,,,,0.0045406912694137,,DATA_QUALITY_ALERT,MISSING,NAME_MATCHED,,
2026-06,ID:21964,四川承泰仁商贸,,MID,DATA_QUALITY_ALERT,,36291.76,,,,,,0.0050789655331047,,DATA_QUALITY_ALERT,MISSING,NAME_MATCHED,,
2026-06,ID:22033,重庆铃宇消费品供应链,,LONG_TAIL,DATA_QUALITY_ALERT,,4090.48,,,,,,0.0005724552056404,,DATA_QUALITY_ALERT,MISSING,NAME_MATCHED,,
2026-06,ID:2205,成都墨芑,,UNAVAILABLE,DATA_QUALITY_ALERT,,,,,,,,,,DATA_QUALITY_ALERT,MISSING,ID_MATCHED,,
2026-06,ID:2245,蒙特生物,负责人 C,MID,DATA_QUALITY_ALERT,,51782.32,,,,,,0.0072468411150134,,DATA_QUALITY_ALERT,MISSING,NAME_MATCHED,,
2026-06,ID:22679,江西古戈尔商贸,,MID,DATA_QUALITY_ALERT,,22401.9,,,,,,0.0031351049928705,,DATA_QUALITY_ALERT,MISSING,NAME_MATCHED,,
2026-06,ID:22862,四川众恩德科技,,MID,DATA_QUALITY_ALERT,,90271.63,,,,,,0.0126333497572778,,DATA_QUALITY_ALERT,MISSING,NAME_MATCHED,,
2026-06,ID:22917,成都天蕊贸易,,KEY,DATA_QUALITY_ALERT,,209057.18,,,,,,0.0292571705441696,Scale / Impact,DATA_QUALITY_ALERT,MISSING,NAME_MATCHED,,Scale / Impact: GMV损失nan，上月区域占比2.9%
2026-06,ID:22940,四川壹贝佳健康咨询,,KEY,DATA_QUALITY_ALERT,,171515.76,,,,,,0.0240033173762932,Scale / Impact,DATA_QUALITY_ALERT,MISSING,NAME_MATCHED,,Scale / Impact: GMV损失nan，上月区域占比2.4%
2026-06,ID:23028,重庆小橘灯商贸,,LONG_TAIL,DATA_QUALITY_ALERT,,3087.39,,,,,,0.0004320745920631,Order,DATA_QUALITY_ALERT,MISSING,NAME_MATCHED,,Order: 订单环比-82.7%
2026-06,ID:23497,重庆赛迪亨商贸,,MID,DATA_QUALITY_ALERT,,39257.01,,,,,,0.0054939468552296,,DATA_QUALITY_ALERT,MISSING,NAME_MATCHED,,
2026-06,ID:23871,好品惠,,LONG_TAIL,DATA_QUALITY_ALERT,,2192.92,,,,,,0.0003068951491152,,DATA_QUALITY_ALERT,MISSING,NAME_MATCHED,,
2026-06,ID:24075,好尔思健康,,MID,DATA_QUALITY_ALERT,,83959.94,,,,,,0.0117500402686875,,DATA_QUALITY_ALERT,MISSING,NAME_MATCHED,,
2026-06,ID:24236,重庆即美购供应链管理,,LONG_TAIL,DATA_QUALITY_ALERT,,1241.02,,,,,,0.0001736784825506,Order,DATA_QUALITY_ALERT,MISSING,NAME_MATCHED,,Order: 订单环比-71.4%
2026-06,ID:24287,四川美恩堂医药,,MID,DATA_QUALITY_ALERT,,87607.11,,,,,,0.0122604550494359,Order,DATA_QUALITY_ALERT,MISSING,NAME_MATCHED,,Order: 订单环比-61.2%
2026-06,ID:24447,成都德善堂生物科技,,LONG_TAIL,DATA_QUALITY_ALERT,,4260.21,,,,,,0.000596208609166,,DATA_QUALITY_ALERT,MISSING,NAME_MATCHED,,
2026-06,ID:24474,成都三合力医疗用品,,LONG_TAIL,DATA_QUALITY_ALERT,,692.0,,,,,,9.684413621462516e-05,,DATA_QUALITY_ALERT,MISSING,NAME_MATCHED,,
2026-06,ID:24489,成都喜之安健康咨询,,KEY,DATA_QUALITY_ALERT,,99733.68,,,,,,0.0139575463744303,Order,DATA_QUALITY_ALERT,MISSING,NAME_MATCHED,,Order: 订单环比-77.1%
2026-06,ID:24491,四川蓝漂日用品,,LONG_TAIL,DATA_QUALITY_ALERT,,3891.79,,,,,,0.0005446489030039,,DATA_QUALITY_ALERT,MISSING,NAME_MATCHED,,
2026-06,ID:24513,成都瑞舒达健康管理,,KEY,DATA_QUALITY_ALERT,,308755.45,,,,,,0.0432097613537686,Scale / Impact,DATA_QUALITY_ALERT,MISSING,NAME_MATCHED,,Scale / Impact: GMV损失nan，上月区域占比4.3%
2026-06,ID:24713,四川蜀妈妈生物科技,,LONG_TAIL,DATA_QUALITY_ALERT,,855.68,,,,,,0.0001197508532892,Order,DATA_QUALITY_ALERT,MISSING,NAME_MATCHED,,Order: 订单环比-97.0%
2026-06,ID:24732,四川康福达医疗科技,,MID,DATA_QUALITY_ALERT,,20520.83,,,,,,0.00287185268173,,DATA_QUALITY_ALERT,MISSING,NAME_MATCHED,,
2026-06,ID:24857,四川汇天美优贸易,,LONG_TAIL,DATA_QUALITY_ALERT,,5126.32,,,,,,0.0007174191219071,,DATA_QUALITY_ALERT,MISSING,NAME_MATCHED,,
2026-06,ID:24874,陕西商玺伟康医药用品,,LONG_TAIL,DATA_QUALITY_ALERT,,272.0,,,,,,3.8065903251991386e-05,,DATA_QUALITY_ALERT,MISSING,NAME_MATCHED,,
2026-06,ID:24989,盛弘康品,,LONG_TAIL,DATA_QUALITY_ALERT,,9997.76,,,,,,0.0013991682532964,,DATA_QUALITY_ALERT,MISSING,NAME_MATCHED,,
2026-06,ID:25025,成都御养集商贸,,MID,DATA_QUALITY_ALERT,,28811.3,,,,,,0.004032088817515,,DATA_QUALITY_ALERT,MISSING,NAME_MATCHED,,
2026-06,ID:2563,成都天然堂,负责人 C,MID,DATA_QUALITY_ALERT,,65981.37,,,,,,0.0092339722310803,,DATA_QUALITY_ALERT,MISSING,NAME_MATCHED,,
2026-06,ID:2837,四川多乐士,负责人 C,KEY,DATA_QUALITY_ALERT,,117078.62,,,,,,0.016384939050723,,DATA_QUALITY_ALERT,MISSING,NAME_MATCHED,,
2026-06,ID:3001,华药天康,负责人 C,MID,DATA_QUALITY_ALERT,,38268.9,,,,,,0.0053556626652946,,DATA_QUALITY_ALERT,MISSING,NAME_MATCHED,,
2026-06,ID:3279,四川朝利,负责人 C,LONG_TAIL,DATA_QUALITY_ALERT,,11312.79,,,,,,0.0015832043001841,,DATA_QUALITY_ALERT,MISSING,NAME_MATCHED,,
2026-06,ID:3314,上品康健,负责人 C,MID,DATA_QUALITY_ALERT,,85661.29,,,,,,0.0119881410940469,Order,DATA_QUALITY_ALERT,MISSING,NAME_MATCHED,,Order: 订单环比-69.6%
2026-06,ID:3787,蓉易购,负责人 C,LONG_TAIL,DATA_QUALITY_ALERT,,2302.28,,,,,,0.0003221998813933,,DATA_QUALITY_ALERT,MISSING,NAME_MATCHED,,
2026-06,ID:4216,壹药师,负责人 B,KEY,DATA_QUALITY_ALERT,,281899.83,,,,,,0.0394513663806353,Scale / Impact,DATA_QUALITY_ALERT,MISSING,NAME_MATCHED,,Scale / Impact: GMV损失nan，上月区域占比3.9%
2026-06,ID:4930,大圣旗舰店,负责人 B,KEY,DATA_QUALITY_ALERT,,105023.26,,,,,,0.0146978134351791,,DATA_QUALITY_ALERT,MISSING,NAME_MATCHED,,
2026-06,ID:5293,成都利民康,负责人 C,MID,DATA_QUALITY_ALERT,,13313.9,,,,,,0.0018632559900981,,DATA_QUALITY_ALERT,MISSING,NAME_MATCHED,,
2026-06,ID:5379,四川长生康,负责人 C,MID,DATA_QUALITY_ALERT,,58342.13,,,,,,0.0081648745444672,,DATA_QUALITY_ALERT,MISSING,NAME_MATCHED,,
2026-06,ID:5504,亿辰科技,负责人 C,MID,DATA_QUALITY_ALERT,,31657.21,,,,,,0.0044303687245881,,DATA_QUALITY_ALERT,MISSING,NAME_MATCHED,,
2026-06,ID:6256,四川锐源通,负责人 C,MID,DATA_QUALITY_ALERT,,24716.71,,,,,,0.0034590584248806,,DATA_QUALITY_ALERT,MISSING,NAME_MATCHED,,
2026-06,ID:6326,成都福美康,,UNAVAILABLE,DATA_QUALITY_ALERT,,,,,,,,,,DATA_QUALITY_ALERT,MISSING,ID_MATCHED,,
2026-06,ID:7119,鑫强劲,负责人 C,MID,DATA_QUALITY_ALERT,,17128.61,,,,,,0.0023971176878716,,DATA_QUALITY_ALERT,MISSING,NAME_MATCHED,,
2026-06,ID:720,丽康琴保健品,负责人 C,MID,DATA_QUALITY_ALERT,,45940.83,,,,,,0.0064293352577065,,DATA_QUALITY_ALERT,MISSING,NAME_MATCHED,,
2026-06,ID:7201,恒生医疗,负责人 B,MID,DATA_QUALITY_ALERT,,16907.85,,,,,,0.0023662227290411,,DATA_QUALITY_ALERT,MISSING,NAME_MATCHED,,
2026-06,ID:7370,乐宜堂,负责人 C,KEY,DATA_QUALITY_ALERT,,119710.08,,,,,,0.0167532070719417,,DATA_QUALITY_ALERT,MISSING,NAME_MATCHED,,
2026-06,ID:8187,四川吉瑞兴,,UNAVAILABLE,DATA_QUALITY_ALERT,,,,,,,,,,DATA_QUALITY_ALERT,MISSING,ID_MATCHED,,
2026-06,ID:8188,康晟旗舰店,,UNAVAILABLE,DATA_QUALITY_ALERT,,,,,,,,,,DATA_QUALITY_ALERT,MISSING,ID_MATCHED,,
2026-06,ID:8235,福信美商贸,负责人 C,KEY,DATA_QUALITY_ALERT,,264821.81,,,,,,0.0370613286708722,Scale / Impact,DATA_QUALITY_ALERT,MISSING,NAME_MATCHED,,Scale / Impact: GMV损失nan，上月区域占比3.7%
2026-06,ID:8521,聚美健,负责人 C,MID,DATA_QUALITY_ALERT,,93907.24,,,,,,0.0131421467371379,,DATA_QUALITY_ALERT,MISSING,NAME_MATCHED,,
2026-06,ID:8913,【2024/10/31关店】活玉旗舰店,,UNAVAILABLE,DATA_QUALITY_ALERT,,,,,,,,,,DATA_QUALITY_ALERT,MISSING,ID_MATCHED,,
2026-06,ID:8930,惠仁棠,,UNAVAILABLE,DATA_QUALITY_ALERT,,,,,,,,,,DATA_QUALITY_ALERT,MISSING,ID_MATCHED,,
2026-06,ID:9348,平康购,,LONG_TAIL,DATA_QUALITY_ALERT,,643.65,,,,,,9.007764201523623e-05,,DATA_QUALITY_ALERT,MISSING,ID_MATCHED,,
2026-06,ID:960,【退店公示中】欣乐士(原亮剑),,UNAVAILABLE,DATA_QUALITY_ALERT,,,,,,,,,,DATA_QUALITY_ALERT,MISSING,ID_MATCHED,,
2026-06,NAME:内蒙古康依商贸,内蒙古康依商贸,,UNAVAILABLE,DATA_QUALITY_ALERT,,,,,,,,,,DATA_QUALITY_ALERT,UNRESOLVED_MERCHANT,UNRESOLVED,,
2026-06,NAME:四川聚俊仁信医疗器械,四川聚俊仁信医疗器械,,UNAVAILABLE,DATA_QUALITY_ALERT,,,,,,,,,,DATA_QUALITY_ALERT,UNRESOLVED_MERCHANT,UNRESOLVED,,
2026-06,NAME:成都八百供应链管理,成都八百供应链管理,,UNAVAILABLE,DATA_QUALITY_ALERT,,,,,,,,,,DATA_QUALITY_ALERT,UNRESOLVED_MERCHANT,UNRESOLVED,,
2026-06,NAME:湛江市远潮食品,湛江市远潮食品,,UNAVAILABLE,DATA_QUALITY_ALERT,,,,,,,,,,DATA_QUALITY_ALERT,UNRESOLVED_MERCHANT,UNRESOLVED,,
2026-06,NAME:燊楠贸易,燊楠贸易,负责人 A,UNAVAILABLE,DATA_QUALITY_ALERT,,,,,,,,,,DATA_QUALITY_ALERT,UNRESOLVED_MERCHANT,UNRESOLVED,,
2026-06,NAME:重庆和煜医疗器械,重庆和煜医疗器械,,UNAVAILABLE,DATA_QUALITY_ALERT,,,,,,,,,,DATA_QUALITY_ALERT,UNRESOLVED_MERCHANT,UNRESOLVED,,
