date,activity_type,activity_id,product_code,purchase_amount,order_count,theme_name,display_name
2026-04-01,批购包邮,974372703,PX00010043DR02,698.0,1,,2台包邮 欧姆龙 电子血压计HEM-7121
2026-04-01,批购包邮,974383493,PX00010043DR02,1515.91,2,,2台包邮 欧姆龙 电子血压计(上臂式)HEM-7121
2026-04-01,拼团,1091209882,PX000100482400ZZ,1259.84,5,非药拉新必补（热门品拉新客）,2台包邮欧姆龙 电子血压计(上臂式)HEM-8102K
2026-04-01,拼团,1091213751,PX001011479000ZZ,647.25,5,非药拉新必补（热门品拉新客）,10包包邮海氏海诺 倍适威 医用护理垫成人专用型 60cm×90cm 10片
2026-04-01,拼团,1098539696,PX000101268600ZZ,227.54,1,非药拉新必补（热门品拉新客）,2台包邮欧姆龙 电子血压计(上臂式)L15
2026-04-01,拼团,1098546392,PX00000022DR02,141.16,1,非药热销起拼量曝光,4盒包邮艾科 EZIII 血糖测试条艾科?EZIII（On Call EZIII） 50人份 筒装（4盒试纸送1台机子）
2026-04-01,拼团,1099499285,PX000101293500ZZ,1149.75,2,【周五非药日】-长期端口提报,20盒包邮天福 脱敏糊剂120g/支
2026-04-01,拼团,1104232109,PX00010043DR02,2057.4,3,非药拉新必补（热门品拉新客）,2台包邮欧姆龙 电子血压计(上臂式)HEM-7121
2026-04-01,拼团,1106612437,PX00000038DR02,320.0,1,非药热销起拼量曝光,8盒包邮艾科 灵睿 血糖测试条艾科?灵睿（On Call EZII） 25人份 单人份
2026-04-01,拼团,1113101906,PX000101163900ZZ,121.12,2,非药拉新必补（热门品拉新客）,2台包邮雅斯 臂式电子血压计JN-163D *1台
2026-04-01,拼团,1113127552,PX000101163900ZZ,121.96,1,非药店铺全天拼（长期链接重点报）,2台包邮雅斯 臂式电子血压计JN-163D *1台
2026-04-01,拼团,1116500953,PX000100995500ZZ,167.6,1,非药拉新必补（热门品拉新客）,40瓶包邮爱心氧吧 便携式医用供氧器SFK-3 1000mL
2026-04-01,拼团,1129588291,PX000011381900ZZ,347.4,1,非药拉新必补（热门品拉新客）,20盒包邮雅斯 血糖试纸(电化学法)GLS-73 25片*2罐 罐装
2026-04-01,拼团,1129859298,PX000000405600ZZ,4445.61,16,【周五非药日】-长期端口提报,2台包邮鱼跃 臂式电子血压计YE655D *1台
2026-04-01,拼团,1143671226,PX000000413200ZZ,450.0,5,【周五非药日】-长期端口提报,90小袋包邮海氏海诺 倍适威 外科纱布敷料纱布块 8cm*10cm 8层 5块
2026-04-01,拼团,974385758,PX00000073DR02,588.0,1,非药店铺全天拼（长期链接重点报）,2套包邮三诺 安稳+血糖仪套装(血糖仪/血糖测试条/一次性使用末梢采血针)安稳+*1台+安稳+50支*1盒+Ⅰ型 28G 50支
2026-04-01,拼团,974385766,PX000000418200ZZ,2147.1,8,非药店铺全天拼（长期链接重点报）,5盒包邮三诺 安稳+ 血糖测试条安稳+ 50支
2026-04-01,拼团,974385821,PX00010043DR02,554.0,2,非药店铺全天拼（长期链接重点报）,2台包邮欧姆龙 电子血压计HEM-7121
2026-04-01,拼团,994233044,PX00000009DR02,952.4,3,【周五非药日】-长期端口提报,5盒包邮三诺 安稳 血糖试条安稳型 50支/盒
2026-04-02,批购包邮,1094664429,PX000100939600ZZ,495.0,1,,100袋包邮 艾暖 一次性输液加温贴(一次性发热贴)96mm*130mm*1片装（单片的价格）
2026-04-02,批购包邮,1114638763,PX000101015500ZZ,43.92,1,,48卷包邮 倍适威 弹性绷带BSW-04 450cm*5cm 1卷
2026-04-02,拼团,1032591271,PX00010049DR02,201.3,1,云闪付专区,3台包邮倍尔康 非接触式电子体温计JXB-178*1台
2026-04-02,拼团,1032663093,PX00000013DR02,892.2,3,非药拉新必补（热门品拉新客）,10盒包邮三诺 血糖试条安准型 50支 瓶装
2026-04-02,拼团,1091209882,PX000100482400ZZ,254.0,1,非药拉新必补（热门品拉新客）,2台包邮欧姆龙 电子血压计(上臂式)HEM-8102K
2026-04-02,拼团,1091213751,PX001011479000ZZ,776.7,8,非药拉新必补（热门品拉新客）,10包包邮海氏海诺 倍适威 医用护理垫成人专用型 60cm×90cm 10片
2026-04-02,拼团,1098527914,PX000000413400ZZ,47.0,1,非药拉新必补（热门品拉新客）,300片包邮艾暖 暖宝宝 暖贴(一次性发热贴)96mm*130mm*1片装
2026-04-02,拼团,1098539696,PX000101268600ZZ,227.54,1,非药拉新必补（热门品拉新客）,2台包邮欧姆龙 电子血压计(上臂式)L15
2026-04-02,拼团,1098546392,PX00000022DR02,141.16,1,非药热销起拼量曝光,4盒包邮艾科 EZIII 血糖测试条艾科?EZIII（On Call EZIII） 50人份 筒装（4盒试纸送1台机子）
2026-04-02,拼团,1104232109,PX00010043DR02,685.8,1,非药拉新必补（热门品拉新客）,2台包邮欧姆龙 电子血压计(上臂式)HEM-7121
2026-04-02,拼团,1113101906,PX000101163900ZZ,60.86,1,非药拉新必补（热门品拉新客）,2台包邮雅斯 臂式电子血压计JN-163D *1台
2026-04-02,拼团,1113127552,PX000101163900ZZ,304.9,1,非药店铺全天拼（长期链接重点报）,2台包邮雅斯 臂式电子血压计JN-163D *1台
2026-04-02,拼团,1116500953,PX000100995500ZZ,335.2,2,非药拉新必补（热门品拉新客）,40瓶包邮爱心氧吧 便携式医用供氧器SFK-3 1000mL
2026-04-02,拼团,1129859298,PX000000405600ZZ,2963.74,10,【周五非药日】-长期端口提报,2台包邮鱼跃 臂式电子血压计YE655D *1台
2026-04-02,拼团,1143671226,PX000000413200ZZ,180.0,2,【周五非药日】-长期端口提报,90小袋包邮海氏海诺 倍适威 外科纱布敷料纱布块 8cm*10cm 8层 5块
2026-04-02,拼团,1143774146,PX00000132DR02,138.5,1,非药新开商业成长提速（3月活动）,5盒包邮三诺 血糖试条GA-3型 50支 瓶装
2026-04-02,拼团,1150328995,PX000101094100ZZ,94.0,1,非药店铺全天拼（长期链接重点报）,10瓶包邮振德 便携式氧气呼吸器LFBZ-1000 1000ml
2026-04-02,拼团,1165922936,PX00000132DR02,136.9,1,非药新开商业成长提速（4月活动）,5盒包邮三诺 血糖试条GA-3型 50支 瓶装
2026-04-02,拼团,1165930312,PX00010043DR02,412.92,1,非药新开商业成长提速（4月活动）,2台包邮欧姆龙 电子血压计(上臂式)HEM-7121
2026-04-02,拼团,1165953164,PX000000405600ZZ,4435.86,16,非药新开商业成长提速（4月活动）,2台包邮鱼跃 臂式电子血压计YE655D *1台
2026-04-02,拼团,1166004841,PX000000418200ZZ,222.75,1,非药拉新必补（热门品拉新客）,10盒包邮三诺 安稳+ 血糖测试条安稳+ 50支
2026-04-02,拼团,974385766,PX000000418200ZZ,7634.75,22,非药店铺全天拼（长期链接重点报）,5盒包邮三诺 安稳+ 血糖测试条安稳+ 50支
2026-04-02,拼团,974385821,PX00010043DR02,1385.0,5,非药店铺全天拼（长期链接重点报）,2台包邮欧姆龙 电子血压计HEM-7121
2026-04-02,拼团,974389887,PX00000038DR02,159.92,1,夜间拼团（长期）【活动每天20点开始】,8盒包邮艾科 灵睿 血糖测试条艾科?灵睿（On Call EZII） 25人份 单人份（8盒试纸送1台机子）
2026-04-02,拼团,994233044,PX00000009DR02,2493.0,7,【周五非药日】-长期端口提报,5盒包邮三诺 安稳 血糖试条安稳型 50支/盒
2026-04-03,批购包邮,1094668927,PX000101293500ZZ,365.6,1,,15盒包邮 天福 脱敏糊剂120g/支
2026-04-03,批购包邮,974383493,PX00010043DR02,966.05,3,,2台包邮 欧姆龙 电子血压计(上臂式)HEM-7121
2026-04-03,拼团,1032663093,PX00000013DR02,0.0,0,非药拉新必补（热门品拉新客）,10盒包邮三诺 血糖试条安准型 50支 瓶装
2026-04-03,拼团,1091209750,PX00010049DR02,202.05,1,非药拉新必补（热门品拉新客）,3台包邮倍尔康 非接触式红外体温计JXB-178*1台
2026-04-03,拼团,1091209882,PX000100482400ZZ,502.92,2,非药拉新必补（热门品拉新客）,2台包邮欧姆龙 电子血压计(上臂式)HEM-8102K
2026-04-03,拼团,1091213751,PX001011479000ZZ,431.5,4,非药拉新必补（热门品拉新客）,10包包邮海氏海诺 倍适威 医用护理垫成人专用型 60cm×90cm 10片
2026-04-03,拼团,1098527914,PX000000413400ZZ,47.0,1,非药拉新必补（热门品拉新客）,300片包邮艾暖 暖宝宝 暖贴(一次性发热贴)96mm*130mm*1片装
2026-04-03,拼团,1104232109,PX00010043DR02,2057.4,3,非药拉新必补（热门品拉新客）,2台包邮欧姆龙 电子血压计(上臂式)HEM-7121
2026-04-03,拼团,1113127552,PX000101163900ZZ,0.0,0,非药店铺全天拼（长期链接重点报）,2台包邮雅斯 臂式电子血压计JN-163D *1台
2026-04-03,拼团,1114638780,PX000101015500ZZ,42.12,1,非药拉新必补（热门品拉新客）,120卷包邮倍适威 弹性绷带BSW-04 450cm*5cm 1卷
2026-04-03,拼团,1116500953,PX000100995500ZZ,167.6,1,非药拉新必补（热门品拉新客）,40瓶包邮爱心氧吧 便携式医用供氧器SFK-3 1000mL
2026-04-03,拼团,1117851229,PX00010049DR02,134.96,1,非药商家热销品,2台包邮倍尔康 非接触式红外体温计JXB-178*1台
2026-04-03,拼团,1129588291,PX000011381900ZZ,347.4,1,非药拉新必补（热门品拉新客）,20盒包邮雅斯 血糖试纸(电化学法)GLS-73 25片*2罐 罐装
2026-04-03,拼团,1129688447,PX000100995500ZZ,85.6,1,夜间拼团（长期）【活动每天20点开始】,10瓶包邮爱心氧吧 便携式医用供氧器SFK-3 1000mL
2026-04-03,拼团,1129859298,PX000000405600ZZ,8689.45,31,【周五非药日】-长期端口提报,2台包邮鱼跃 臂式电子血压计YE655D *1台
2026-04-03,拼团,1143228616,PX001011425400ZZ,65.2,1,【周五非药日】-长期端口提报,40包包邮海氏海诺 倍适威 医用检查手套聚乙烯(PE)型 中号(M) 100只
2026-04-03,拼团,1143230795,PX000100482000ZZ,48.0,1,云闪付专区,48袋包邮海氏海诺集团 艾暖 医用冰袋OPIS-BD-ll 120g*1袋
2026-04-03,拼团,1143671226,PX000000413200ZZ,180.0,2,【周五非药日】-长期端口提报,90小袋包邮海氏海诺 倍适威 外科纱布敷料纱布块 8cm*10cm 8层 5块
2026-04-03,拼团,1165910755,PX00000022DR02,139.76,1,非药新开商业成长提速（4月活动）,4盒包邮艾科 EZIII 血糖测试条艾科?EZIII（On Call EZIII） 50人份 筒装
2026-04-03,拼团,1165922936,PX00000132DR02,413.5,3,非药新开商业成长提速（4月活动）,5盒包邮三诺 血糖试条GA-3型 50支 瓶装
2026-04-03,拼团,1165930312,PX00010043DR02,275.28,1,非药新开商业成长提速（4月活动）,2台包邮欧姆龙 电子血压计(上臂式)HEM-7121
2026-04-03,拼团,1166004841,PX000000418200ZZ,445.5,2,非药拉新必补（热门品拉新客）,10盒包邮三诺 安稳+ 血糖测试条安稳+ 50支
2026-04-03,拼团,974385766,PX000000418200ZZ,5138.7,16,非药店铺全天拼（长期链接重点报）,5盒包邮三诺 安稳+ 血糖测试条安稳+ 50支
2026-04-03,拼团,974385821,PX00010043DR02,831.0,3,非药店铺全天拼（长期链接重点报）,2台包邮欧姆龙 电子血压计HEM-7121
2026-04-03,拼团,994232997,PX00000038DR02,160.4,1,【周五非药日】-长期端口提报,8盒包邮艾科 灵睿 血糖测试条(葡萄糖氧化酶法)艾科?灵睿（On Call EZII） 25人份 单人份（8盒试纸送1台机子）
2026-04-03,拼团,994233044,PX00000009DR02,2038.0,5,【周五非药日】-长期端口提报,5盒包邮三诺 安稳 血糖试条安稳型 50支/盒
2026-04-03,拼团,994233055,PX00010043DR02,141.5,1,【周五非药日】-长期端口提报,2台包邮欧姆龙 上臂式电子血压计HEM-7121 *1台
2026-04-04,批购包邮,974383493,PX00010043DR02,275.62,1,,2台包邮 欧姆龙 电子血压计(上臂式)HEM-7121
2026-04-04,拼团,1091209882,PX000100482400ZZ,502.92,2,非药拉新必补（热门品拉新客）,2台包邮欧姆龙 电子血压计(上臂式)HEM-8102K
2026-04-04,拼团,1091213751,PX001011479000ZZ,681.77,7,非药拉新必补（热门品拉新客）,10包包邮海氏海诺 倍适威 医用护理垫成人专用型 60cm×90cm 10片
2026-04-04,拼团,1099499285,PX000101293500ZZ,365.0,1,【周五非药日】-长期端口提报,20盒包邮天福 脱敏糊剂120g/支
2026-04-04,拼团,1114638780,PX000101015500ZZ,41.76,1,非药拉新必补（热门品拉新客）,120卷包邮倍适威 弹性绷带BSW-04 450cm*5cm 1卷
2026-04-04,拼团,1117851229,PX00010049DR02,202.44,1,非药商家热销品,2台包邮倍尔康 非接触式红外体温计JXB-178*1台
2026-04-04,拼团,1129859298,PX000000405600ZZ,5015.56,15,【周五非药日】-长期端口提报,2台包邮鱼跃 臂式电子血压计YE655D *1台
2026-04-04,拼团,1143228616,PX001011425400ZZ,65.2,1,【周五非药日】-长期端口提报,40包包邮海氏海诺 倍适威 医用检查手套聚乙烯(PE)型 中号(M) 100只
2026-04-04,拼团,1143230795,PX000100482000ZZ,48.0,1,云闪付专区,48袋包邮海氏海诺集团 艾暖 医用冰袋OPIS-BD-ll 120g*1袋
2026-04-04,拼团,1143671226,PX000000413200ZZ,90.0,1,【周五非药日】-长期端口提报,90小袋包邮海氏海诺 倍适威 外科纱布敷料纱布块 8cm*10cm 8层 5块
2026-04-04,拼团,1165910755,PX00000022DR02,3214.48,8,非药新开商业成长提速（4月活动）,4盒包邮艾科 EZIII 血糖测试条艾科?EZIII（On Call EZIII） 50人份 筒装
2026-04-04,拼团,1165922936,PX00000132DR02,275.2,2,非药新开商业成长提速（4月活动）,5盒包邮三诺 血糖试条GA-3型 50支 瓶装
2026-04-04,拼团,1165930312,PX00010043DR02,412.92,1,非药新开商业成长提速（4月活动）,2台包邮欧姆龙 电子血压计(上臂式)HEM-7121
2026-04-04,拼团,1165953164,PX000000405600ZZ,1706.1,7,非药新开商业成长提速（4月活动）,2台包邮鱼跃 臂式电子血压计YE655D *1台
2026-04-04,拼团,1165955610,PX000101258400ZZ,131.1,1,非药新开商业成长提速（4月活动）,2盒包邮甘李 秀霖笔 笔式胰岛素注射器XLB01E 1支
2026-04-04,拼团,1166004841,PX000000418200ZZ,1559.25,5,非药拉新必补（热门品拉新客）,10盒包邮三诺 安稳+ 血糖测试条安稳+ 50支
2026-04-04,拼团,1166010618,PX000101293500ZZ,218.64,1,非药拉新必补（热门品拉新客）,12盒包邮天福 脱敏糊剂120g/支
2026-04-04,拼团,974385766,PX000000418200ZZ,4602.35,15,非药店铺全天拼（长期链接重点报）,5盒包邮三诺 安稳+ 血糖测试条安稳+ 50支
2026-04-04,拼团,974385821,PX00010043DR02,554.0,2,非药店铺全天拼（长期链接重点报）,2台包邮欧姆龙 电子血压计HEM-7121
2026-04-04,拼团,974393276,PX00010043DR02,139.6,1,新店专享开户端口,2台包邮欧姆龙 电子血压计HEM-7121
2026-04-04,拼团,994233044,PX00000009DR02,908.0,4,【周五非药日】-长期端口提报,5盒包邮三诺 安稳 血糖试条安稳型 50支/盒
2026-04-05,批购包邮,974383493,PX00010043DR02,551.24,1,,2台包邮 欧姆龙 电子血压计(上臂式)HEM-7121
2026-04-05,拼团,1091213751,PX001011479000ZZ,258.9,2,非药拉新必补（热门品拉新客）,10包包邮海氏海诺 倍适威 医用护理垫成人专用型 60cm×90cm 10片
2026-04-05,拼团,1099499285,PX000101293500ZZ,219.0,1,【周五非药日】-长期端口提报,20盒包邮天福 脱敏糊剂120g/支
2026-04-05,拼团,1114638780,PX000101015500ZZ,41.76,1,非药拉新必补（热门品拉新客）,120卷包邮倍适威 弹性绷带BSW-04 450cm*5cm 1卷
2026-04-05,拼团,1116500953,PX000100995500ZZ,502.8,3,非药拉新必补（热门品拉新客）,40瓶包邮爱心氧吧 便携式医用供氧器SFK-3 1000mL
2026-04-05,拼团,1117851229,PX00010049DR02,134.96,1,非药商家热销品,2台包邮倍尔康 非接触式红外体温计JXB-178*1台
2026-04-05,拼团,1129859298,PX000000405600ZZ,2735.76,8,【周五非药日】-长期端口提报,2台包邮鱼跃 臂式电子血压计YE655D *1台
2026-04-05,拼团,1143228616,PX001011425400ZZ,64.8,1,【周五非药日】-长期端口提报,40包包邮海氏海诺 倍适威 医用检查手套聚乙烯(PE)型 中号(M) 100只
2026-04-05,拼团,1143230795,PX000100482000ZZ,48.0,1,云闪付专区,48袋包邮海氏海诺集团 艾暖 医用冰袋OPIS-BD-ll 120g*1袋
2026-04-05,拼团,1143671226,PX000000413200ZZ,90.0,1,【周五非药日】-长期端口提报,90小袋包邮海氏海诺 倍适威 外科纱布敷料纱布块 8cm*10cm 8层 5块
2026-04-05,拼团,1165910755,PX00000022DR02,139.76,1,非药新开商业成长提速（4月活动）,4盒包邮艾科 EZIII 血糖测试条艾科?EZIII（On Call EZIII） 50人份 筒装
2026-04-05,拼团,1165922936,PX00000132DR02,574.98,3,非药新开商业成长提速（4月活动）,5盒包邮三诺 血糖试条GA-3型 50支 瓶装
2026-04-05,拼团,1165930312,PX00010043DR02,550.56,2,非药新开商业成长提速（4月活动）,2台包邮欧姆龙 电子血压计(上臂式)HEM-7121
2026-04-05,拼团,1165953164,PX000000405600ZZ,1933.58,7,非药新开商业成长提速（4月活动）,2台包邮鱼跃 臂式电子血压计YE655D *1台
2026-04-05,拼团,1165955610,PX000101258400ZZ,131.1,1,非药新开商业成长提速（4月活动）,2盒包邮甘李 秀霖笔 笔式胰岛素注射器XLB01E 1支
2026-04-05,拼团,1166004841,PX000000418200ZZ,222.75,1,非药拉新必补（热门品拉新客）,10盒包邮三诺 安稳+ 血糖测试条安稳+ 50支
2026-04-05,拼团,974385766,PX000000418200ZZ,3352.5,12,非药店铺全天拼（长期链接重点报）,5盒包邮三诺 安稳+ 血糖测试条安稳+ 50支
2026-04-05,拼团,974385821,PX00010043DR02,692.5,1,非药店铺全天拼（长期链接重点报）,2台包邮欧姆龙 电子血压计HEM-7121
2026-04-05,拼团,974389327,PX00000073DR02,236.0,1,云闪付专区,2套包邮三诺 安稳+血糖仪套装(血糖仪/血糖测试条/一次性使用末梢采血针)安稳+*1台+安稳+50支*1盒+Ⅰ型 28G 50支
2026-04-05,拼团,994233044,PX00000009DR02,1360.0,4,【周五非药日】-长期端口提报,5盒包邮三诺 安稳 血糖试条安稳型 50支/盒
2026-04-06,批购包邮,974383493,PX00010043DR02,275.62,1,,2台包邮 欧姆龙 电子血压计(上臂式)HEM-7121
2026-04-06,拼团,1032591271,PX00010049DR02,1006.0,4,云闪付专区,3台包邮倍尔康 非接触式电子体温计JXB-178*1台
2026-04-06,拼团,1091213751,PX001011479000ZZ,1294.5,13,非药拉新必补（热门品拉新客）,10包包邮海氏海诺 倍适威 医用护理垫成人专用型 60cm×90cm 10片
2026-04-06,拼团,1098527914,PX000000413400ZZ,141.0,3,非药拉新必补（热门品拉新客）,300片包邮艾暖 暖宝宝 暖贴(一次性发热贴)96mm*130mm*1片装
2026-04-06,拼团,1098539696,PX000101268600ZZ,455.08,2,非药拉新必补（热门品拉新客）,2台包邮欧姆龙 电子血压计(上臂式)L15
2026-04-06,拼团,1099548151,PX000100888400ZZ,143.3,1,非药店铺全天拼（长期链接重点报）,6包包邮海氏海诺 倍适威 医用护理垫(拉拉裤型)BKLLK-XL(69cm*80cm)*10片
2026-04-06,拼团,1106612437,PX00000038DR02,320.0,2,非药热销起拼量曝光,8盒包邮艾科 灵睿 血糖测试条艾科?灵睿（On Call EZII） 25人份 单人份
2026-04-06,拼团,1113101906,PX000101163900ZZ,60.86,1,非药拉新必补（热门品拉新客）,2台包邮雅斯 臂式电子血压计JN-163D *1台
2026-04-06,拼团,1116500953,PX000100995500ZZ,335.2,2,非药拉新必补（热门品拉新客）,40瓶包邮爱心氧吧 便携式医用供氧器SFK-3 1000mL
2026-04-06,拼团,1129859298,PX000000405600ZZ,6611.42,19,【周五非药日】-长期端口提报,2台包邮鱼跃 臂式电子血压计YE655D *1台
2026-04-06,拼团,1143228616,PX001011425400ZZ,64.8,1,【周五非药日】-长期端口提报,40包包邮海氏海诺 倍适威 医用检查手套聚乙烯(PE)型 中号(M) 100只
2026-04-06,拼团,1143671226,PX000000413200ZZ,180.0,2,【周五非药日】-长期端口提报,90小袋包邮海氏海诺 倍适威 外科纱布敷料纱布块 8cm*10cm 8层 5块
2026-04-06,拼团,1151264386,PX000100888300ZZ,0.0,0,云闪付专区,6包包邮倍适威 医用护理垫(成人拉拉裤)BKLLK-L码 60cm*73cm*10片
2026-04-06,拼团,1165922936,PX00000132DR02,276.6,2,非药新开商业成长提速（4月活动）,5盒包邮三诺 血糖试条GA-3型 50支 瓶装
2026-04-06,拼团,1165930312,PX00010043DR02,412.92,1,非药新开商业成长提速（4月活动）,2台包邮欧姆龙 电子血压计(上臂式)HEM-7121
2026-04-06,拼团,1165953164,PX000000405600ZZ,909.92,4,非药新开商业成长提速（4月活动）,2台包邮鱼跃 臂式电子血压计YE655D *1台
2026-04-06,拼团,1165955610,PX000101258400ZZ,262.2,2,非药新开商业成长提速（4月活动）,2盒包邮甘李 秀霖笔 笔式胰岛素注射器XLB01E 1支
2026-04-06,拼团,1166010595,PX000101293500ZZ,437.28,2,非药拉新必补（热门品拉新客）,20盒包邮天福 脱敏糊剂120g/支
2026-04-06,拼团,974385766,PX000000418200ZZ,4734.7,15,非药店铺全天拼（长期链接重点报）,5盒包邮三诺 安稳+ 血糖测试条安稳+ 50支
2026-04-06,拼团,974385821,PX00010043DR02,1108.0,4,非药店铺全天拼（长期链接重点报）,2台包邮欧姆龙 电子血压计HEM-7121
2026-04-06,拼团,994232997,PX00000038DR02,160.4,1,【周五非药日】-长期端口提报,8盒包邮艾科 灵睿 血糖测试条(葡萄糖氧化酶法)艾科?灵睿（On Call EZII） 25人份 单人份（8盒试纸送1台机子）
2026-04-06,拼团,994233012,PX00000022DR02,284.0,1,【周五非药日】-长期端口提报,4盒包邮艾科 EZIII 血糖测试条艾科?EZIII（On Call EZIII） 50人份 筒装（4盒试纸送1台机子）
2026-04-06,拼团,994233044,PX00000009DR02,2038.0,5,【周五非药日】-长期端口提报,5盒包邮三诺 安稳 血糖试条安稳型 50支/盒
2026-04-07,批购包邮,974383493,PX00010043DR02,3462.5,5,,2台包邮 欧姆龙 电子血压计(上臂式)HEM-7121
2026-04-07,拼团,1032591271,PX00010049DR02,201.3,1,云闪付专区,3台包邮倍尔康 非接触式电子体温计JXB-178*1台
2026-04-07,拼团,1032663093,PX00000013DR02,889.2,3,非药拉新必补（热门品拉新客）,10盒包邮三诺 血糖试条安准型 50支 瓶装
2026-04-07,拼团,1091213751,PX001011479000ZZ,690.4,6,非药拉新必补（热门品拉新客）,10包包邮海氏海诺 倍适威 医用护理垫成人专用型 60cm×90cm 10片
2026-04-07,拼团,1099499285,PX000101293500ZZ,547.5,1,【周五非药日】-长期端口提报,20盒包邮天福 脱敏糊剂120g/支
2026-04-07,拼团,1104040150,PX000101259800ZZ,96.8,2,【周五非药日】-长期端口提报,120小袋包邮海氏海诺 医用棉签10cm 40支
2026-04-07,拼团,1106612437,PX00000038DR02,160.0,1,非药热销起拼量曝光,8盒包邮艾科 灵睿 血糖测试条艾科?灵睿（On Call EZII） 25人份 单人份
2026-04-07,拼团,1113127552,PX000101163900ZZ,213.43,2,非药店铺全天拼（长期链接重点报）,2台包邮雅斯 臂式电子血压计JN-163D *1台
2026-04-07,拼团,1114638780,PX000101015500ZZ,42.12,1,非药拉新必补（热门品拉新客）,120卷包邮倍适威 弹性绷带BSW-04 450cm*5cm 1卷
2026-04-07,拼团,1116384222,PX000000413400ZZ,47.0,1,夜间拼团（长期）【活动每天20点开始】,200片包邮艾暖 暖宝宝 暖贴(一次性发热贴)96mm*130mm*1片装
2026-04-07,拼团,1116500953,PX000100995500ZZ,167.6,1,非药拉新必补（热门品拉新客）,40瓶包邮爱心氧吧 便携式医用供氧器SFK-3 1000mL
2026-04-07,拼团,1129859298,PX000000405600ZZ,5900.32,23,【周五非药日】-长期端口提报,2台包邮鱼跃 臂式电子血压计YE655D *1台
2026-04-07,拼团,1143671226,PX000000413200ZZ,180.0,2,【周五非药日】-长期端口提报,90小袋包邮海氏海诺 倍适威 外科纱布敷料纱布块 8cm*10cm 8层 5块
2026-04-07,拼团,1143672810,PX000000413200ZZ,90.0,1,夜间拼团（长期）【活动每天20点开始】,90小袋包邮海氏海诺 倍适威 外科纱布敷料纱布块 8cm*10cm 8层 5块
2026-04-07,拼团,1165910755,PX00000022DR02,139.76,1,非药新开商业成长提速（4月活动）,4盒包邮艾科 EZIII 血糖测试条艾科?EZIII（On Call EZIII） 50人份 筒装
2026-04-07,拼团,1165922936,PX00000132DR02,275.2,2,非药新开商业成长提速（4月活动）,5盒包邮三诺 血糖试条GA-3型 50支 瓶装
2026-04-07,拼团,1165955610,PX000101258400ZZ,262.2,2,非药新开商业成长提速（4月活动）,2盒包邮甘李 秀霖笔 笔式胰岛素注射器XLB01E 1支
2026-04-07,拼团,1166004841,PX000000418200ZZ,222.75,1,非药拉新必补（热门品拉新客）,10盒包邮三诺 安稳+ 血糖测试条安稳+ 50支
2026-04-07,拼团,1166010595,PX000101293500ZZ,218.64,1,非药拉新必补（热门品拉新客）,20盒包邮天福 脱敏糊剂120g/支
2026-04-07,拼团,974385726,PX00000038DR02,800.0,1,非药店铺全天拼（长期链接重点报）,8盒包邮艾科 灵睿 血糖测试条艾科?灵睿（On Call EZII） 25人份 单人份（8盒试纸送1台机子）
2026-04-07,拼团,974385766,PX000000418200ZZ,3122.25,8,非药店铺全天拼（长期链接重点报）,5盒包邮三诺 安稳+ 血糖测试条安稳+ 50支
2026-04-07,拼团,974385821,PX00010043DR02,969.5,3,非药店铺全天拼（长期链接重点报）,2台包邮欧姆龙 电子血压计HEM-7121
2026-04-07,拼团,994232997,PX00000038DR02,160.4,1,【周五非药日】-长期端口提报,8盒包邮艾科 灵睿 血糖测试条(葡萄糖氧化酶法)艾科?灵睿（On Call EZII） 25人份 单人份（8盒试纸送1台机子）
2026-04-08,批购包邮,974383493,PX00010043DR02,277.0,1,,2台包邮 欧姆龙 电子血压计(上臂式)HEM-7121
2026-04-08,拼团,1032589058,PX00010049DR02,269.16,2,夜间拼团（长期）【活动每天20点开始】,2台包邮倍尔康 非接触式红外体温计JXB-178*1台
2026-04-08,拼团,1032591271,PX00010049DR02,536.3,2,云闪付专区,3台包邮倍尔康 非接触式电子体温计JXB-178*1台
2026-04-08,拼团,1106612437,PX00000038DR02,320.0,2,非药热销起拼量曝光,8盒包邮艾科 灵睿 血糖测试条艾科?灵睿（On Call EZII） 25人份 单人份
2026-04-08,拼团,1106618385,PX000100995500ZZ,174.8,1,非药热销起拼量曝光,40瓶包邮爱心氧吧 便携式医用供氧器SFK-3 1000mL
2026-04-08,拼团,1113101906,PX000101163900ZZ,60.86,1,非药拉新必补（热门品拉新客）,2台包邮雅斯 臂式电子血压计JN-163D *1台
2026-04-08,拼团,1113127552,PX000101163900ZZ,152.45,1,非药店铺全天拼（长期链接重点报）,2台包邮雅斯 臂式电子血压计JN-163D *1台
2026-04-08,拼团,1116500953,PX000100995500ZZ,167.6,1,非药拉新必补（热门品拉新客）,40瓶包邮爱心氧吧 便携式医用供氧器SFK-3 1000mL
2026-04-08,拼团,1117851229,PX00010049DR02,134.96,1,非药商家热销品,2台包邮倍尔康 非接触式红外体温计JXB-178*1台
2026-04-08,拼团,1129859298,PX000000405600ZZ,3626.77,14,【周五非药日】-长期端口提报,2台包邮鱼跃 臂式电子血压计YE655D *1台
2026-04-08,拼团,1143228616,PX001011425400ZZ,194.4,3,【周五非药日】-长期端口提报,40包包邮海氏海诺 倍适威 医用检查手套聚乙烯(PE)型 中号(M) 100只
2026-04-08,拼团,1143230795,PX000100482000ZZ,96.0,2,云闪付专区,48袋包邮海氏海诺集团 艾暖 医用冰袋OPIS-BD-ll 120g*1袋
2026-04-08,拼团,1143718286,PX000100981200ZZ,63.8,1,云闪付专区,5桶包邮金博 医用胶布A型1cm*1000cm*13卷
2026-04-08,拼团,1165922936,PX00000132DR02,276.6,2,非药新开商业成长提速（4月活动）,5盒包邮三诺 血糖试条GA-3型 50支 瓶装
2026-04-08,拼团,974385766,PX000000418200ZZ,7903.0,23,非药店铺全天拼（长期链接重点报）,5盒包邮三诺 安稳+ 血糖测试条安稳+ 50支
2026-04-08,拼团,974385814,PX00000009DR02,272.4,1,非药店铺全天拼（长期链接重点报）,5盒包邮三诺 安稳 血糖试条安稳型 50支/盒
2026-04-08,拼团,974385821,PX00010043DR02,277.0,1,非药店铺全天拼（长期链接重点报）,2台包邮欧姆龙 电子血压计HEM-7121
2026-04-08,拼团,974389937,PX00010043DR02,140.0,1,夜间拼团（长期）【活动每天20点开始】,2台包邮欧姆龙 电子血压计(上臂式)HEM-7121
2026-04-08,拼团,994233012,PX00000022DR02,284.0,1,【周五非药日】-长期端口提报,4盒包邮艾科 EZIII 血糖测试条艾科?EZIII（On Call EZIII） 50人份 筒装（4盒试纸送1台机子）
2026-04-08,拼团,994233041,PX00000009DR02,227.0,1,【周五非药日】-长期端口提报,5盒包邮三诺 血糖试条安稳型 瓶装 50支
2026-04-09,批购包邮,974383493,PX00010043DR02,1108.0,3,,2台包邮 欧姆龙 电子血压计(上臂式)HEM-7121
2026-04-09,拼团,1099499285,PX000101293500ZZ,219.0,1,【周五非药日】-长期端口提报,20盒包邮天福 脱敏糊剂120g/支
2026-04-09,拼团,1106612437,PX00000038DR02,160.0,1,非药热销起拼量曝光,8盒包邮艾科 灵睿 血糖测试条艾科?灵睿（On Call EZII） 25人份 单人份
2026-04-09,拼团,1113101906,PX000101163900ZZ,121.72,2,非药拉新必补（热门品拉新客）,2台包邮雅斯 臂式电子血压计JN-163D *1台
2026-04-09,拼团,1129859298,PX000000405600ZZ,5787.27,22,【周五非药日】-长期端口提报,2台包邮鱼跃 臂式电子血压计YE655D *1台
2026-04-09,拼团,1143228616,PX001011425400ZZ,64.8,1,【周五非药日】-长期端口提报,40包包邮海氏海诺 倍适威 医用检查手套聚乙烯(PE)型 中号(M) 100只
2026-04-09,拼团,1143671226,PX000000413200ZZ,90.0,1,【周五非药日】-长期端口提报,90小袋包邮海氏海诺 倍适威 外科纱布敷料纱布块 8cm*10cm 8层 5块
2026-04-09,拼团,1165910755,PX00000022DR02,139.76,1,非药新开商业成长提速（4月活动）,4盒包邮艾科 EZIII 血糖测试条艾科?EZIII（On Call EZIII） 50人份 筒装
2026-04-09,拼团,974385766,PX000000418200ZZ,2321.6,7,非药店铺全天拼（长期链接重点报）,5盒包邮三诺 安稳+ 血糖测试条安稳+ 50支
2026-04-09,拼团,974385814,PX00000009DR02,909.4,4,非药店铺全天拼（长期链接重点报）,5盒包邮三诺 安稳 血糖试条安稳型 50支/盒
2026-04-09,拼团,974385821,PX00010043DR02,277.0,1,非药店铺全天拼（长期链接重点报）,2台包邮欧姆龙 电子血压计HEM-7121
2026-04-09,拼团,974389887,PX00000038DR02,958.72,2,夜间拼团（长期）【活动每天20点开始】,8盒包邮艾科 灵睿 血糖测试条艾科?灵睿（On Call EZII） 25人份 单人份（8盒试纸送1台机子）
2026-04-09,拼团,994233048,PX00010043DR02,140.8,1,【周五非药日】-长期端口提报,2台包邮欧姆龙 电子血压计HEM-7121
2026-04-10,批购包邮,974383493,PX00010043DR02,3993.04,8,,2台包邮 欧姆龙 电子血压计(上臂式)HEM-7121
2026-04-10,拼团,1099499285,PX000101293500ZZ,438.0,2,【周五非药日】-长期端口提报,20盒包邮天福 脱敏糊剂120g/支
2026-04-10,拼团,1099548151,PX000100888400ZZ,71.65,1,非药店铺全天拼（长期链接重点报）,6包包邮海氏海诺 倍适威 医用护理垫(拉拉裤型)BKLLK-XL(69cm*80cm)*10片
2026-04-10,拼团,1113101906,PX000101163900ZZ,60.86,1,非药拉新必补（热门品拉新客）,2台包邮雅斯 臂式电子血压计JN-163D *1台
2026-04-10,拼团,1116500953,PX000100995500ZZ,167.6,1,非药拉新必补（热门品拉新客）,40瓶包邮爱心氧吧 便携式医用供氧器SFK-3 1000mL
2026-04-10,拼团,1117851229,PX00010049DR02,0.0,0,非药商家热销品,2台包邮倍尔康 非接触式红外体温计JXB-178*1台
2026-04-10,拼团,1129859298,PX000000405600ZZ,8350.9,33,【周五非药日】-长期端口提报,2台包邮鱼跃 臂式电子血压计YE655D *1台
2026-04-10,拼团,1165910755,PX00000022DR02,419.28,3,非药新开商业成长提速（4月活动）,4盒包邮艾科 EZIII 血糖测试条艾科?EZIII（On Call EZIII） 50人份 筒装
2026-04-10,拼团,1165922936,PX00000132DR02,547.6,1,非药新开商业成长提速（4月活动）,5盒包邮三诺 血糖试条GA-3型 50支 瓶装
2026-04-10,拼团,1165930312,PX00010043DR02,412.89,1,非药新开商业成长提速（4月活动）,2台包邮欧姆龙 电子血压计(上臂式)HEM-7121
2026-04-10,拼团,1165954614,PX000101268600ZZ,225.68,1,非药新开商业成长提速（4月活动）,2台包邮欧姆龙 电子血压计(上臂式)L15
2026-04-10,拼团,1165976004,PX00000022DR02,278.24,1,非药拉新必补（热门品拉新客）,4盒包邮艾科 EZIII 血糖测试条(葡萄糖氧化酶法)艾科?EZIII（On Call EZIII） 50人份 筒装
2026-04-10,拼团,1166010595,PX000101293500ZZ,437.04,2,非药拉新必补（热门品拉新客）,20盒包邮天福 脱敏糊剂120g/支
2026-04-10,拼团,974385726,PX00000038DR02,320.0,1,非药店铺全天拼（长期链接重点报）,8盒包邮艾科 灵睿 血糖测试条艾科?灵睿（On Call EZII） 25人份 单人份（8盒试纸送1台机子）
2026-04-10,拼团,974385766,PX000000418200ZZ,668.25,1,非药店铺全天拼（长期链接重点报）,5盒包邮三诺 安稳+ 血糖测试条安稳+ 50支
2026-04-10,拼团,974385814,PX00000009DR02,6917.9,18,非药店铺全天拼（长期链接重点报）,5盒包邮三诺 安稳 血糖试条安稳型 50支/盒
2026-04-10,拼团,974385821,PX00010043DR02,554.0,2,非药店铺全天拼（长期链接重点报）,2台包邮欧姆龙 电子血压计HEM-7121
2026-04-10,拼团,994232997,PX00000038DR02,160.4,1,【周五非药日】-长期端口提报,8盒包邮艾科 灵睿 血糖测试条(葡萄糖氧化酶法)艾科?灵睿（On Call EZII） 25人份 单人份（8盒试纸送1台机子）
2026-04-11,批购包邮,974383493,PX00010043DR02,3702.24,13,,2台包邮 欧姆龙 电子血压计(上臂式)HEM-7121
2026-04-11,拼团,1032591271,PX00010049DR02,402.6,2,云闪付专区,3台包邮倍尔康 非接触式电子体温计JXB-178*1台
2026-04-11,拼团,1113101906,PX000101163900ZZ,60.26,1,非药拉新必补（热门品拉新客）,2台包邮雅斯 臂式电子血压计JN-163D *1台
2026-04-11,拼团,1113127552,PX000101163900ZZ,60.98,1,非药店铺全天拼（长期链接重点报）,2台包邮雅斯 臂式电子血压计JN-163D *1台
2026-04-11,拼团,1129859298,PX000000405600ZZ,9980.96,40,【周五非药日】-长期端口提报,2台包邮鱼跃 臂式电子血压计YE655D *1台
2026-04-11,拼团,1143671226,PX000000413200ZZ,180.0,2,【周五非药日】-长期端口提报,90小袋包邮海氏海诺 倍适威 外科纱布敷料纱布块 8cm*10cm 8层 5块
2026-04-11,拼团,1165910755,PX00000022DR02,559.04,4,非药新开商业成长提速（4月活动）,4盒包邮艾科 EZIII 血糖测试条艾科?EZIII（On Call EZIII） 50人份 筒装
2026-04-11,拼团,1165922936,PX00000132DR02,273.8,1,非药新开商业成长提速（4月活动）,5盒包邮三诺 血糖试条GA-3型 50支 瓶装
2026-04-11,拼团,1165953164,PX000000405600ZZ,1021.05,3,非药新开商业成长提速（4月活动）,2台包邮鱼跃 臂式电子血压计YE655D *1台
2026-04-11,拼团,1165975797,PX00000022DR02,139.12,1,非药拉新必补（热门品拉新客）,8盒包邮艾科 EZIII 血糖测试条(葡萄糖氧化酶法)艾科?EZIII（On Call EZIII） 50人份 筒装
2026-04-11,拼团,1166004841,PX000000418200ZZ,445.5,1,非药拉新必补（热门品拉新客）,10盒包邮三诺 安稳+ 血糖测试条安稳+ 50支
2026-04-11,拼团,974385766,PX000000418200ZZ,448.0,2,非药店铺全天拼（长期链接重点报）,5盒包邮三诺 安稳+ 血糖测试条安稳+ 50支
2026-04-11,拼团,974385814,PX00000009DR02,5288.9,17,非药店铺全天拼（长期链接重点报）,5盒包邮三诺 安稳 血糖试条安稳型 50支/盒
2026-04-11,拼团,974385821,PX00010043DR02,1662.0,5,非药店铺全天拼（长期链接重点报）,2台包邮欧姆龙 电子血压计HEM-7121
2026-04-11,拼团,974393276,PX00010043DR02,139.6,1,新店专享开户端口,2台包邮欧姆龙 电子血压计HEM-7121
2026-04-11,拼团,994232997,PX00000038DR02,160.4,1,【周五非药日】-长期端口提报,8盒包邮艾科 灵睿 血糖测试条(葡萄糖氧化酶法)艾科?灵睿（On Call EZII） 25人份 单人份（8盒试纸送1台机子）
2026-04-12,批购包邮,974383493,PX00010043DR02,2193.92,6,,2台包邮 欧姆龙 电子血压计(上臂式)HEM-7121
2026-04-12,拼团,1032588877,PX00010049DR02,134.28,1,云闪付专区,2台包邮倍尔康 非接触式红外体温计JXB-178*1台
2026-04-12,拼团,1032591271,PX00010049DR02,402.6,2,云闪付专区,3台包邮倍尔康 非接触式电子体温计JXB-178*1台
2026-04-12,拼团,1048827696,PX00000009DR02,450.0,1,非药拉新必补（热门品拉新客）,10盒包邮三诺 安稳 血糖试条安稳型 50支/盒
2026-04-12,拼团,1099499285,PX000101293500ZZ,730.0,1,【周五非药日】-长期端口提报,20盒包邮天福 脱敏糊剂120g/支
2026-04-12,拼团,1099548151,PX000100888400ZZ,114.64,1,非药店铺全天拼（长期链接重点报）,6包包邮海氏海诺 倍适威 医用护理垫(拉拉裤型)BKLLK-XL(69cm*80cm)*10片
2026-04-12,拼团,1104040150,PX000101259800ZZ,28.8,1,【周五非药日】-长期端口提报,120小袋包邮海氏海诺 医用棉签10cm 40支
2026-04-12,拼团,1106612437,PX00000038DR02,160.0,1,非药热销起拼量曝光,8盒包邮艾科 灵睿 血糖测试条艾科?灵睿（On Call EZII） 25人份 单人份
2026-04-12,拼团,1114638767,PX000101015500ZZ,127.44,1,【周五非药日】-长期端口提报,48卷包邮倍适威 弹性绷带BSW-04 450cm*5cm 1卷
2026-04-12,拼团,1117851229,PX00010049DR02,134.28,1,非药商家热销品,2台包邮倍尔康 非接触式红外体温计JXB-178*1台
2026-04-12,拼团,1164025623,PX000000405600ZZ,229.64,1,非药店铺全天拼（长期链接重点报）,2台包邮鱼跃 臂式电子血压计YE655D *1台
2026-04-12,拼团,1165910755,PX00000022DR02,559.04,3,非药新开商业成长提速（4月活动）,4盒包邮艾科 EZIII 血糖测试条艾科?EZIII（On Call EZIII） 50人份 筒装
2026-04-12,拼团,1165922936,PX00000132DR02,136.9,1,非药新开商业成长提速（4月活动）,5盒包邮三诺 血糖试条GA-3型 50支 瓶装
2026-04-12,拼团,1165964638,PX000101173000ZZ,260.38,1,非药新开商业成长提速（4月活动）,2台包邮欧姆龙 电子血压计HEM-7125J
2026-04-12,拼团,1165975797,PX00000022DR02,139.12,1,非药拉新必补（热门品拉新客）,8盒包邮艾科 EZIII 血糖测试条(葡萄糖氧化酶法)艾科?EZIII（On Call EZIII） 50人份 筒装
2026-04-12,拼团,1166004841,PX000000418200ZZ,668.25,1,非药拉新必补（热门品拉新客）,10盒包邮三诺 安稳+ 血糖测试条安稳+ 50支
2026-04-12,拼团,1166010595,PX000101293500ZZ,1300.32,6,非药拉新必补（热门品拉新客）,20盒包邮天福 脱敏糊剂120g/支
2026-04-12,拼团,974385766,PX000000418200ZZ,1873.6,5,非药店铺全天拼（长期链接重点报）,5盒包邮三诺 安稳+ 血糖测试条安稳+ 50支
2026-04-12,拼团,974385814,PX00000009DR02,5286.9,16,非药店铺全天拼（长期链接重点报）,5盒包邮三诺 安稳 血糖试条安稳型 50支/盒
2026-04-12,拼团,974385821,PX00010043DR02,831.0,3,非药店铺全天拼（长期链接重点报）,2台包邮欧姆龙 电子血压计HEM-7121
2026-04-12,拼团,974393276,PX00010043DR02,139.6,1,新店专享开户端口,2台包邮欧姆龙 电子血压计HEM-7121
2026-04-13,批购包邮,1114638763,PX000101015500ZZ,43.92,1,,48卷包邮 倍适威 弹性绷带BSW-04 450cm*5cm 1卷
2026-04-13,批购包邮,1118641290,PX000101225400ZZ,69.7,1,,10瓶包邮 海氏海诺 便携式氧气呼吸器LFBZ-1000 1000ml
2026-04-13,拼团,1032589058,PX00010049DR02,337.3,2,夜间拼团（长期）【活动每天20点开始】,2台包邮倍尔康 非接触式红外体温计JXB-178*1台
2026-04-13,拼团,1104232109,PX00010043DR02,411.3,1,非药拉新必补（热门品拉新客）,2台包邮欧姆龙 电子血压计(上臂式)HEM-7121
2026-04-13,拼团,1113127552,PX000101163900ZZ,60.98,1,非药店铺全天拼（长期链接重点报）,2台包邮雅斯 臂式电子血压计JN-163D *1台
2026-04-13,拼团,1116500953,PX000100995500ZZ,335.2,2,非药拉新必补（热门品拉新客）,40瓶包邮爱心氧吧 便携式医用供氧器SFK-3 1000mL
2026-04-13,拼团,1117851229,PX00010049DR02,1147.16,7,非药商家热销品,2台包邮倍尔康 非接触式红外体温计JXB-178*1台
2026-04-13,拼团,1129859298,PX000000405600ZZ,1030.5,3,【周五非药日】-长期端口提报,2台包邮鱼跃 臂式电子血压计YE655D *1台
2026-04-13,拼团,1143229944,PX000100482000ZZ,144.0,1,非药店铺全天拼（长期链接重点报）,60袋包邮海氏海诺集团 艾暖 医用冰袋OPIS-BD-ll 120g*1袋
2026-04-13,拼团,1165910755,PX00000022DR02,559.04,3,非药新开商业成长提速（4月活动）,4盒包邮艾科 EZIII 血糖测试条艾科?EZIII（On Call EZIII） 50人份 筒装
2026-04-13,拼团,1165922936,PX00000132DR02,549.0,3,非药新开商业成长提速（4月活动）,5盒包邮三诺 血糖试条GA-3型 50支 瓶装
2026-04-13,拼团,1165930312,PX00010043DR02,275.26,1,非药新开商业成长提速（4月活动）,2台包邮欧姆龙 电子血压计(上臂式)HEM-7121
2026-04-13,拼团,1165942173,PX000000418200ZZ,224.65,1,非药新开商业成长提速（4月活动）,5盒包邮三诺 安稳+ 血糖测试条安稳+ 50支
2026-04-13,拼团,1165944470,PX001011479000ZZ,86.9,1,非药新开商业成长提速（4月活动）,5包包邮海氏海诺 倍适威 医用护理垫成人专用型 60cm×90cm 10片
2026-04-13,拼团,1165953164,PX000000405600ZZ,4436.05,15,非药新开商业成长提速（4月活动）,2台包邮鱼跃 臂式电子血压计YE655D *1台
2026-04-13,拼团,1165955610,PX000101258400ZZ,457.31,2,非药新开商业成长提速（4月活动）,2盒包邮甘李 秀霖笔 笔式胰岛素注射器XLB01E 1支
2026-04-13,拼团,974385737,PX00000022DR02,142.2,1,非药店铺全天拼（长期链接重点报）,8盒包邮艾科 EZIII 血糖测试条艾科?EZIII（On Call EZIII） 50人份 筒装（4盒试纸送1台机子）
2026-04-13,拼团,974385766,PX000000418200ZZ,224.0,1,非药店铺全天拼（长期链接重点报）,5盒包邮三诺 安稳+ 血糖测试条安稳+ 50支
2026-04-13,拼团,974385814,PX00000009DR02,9717.2,31,非药店铺全天拼（长期链接重点报）,5盒包邮三诺 安稳 血糖试条安稳型 50支/盒
2026-04-13,拼团,974385821,PX00010043DR02,1939.0,3,非药店铺全天拼（长期链接重点报）,2台包邮欧姆龙 电子血压计HEM-7121
2026-04-13,拼团,974389937,PX00010043DR02,140.0,1,夜间拼团（长期）【活动每天20点开始】,2台包邮欧姆龙 电子血压计(上臂式)HEM-7121
2026-04-13,拼团,994232997,PX00000038DR02,641.12,3,【周五非药日】-长期端口提报,8盒包邮艾科 灵睿 血糖测试条(葡萄糖氧化酶法)艾科?灵睿（On Call EZII） 25人份 单人份（8盒试纸送1台机子）
2026-04-13,拼团,994233021,PX000000418200ZZ,119.6,1,【周五非药日】-长期端口提报,2套包邮三诺 安稳+血糖仪套装(血糖仪/血糖测试条/一次性使用末梢采血针)安稳+*1台+安稳+50支*1盒+Ⅰ型 28G 50支
2026-04-13,拼团,994233041,PX00000009DR02,813.4,2,【周五非药日】-长期端口提报,5盒包邮三诺 血糖试条安稳型 瓶装 50支
2026-04-14,批购包邮,974383493,PX00010043DR02,2618.39,4,,2台包邮 欧姆龙 电子血压计(上臂式)HEM-7121
2026-04-14,拼团,1032591271,PX00010049DR02,402.6,2,云闪付专区,3台包邮倍尔康 非接触式电子体温计JXB-178*1台
2026-04-14,拼团,1091213751,PX001011479000ZZ,86.3,1,非药拉新必补（热门品拉新客）,10包包邮海氏海诺 倍适威 医用护理垫成人专用型 60cm×90cm 10片
2026-04-14,拼团,1099548151,PX000100888400ZZ,71.65,1,非药店铺全天拼（长期链接重点报）,6包包邮海氏海诺 倍适威 医用护理垫(拉拉裤型)BKLLK-XL(69cm*80cm)*10片
2026-04-14,拼团,1104232109,PX00010043DR02,411.3,1,非药拉新必补（热门品拉新客）,2台包邮欧姆龙 电子血压计(上臂式)HEM-7121
2026-04-14,拼团,1113101906,PX000101163900ZZ,182.58,3,非药拉新必补（热门品拉新客）,2台包邮雅斯 臂式电子血压计JN-163D *1台
2026-04-14,拼团,1116384222,PX000000413400ZZ,47.0,1,夜间拼团（长期）【活动每天20点开始】,200片包邮艾暖 暖宝宝 暖贴(一次性发热贴)96mm*130mm*1片装
2026-04-14,拼团,1129859298,PX000000405600ZZ,916.0,3,【周五非药日】-长期端口提报,2台包邮鱼跃 臂式电子血压计YE655D *1台
2026-04-14,拼团,1150328995,PX000101094100ZZ,94.0,1,非药店铺全天拼（长期链接重点报）,10瓶包邮振德 便携式氧气呼吸器LFBZ-1000 1000ml
2026-04-14,拼团,1165910755,PX00000022DR02,1401.8,6,非药新开商业成长提速（4月活动）,4盒包邮艾科 EZIII 血糖测试条艾科?EZIII（On Call EZIII） 50人份 筒装
2026-04-14,拼团,1165922936,PX00000132DR02,958.3,3,非药新开商业成长提速（4月活动）,5盒包邮三诺 血糖试条GA-3型 50支 瓶装
2026-04-14,拼团,1165953164,PX000000405600ZZ,5672.5,15,非药新开商业成长提速（4月活动）,2台包邮鱼跃 臂式电子血压计YE655D *1台
2026-04-14,拼团,1165955610,PX000101258400ZZ,3789.14,13,非药新开商业成长提速（4月活动）,2盒包邮甘李 秀霖笔 笔式胰岛素注射器XLB01E 1支
2026-04-14,拼团,974385814,PX00000009DR02,9170.1,27,非药店铺全天拼（长期链接重点报）,5盒包邮三诺 安稳 血糖试条安稳型 50支/盒
2026-04-14,拼团,974385821,PX00010043DR02,1939.0,3,非药店铺全天拼（长期链接重点报）,2台包邮欧姆龙 电子血压计HEM-7121
2026-04-14,拼团,994232997,PX00000038DR02,160.4,1,【周五非药日】-长期端口提报,8盒包邮艾科 灵睿 血糖测试条(葡萄糖氧化酶法)艾科?灵睿（On Call EZII） 25人份 单人份（8盒试纸送1台机子）
2026-04-15,批购包邮,1118641290,PX000101225400ZZ,383.8,2,,10瓶包邮 海氏海诺 便携式氧气呼吸器LFBZ-1000 1000ml
2026-04-15,批购包邮,974383493,PX00010043DR02,277.0,1,,2台包邮 欧姆龙 电子血压计(上臂式)HEM-7121
2026-04-15,拼团,1032590577,PX00010049DR02,139.98,1,非药店铺全天拼（长期链接重点报）,2台包邮倍尔康 非接触式电子体温计JXB-178*1台
2026-04-15,拼团,1099548151,PX000100888400ZZ,71.65,1,非药店铺全天拼（长期链接重点报）,6包包邮海氏海诺 倍适威 医用护理垫(拉拉裤型)BKLLK-XL(69cm*80cm)*10片
2026-04-15,拼团,1104040150,PX000101259800ZZ,28.8,1,【周五非药日】-长期端口提报,120小袋包邮海氏海诺 医用棉签10cm 40支
2026-04-15,拼团,1106612437,PX00000038DR02,320.0,2,非药热销起拼量曝光,8盒包邮艾科 灵睿 血糖测试条艾科?灵睿（On Call EZII） 25人份 单人份
2026-04-15,拼团,1113127552,PX000101163900ZZ,121.96,2,非药店铺全天拼（长期链接重点报）,2台包邮雅斯 臂式电子血压计JN-163D *1台
2026-04-15,拼团,1117851229,PX00010049DR02,139.8,1,非药商家热销品,2台包邮倍尔康 非接触式红外体温计JXB-178*1台
2026-04-15,拼团,1129688447,PX000100995500ZZ,42.8,1,夜间拼团（长期）【活动每天20点开始】,10瓶包邮爱心氧吧 便携式医用供氧器SFK-3 1000mL
2026-04-15,拼团,1129859298,PX000000405600ZZ,798.65,3,【周五非药日】-长期端口提报,2台包邮鱼跃 臂式电子血压计YE655D *1台
2026-04-15,拼团,1143230795,PX000100482000ZZ,48.0,1,云闪付专区,48袋包邮海氏海诺集团 艾暖 医用冰袋OPIS-BD-ll 120g*1袋
2026-04-15,拼团,1143671226,PX000000413200ZZ,90.0,1,【周五非药日】-长期端口提报,90小袋包邮海氏海诺 倍适威 外科纱布敷料纱布块 8cm*10cm 8层 5块
2026-04-15,拼团,1165910755,PX00000022DR02,139.76,1,非药新开商业成长提速（4月活动）,4盒包邮艾科 EZIII 血糖测试条艾科?EZIII（On Call EZIII） 50人份 筒装
2026-04-15,拼团,1165922936,PX00000132DR02,191.66,1,非药新开商业成长提速（4月活动）,5盒包邮三诺 血糖试条GA-3型 50支 瓶装
2026-04-15,拼团,1165939252,PX000100482400ZZ,511.08,2,非药新开商业成长提速（4月活动）,2台包邮欧姆龙 电子血压计(上臂式)HEM-8102K
2026-04-15,拼团,1165953164,PX000000405600ZZ,1474.85,6,非药新开商业成长提速（4月活动）,2台包邮鱼跃 臂式电子血压计YE655D *1台
2026-04-15,拼团,1165955610,PX000101258400ZZ,1561.32,10,非药新开商业成长提速（4月活动）,2盒包邮甘李 秀霖笔 笔式胰岛素注射器XLB01E 1支
2026-04-15,拼团,1166010595,PX000101293500ZZ,218.52,1,非药拉新必补（热门品拉新客）,20盒包邮天福 脱敏糊剂120g/支
2026-04-15,拼团,974385814,PX00000009DR02,4425.6,12,非药店铺全天拼（长期链接重点报）,5盒包邮三诺 安稳 血糖试条安稳型 50支/盒
2026-04-15,拼团,974385821,PX00010043DR02,969.5,3,非药店铺全天拼（长期链接重点报）,2台包邮欧姆龙 电子血压计HEM-7121
2026-04-16,批购包邮,1118641290,PX000101225400ZZ,69.7,1,,10瓶包邮 海氏海诺 便携式氧气呼吸器LFBZ-1000 1000ml
2026-04-16,批购包邮,974383493,PX00010043DR02,2216.0,8,,2台包邮 欧姆龙 电子血压计(上臂式)HEM-7121
2026-04-16,拼团,1106612437,PX00000038DR02,480.0,3,非药热销起拼量曝光,8盒包邮艾科 灵睿 血糖测试条艾科?灵睿（On Call EZII） 25人份 单人份
2026-04-16,拼团,1110642723,PX001011479000ZZ,44.2,1,非药拉新必补（热门品拉新客）,10包包邮倍适威 医用护理垫方型 60cm×90cm 10片
2026-04-16,拼团,1113101906,PX000101163900ZZ,60.86,1,非药拉新必补（热门品拉新客）,2台包邮雅斯 臂式电子血压计JN-163D *1台
2026-04-16,拼团,1116386044,PX000000413400ZZ,49.0,1,云闪付专区,200片包邮艾暖 暖宝宝 暖贴(一次性发热贴)96mm*130mm*1片装
2026-04-16,拼团,1129688447,PX000100995500ZZ,42.8,1,夜间拼团（长期）【活动每天20点开始】,10瓶包邮爱心氧吧 便携式医用供氧器SFK-3 1000mL
2026-04-16,拼团,1143718286,PX000100981200ZZ,63.8,1,云闪付专区,5桶包邮金博 医用胶布A型1cm*1000cm*13卷
2026-04-16,拼团,1143792576,PX00010043DR02,277.1,1,非药新开商业成长提速（3月活动）,2台包邮欧姆龙 电子血压计(上臂式)HEM-7121
2026-04-16,拼团,1165910755,PX00000022DR02,838.56,4,非药新开商业成长提速（4月活动）,4盒包邮艾科 EZIII 血糖测试条艾科?EZIII（On Call EZIII） 50人份 筒装
2026-04-16,拼团,1165944470,PX001011479000ZZ,173.8,2,非药新开商业成长提速（4月活动）,5包包邮海氏海诺 倍适威 医用护理垫成人专用型 60cm×90cm 10片
2026-04-16,拼团,1165953164,PX000000405600ZZ,453.8,2,非药新开商业成长提速（4月活动）,2台包邮鱼跃 臂式电子血压计YE655D *1台
2026-04-16,拼团,1165955610,PX000101258400ZZ,390.0,3,非药新开商业成长提速（4月活动）,2盒包邮甘李 秀霖笔 笔式胰岛素注射器XLB01E 1支
2026-04-16,拼团,1166004841,PX000000418200ZZ,891.0,2,非药拉新必补（热门品拉新客）,10盒包邮三诺 安稳+ 血糖测试条安稳+ 50支
2026-04-16,拼团,974385814,PX00000009DR02,1944.1,7,非药店铺全天拼（长期链接重点报）,5盒包邮三诺 安稳 血糖试条安稳型 50支/盒
2026-04-16,拼团,974385821,PX00010043DR02,1523.5,5,非药店铺全天拼（长期链接重点报）,2台包邮欧姆龙 电子血压计HEM-7121
2026-04-16,拼团,974389344,PX00000009DR02,226.5,1,云闪付专区,5盒包邮三诺 安稳 血糖试条安稳型 50支/盒
2026-04-16,拼团,974389887,PX00000038DR02,319.52,1,夜间拼团（长期）【活动每天20点开始】,8盒包邮艾科 灵睿 血糖测试条艾科?灵睿（On Call EZII） 25人份 单人份（8盒试纸送1台机子）
2026-04-16,拼团,994232997,PX00000038DR02,160.4,1,【周五非药日】-长期端口提报,8盒包邮艾科 灵睿 血糖测试条(葡萄糖氧化酶法)艾科?灵睿（On Call EZII） 25人份 单人份（8盒试纸送1台机子）
2026-04-16,拼团,994233024,PX000000418200ZZ,449.0,1,【周五非药日】-长期端口提报,5盒包邮三诺 安稳+ 血糖测试条安稳+ 50支
2026-04-16,拼团,994233027,PX000000418200ZZ,356.8,1,【周五非药日】-长期端口提报,10盒包邮三诺 安稳+血糖试纸50片
2026-04-16,拼团,994233055,PX00010043DR02,141.5,1,【周五非药日】-长期端口提报,2台包邮欧姆龙 上臂式电子血压计HEM-7121 *1台
2026-04-17,批购包邮,1118641290,PX000101225400ZZ,104.55,1,,10瓶包邮 海氏海诺 便携式氧气呼吸器LFBZ-1000 1000ml
2026-04-17,批购包邮,1173809438,PX00000009DR02,227.0,1,,5盒包邮 三诺 血糖试条安稳型 瓶装 50支
2026-04-17,批购包邮,974383493,PX00010043DR02,4293.5,9,,2台包邮 欧姆龙 电子血压计(上臂式)HEM-7121
2026-04-17,拼团,1099548151,PX000100888400ZZ,128.97,1,非药店铺全天拼（长期链接重点报）,6包包邮海氏海诺 倍适威 医用护理垫(拉拉裤型)BKLLK-XL(69cm*80cm)*10片
2026-04-17,拼团,1106612437,PX00000038DR02,160.0,1,非药热销起拼量曝光,8盒包邮艾科 灵睿 血糖测试条艾科?灵睿（On Call EZII） 25人份 单人份
2026-04-17,拼团,1113101906,PX000101163900ZZ,60.86,1,非药拉新必补（热门品拉新客）,2台包邮雅斯 臂式电子血压计JN-163D *1台
2026-04-17,拼团,1116377383,PX000000413400ZZ,49.0,1,【周五非药日】-长期端口提报,200片包邮艾暖 暖宝宝 暖贴(一次性发热贴)96mm*130mm*1片装
2026-04-17,拼团,1129859298,PX000000405600ZZ,680.12,3,【周五非药日】-长期端口提报,2台包邮鱼跃 臂式电子血压计YE655D *1台
2026-04-17,拼团,1143792576,PX00010043DR02,554.2,2,非药新开商业成长提速（3月活动）,2台包邮欧姆龙 电子血压计(上臂式)HEM-7121
2026-04-17,拼团,1165942173,PX000000418200ZZ,717.6,2,非药新开商业成长提速（4月活动）,5盒包邮三诺 安稳+ 血糖测试条安稳+ 50支
2026-04-17,拼团,1165944470,PX001011479000ZZ,43.45,1,非药新开商业成长提速（4月活动）,5包包邮海氏海诺 倍适威 医用护理垫成人专用型 60cm×90cm 10片
2026-04-17,拼团,1165953164,PX000000405600ZZ,1021.05,3,非药新开商业成长提速（4月活动）,2台包邮鱼跃 臂式电子血压计YE655D *1台
2026-04-17,拼团,1165955610,PX000101258400ZZ,2783.84,10,非药新开商业成长提速（4月活动）,2盒包邮甘李 秀霖笔 笔式胰岛素注射器XLB01E 1支
2026-04-17,拼团,1166004841,PX000000418200ZZ,445.5,1,非药拉新必补（热门品拉新客）,10盒包邮三诺 安稳+ 血糖测试条安稳+ 50支
2026-04-17,拼团,974385726,PX00000038DR02,160.8,1,非药店铺全天拼（长期链接重点报）,8盒包邮艾科 灵睿 血糖测试条艾科?灵睿（On Call EZII） 25人份 单人份（8盒试纸送1台机子）
2026-04-17,拼团,974385821,PX00010043DR02,2770.0,9,非药店铺全天拼（长期链接重点报）,2台包邮欧姆龙 电子血压计HEM-7121
2026-04-17,拼团,974389344,PX00000009DR02,679.5,3,云闪付专区,5盒包邮三诺 安稳 血糖试条安稳型 50支/盒
2026-04-17,拼团,974393276,PX00010043DR02,139.6,1,新店专享开户端口,2台包邮欧姆龙 电子血压计HEM-7121
2026-04-17,拼团,994233041,PX00000009DR02,226.5,1,【周五非药日】-长期端口提报,5盒包邮三诺 血糖试条安稳型 瓶装 50支
2026-04-18,批购包邮,1173809438,PX00000009DR02,681.0,2,,5盒包邮 三诺 血糖试条安稳型 瓶装 50支
2026-04-18,批购包邮,974383493,PX00010043DR02,3185.5,11,,2台包邮 欧姆龙 电子血压计(上臂式)HEM-7121
2026-04-18,拼团,1113101906,PX000101163900ZZ,121.72,2,非药拉新必补（热门品拉新客）,2台包邮雅斯 臂式电子血压计JN-163D *1台
2026-04-18,拼团,1117851229,PX00010049DR02,142.0,1,非药商家热销品,2台包邮倍尔康 非接触式红外体温计JXB-178*1台
2026-04-18,拼团,1129859298,PX000000405600ZZ,675.32,3,【周五非药日】-长期端口提报,2台包邮鱼跃 臂式电子血压计YE655D *1台
2026-04-18,拼团,1136212347,PX000100679500ZZ,49.56,1,非药店铺全天拼（长期链接重点报）,144袋包邮倍适威 医用冰袋 无需冷藏Ⅱ型 120g
2026-04-18,拼团,1143671226,PX000000413200ZZ,90.0,1,【周五非药日】-长期端口提报,90小袋包邮海氏海诺 倍适威 外科纱布敷料纱布块 8cm*10cm 8层 5块
2026-04-18,拼团,1143718286,PX000100981200ZZ,63.8,1,云闪付专区,5桶包邮金博 医用胶布A型1cm*1000cm*13卷
2026-04-18,拼团,1165922936,PX00000132DR02,136.9,1,非药新开商业成长提速（4月活动）,5盒包邮三诺 血糖试条GA-3型 50支 瓶装
2026-04-18,拼团,1165944470,PX001011479000ZZ,86.9,2,非药新开商业成长提速（4月活动）,5包包邮海氏海诺 倍适威 医用护理垫成人专用型 60cm×90cm 10片
2026-04-18,拼团,1165953164,PX000000405600ZZ,1815.2,5,非药新开商业成长提速（4月活动）,2台包邮鱼跃 臂式电子血压计YE655D *1台
2026-04-18,拼团,1165955610,PX000101258400ZZ,2018.08,11,非药新开商业成长提速（4月活动）,2盒包邮甘李 秀霖笔 笔式胰岛素注射器XLB01E 1支
2026-04-18,拼团,1166004841,PX000000418200ZZ,445.5,1,非药拉新必补（热门品拉新客）,10盒包邮三诺 安稳+ 血糖测试条安稳+ 50支
2026-04-18,拼团,1179819352,PX000101149100ZZ,102.5,1,周末拼团4.18-4.19常规,30盒包邮海氏海诺 牙线棒50支/盒
2026-04-18,拼团,1179822801,PX000100995500ZZ,172.0,1,周末拼团4.18-4.19常规,20瓶包邮爱心氧吧 便携式医用供氧器SFK-3 1000mL
2026-04-18,拼团,974385726,PX00000038DR02,160.8,1,非药店铺全天拼（长期链接重点报）,8盒包邮艾科 灵睿 血糖测试条艾科?灵睿（On Call EZII） 25人份 单人份（8盒试纸送1台机子）
2026-04-18,拼团,974385821,PX00010043DR02,2354.5,7,非药店铺全天拼（长期链接重点报）,2台包邮欧姆龙 电子血压计HEM-7121
2026-04-18,拼团,974389329,PX000000418200ZZ,445.5,1,云闪付专区,5盒包邮三诺 安稳+ 血糖测试条安稳+ 50支
2026-04-18,拼团,974389344,PX00000009DR02,1720.4,6,云闪付专区,5盒包邮三诺 安稳 血糖试条安稳型 50支/盒
2026-04-18,拼团,974393276,PX00010043DR02,279.2,2,新店专享开户端口,2台包邮欧姆龙 电子血压计HEM-7121
2026-04-18,拼团,994233041,PX00000009DR02,903.0,2,【周五非药日】-长期端口提报,5盒包邮三诺 血糖试条安稳型 瓶装 50支
2026-04-19,批购包邮,1118641290,PX000101225400ZZ,139.4,2,,10瓶包邮 海氏海诺 便携式氧气呼吸器LFBZ-1000 1000ml
2026-04-19,批购包邮,974383493,PX00010043DR02,2493.0,7,,2台包邮 欧姆龙 电子血压计(上臂式)HEM-7121
2026-04-19,拼团,1032590577,PX00010049DR02,142.0,1,非药店铺全天拼（长期链接重点报）,2台包邮倍尔康 非接触式电子体温计JXB-178*1台
2026-04-19,拼团,1099548151,PX000100888400ZZ,114.64,1,非药店铺全天拼（长期链接重点报）,6包包邮海氏海诺 倍适威 医用护理垫(拉拉裤型)BKLLK-XL(69cm*80cm)*10片
2026-04-19,拼团,1113101906,PX000101163900ZZ,121.12,2,非药拉新必补（热门品拉新客）,2台包邮雅斯 臂式电子血压计JN-163D *1台
2026-04-19,拼团,1113127552,PX000101163900ZZ,60.98,1,非药店铺全天拼（长期链接重点报）,2台包邮雅斯 臂式电子血压计JN-163D *1台
2026-04-19,拼团,1117851229,PX00010049DR02,142.0,1,非药商家热销品,2台包邮倍尔康 非接触式红外体温计JXB-178*1台
2026-04-19,拼团,1129859298,PX000000405600ZZ,2019.16,5,【周五非药日】-长期端口提报,2台包邮鱼跃 臂式电子血压计YE655D *1台
2026-04-19,拼团,1143230795,PX000100482000ZZ,144.0,1,云闪付专区,48袋包邮海氏海诺集团 艾暖 医用冰袋OPIS-BD-ll 120g*1袋
2026-04-19,拼团,1143671226,PX000000413200ZZ,90.0,1,【周五非药日】-长期端口提报,90小袋包邮海氏海诺 倍适威 外科纱布敷料纱布块 8cm*10cm 8层 5块
2026-04-19,拼团,1143718286,PX000100981200ZZ,63.8,1,云闪付专区,5桶包邮金博 医用胶布A型1cm*1000cm*13卷
2026-04-19,拼团,1165910755,PX00000022DR02,419.28,1,非药新开商业成长提速（4月活动）,4盒包邮艾科 EZIII 血糖测试条艾科?EZIII（On Call EZIII） 50人份 筒装
2026-04-19,拼团,1165944470,PX001011479000ZZ,43.45,1,非药新开商业成长提速（4月活动）,5包包邮海氏海诺 倍适威 医用护理垫成人专用型 60cm×90cm 10片
2026-04-19,拼团,1165953164,PX000000405600ZZ,1134.5,4,非药新开商业成长提速（4月活动）,2台包邮鱼跃 臂式电子血压计YE655D *1台
2026-04-19,拼团,1165955610,PX000101258400ZZ,1364.13,5,非药新开商业成长提速（4月活动）,2盒包邮甘李 秀霖笔 笔式胰岛素注射器XLB01E 1支
2026-04-19,拼团,1166010595,PX000101293500ZZ,216.36,1,非药拉新必补（热门品拉新客）,20盒包邮天福 脱敏糊剂120g/支
2026-04-19,拼团,1179819352,PX000101149100ZZ,61.2,1,周末拼团4.18-4.19常规,30盒包邮海氏海诺 牙线棒50支/盒
2026-04-19,拼团,1179820800,PX000100482000ZZ,48.0,1,周末拼团4.18-4.19常规,48袋包邮海氏海诺集团 艾暖 医用冰袋OPIS-BD-ll 120g*1袋
2026-04-19,拼团,974385804,PX00000009DR02,182.0,1,非药店铺全天拼（长期链接重点报）,5盒包邮三诺 血糖试条安稳型 瓶装 50支
2026-04-19,拼团,974385821,PX00010043DR02,2770.0,6,非药店铺全天拼（长期链接重点报）,2台包邮欧姆龙 电子血压计HEM-7121
2026-04-19,拼团,974389329,PX000000418200ZZ,668.25,1,云闪付专区,5盒包邮三诺 安稳+ 血糖测试条安稳+ 50支
2026-04-19,拼团,974389344,PX00000009DR02,4570.3,14,云闪付专区,5盒包邮三诺 安稳 血糖试条安稳型 50支/盒
2026-04-19,拼团,994233041,PX00000009DR02,2483.5,6,【周五非药日】-长期端口提报,5盒包邮三诺 血糖试条安稳型 瓶装 50支
2026-04-19,拼团,994233055,PX00010043DR02,141.5,1,【周五非药日】-长期端口提报,2台包邮欧姆龙 上臂式电子血压计HEM-7121 *1台
2026-04-20,批购包邮,1118641290,PX000101225400ZZ,140.0,1,,10瓶包邮 海氏海诺 便携式氧气呼吸器LFBZ-1000 1000ml
2026-04-20,批购包邮,974383493,PX00010043DR02,7607.84,16,,2台包邮 欧姆龙 电子血压计(上臂式)HEM-7121
2026-04-20,拼团,1032590577,PX00010049DR02,142.0,1,非药店铺全天拼（长期链接重点报）,2台包邮倍尔康 非接触式电子体温计JXB-178*1台
2026-04-20,拼团,1099548151,PX000100888400ZZ,71.65,1,非药店铺全天拼（长期链接重点报）,6包包邮海氏海诺 倍适威 医用护理垫(拉拉裤型)BKLLK-XL(69cm*80cm)*10片
2026-04-20,拼团,1104232109,PX00010043DR02,275.6,1,非药拉新必补（热门品拉新客）,2台包邮欧姆龙 电子血压计(上臂式)HEM-7121
2026-04-20,拼团,1106612437,PX00000038DR02,320.0,1,非药热销起拼量曝光,8盒包邮艾科 灵睿 血糖测试条艾科?灵睿（On Call EZII） 25人份 单人份
2026-04-20,拼团,1113101906,PX000101163900ZZ,121.12,2,非药拉新必补（热门品拉新客）,2台包邮雅斯 臂式电子血压计JN-163D *1台
2026-04-20,拼团,1116384222,PX000000413400ZZ,47.0,1,夜间拼团（长期）【活动每天20点开始】,200片包邮艾暖 暖宝宝 暖贴(一次性发热贴)96mm*130mm*1片装
2026-04-20,拼团,1116500953,PX000100995500ZZ,164.0,1,非药拉新必补（热门品拉新客）,40瓶包邮爱心氧吧 便携式医用供氧器SFK-3 1000mL
2026-04-20,拼团,1117851229,PX00010049DR02,142.0,1,非药商家热销品,2台包邮倍尔康 非接触式红外体温计JXB-178*1台
2026-04-20,拼团,1129859298,PX000000405600ZZ,916.0,3,【周五非药日】-长期端口提报,2台包邮鱼跃 臂式电子血压计YE655D *1台
2026-04-20,拼团,1143229944,PX000100482000ZZ,120.0,1,非药店铺全天拼（长期链接重点报）,60袋包邮海氏海诺集团 艾暖 医用冰袋OPIS-BD-ll 120g*1袋
2026-04-20,拼团,1143718286,PX000100981200ZZ,63.8,1,云闪付专区,5桶包邮金博 医用胶布A型1cm*1000cm*13卷
2026-04-20,拼团,1150328995,PX000101094100ZZ,94.0,1,非药店铺全天拼（长期链接重点报）,10瓶包邮振德 便携式氧气呼吸器LFBZ-1000 1000ml
2026-04-20,拼团,1165910755,PX00000022DR02,419.28,3,非药新开商业成长提速（4月活动）,4盒包邮艾科 EZIII 血糖测试条艾科?EZIII（On Call EZIII） 50人份 筒装
2026-04-20,拼团,1165942173,PX000000418200ZZ,224.25,1,非药新开商业成长提速（4月活动）,5盒包邮三诺 安稳+ 血糖测试条安稳+ 50支
2026-04-20,拼团,1165944470,PX001011479000ZZ,139.58,3,非药新开商业成长提速（4月活动）,5包包邮海氏海诺 倍适威 医用护理垫成人专用型 60cm×90cm 10片
2026-04-20,拼团,1165953164,PX000000405600ZZ,680.7,3,非药新开商业成长提速（4月活动）,2台包邮鱼跃 臂式电子血压计YE655D *1台
2026-04-20,拼团,1165955610,PX000101258400ZZ,3063.36,16,非药新开商业成长提速（4月活动）,2盒包邮甘李 秀霖笔 笔式胰岛素注射器XLB01E 1支
2026-04-20,拼团,1165964638,PX000101173000ZZ,263.0,1,非药新开商业成长提速（4月活动）,2台包邮欧姆龙 电子血压计HEM-7125J
2026-04-20,拼团,1166004841,PX000000418200ZZ,668.25,1,非药拉新必补（热门品拉新客）,10盒包邮三诺 安稳+ 血糖测试条安稳+ 50支
2026-04-20,拼团,1179819352,PX000101149100ZZ,122.7,2,周末拼团4.18-4.19常规,30盒包邮海氏海诺 牙线棒50支/盒
2026-04-20,拼团,974385821,PX00010043DR02,2908.5,9,非药店铺全天拼（长期链接重点报）,2台包邮欧姆龙 电子血压计HEM-7121
2026-04-20,拼团,974389344,PX00000009DR02,3168.0,10,云闪付专区,5盒包邮三诺 安稳 血糖试条安稳型 50支/盒
2026-04-20,拼团,974389887,PX00000038DR02,159.92,1,夜间拼团（长期）【活动每天20点开始】,8盒包邮艾科 灵睿 血糖测试条艾科?灵睿（On Call EZII） 25人份 单人份（8盒试纸送1台机子）
2026-04-20,拼团,994233008,PX00000022DR02,142.12,1,【周五非药日】-长期端口提报,4盒包邮艾科 EZIII 血糖测试条(葡萄糖氧化酶法)艾科?EZIII（On Call EZIII） 50人份 筒装（4盒试纸送
2026-04-20,拼团,994233027,PX000000418200ZZ,449.0,2,【周五非药日】-长期端口提报,10盒包邮三诺 安稳+血糖试纸50片
2026-04-20,拼团,994233041,PX00000009DR02,3665.3,14,【周五非药日】-长期端口提报,5盒包邮三诺 血糖试条安稳型 瓶装 50支
2026-04-20,拼团,994233055,PX00010043DR02,141.5,1,【周五非药日】-长期端口提报,2台包邮欧姆龙 上臂式电子血压计HEM-7121 *1台
2026-04-21,批购包邮,1173809438,PX00000009DR02,227.0,1,,5盒包邮 三诺 血糖试条安稳型 瓶装 50支
2026-04-21,拼团,1032663093,PX00000013DR02,297.4,1,非药拉新必补（热门品拉新客）,10盒包邮三诺 血糖试条安准型 50支 瓶装
2026-04-21,拼团,1091213751,PX001011479000ZZ,86.3,1,非药拉新必补（热门品拉新客）,10包包邮海氏海诺 倍适威 医用护理垫成人专用型 60cm×90cm 10片
2026-04-21,拼团,1098527914,PX000000413400ZZ,94.0,2,非药拉新必补（热门品拉新客）,300片包邮艾暖 暖宝宝 暖贴(一次性发热贴)96mm*130mm*1片装
2026-04-21,拼团,1098539696,PX000101268600ZZ,223.32,1,非药拉新必补（热门品拉新客）,2台包邮欧姆龙 电子血压计(上臂式)L15
2026-04-21,拼团,1098546392,PX00000022DR02,282.32,1,非药热销起拼量曝光,4盒包邮艾科 EZIII 血糖测试条艾科?EZIII（On Call EZIII） 50人份 筒装（4盒试纸送1台机子）
2026-04-21,拼团,1104232109,PX00010043DR02,7793.88,23,非药拉新必补（热门品拉新客）,2台包邮欧姆龙 电子血压计(上臂式)HEM-7121
2026-04-21,拼团,1110643158,PX000101172900ZZ,254.5,1,非药拉新必补（热门品拉新客）,2台包邮欧姆龙 电子血压计(手腕式)HEM-6160J*1台
2026-04-21,拼团,1114638780,PX000101015500ZZ,40.68,1,非药拉新必补（热门品拉新客）,120卷包邮倍适威 弹性绷带BSW-04 450cm*5cm 1卷
2026-04-21,拼团,1116384222,PX000000413400ZZ,47.0,1,夜间拼团（长期）【活动每天20点开始】,200片包邮艾暖 暖宝宝 暖贴(一次性发热贴)96mm*130mm*1片装
2026-04-21,拼团,1116500953,PX000100995500ZZ,164.0,1,非药拉新必补（热门品拉新客）,40瓶包邮爱心氧吧 便携式医用供氧器SFK-3 1000mL
2026-04-21,拼团,1117851229,PX00010049DR02,0.0,0,非药商家热销品,2台包邮倍尔康 非接触式红外体温计JXB-178*1台
2026-04-21,拼团,1129859298,PX000000405600ZZ,458.0,2,【周五非药日】-长期端口提报,2台包邮鱼跃 臂式电子血压计YE655D *1台
2026-04-21,拼团,1143718286,PX000100981200ZZ,63.8,1,云闪付专区,5桶包邮金博 医用胶布A型1cm*1000cm*13卷
2026-04-21,拼团,1165910755,PX00000022DR02,139.76,1,非药新开商业成长提速（4月活动）,4盒包邮艾科 EZIII 血糖测试条艾科?EZIII（On Call EZIII） 50人份 筒装
2026-04-21,拼团,1165930312,PX00010043DR02,690.55,1,非药新开商业成长提速（4月活动）,2台包邮欧姆龙 电子血压计(上臂式)HEM-7121
2026-04-21,拼团,1165942173,PX000000418200ZZ,1121.25,2,非药新开商业成长提速（4月活动）,5盒包邮三诺 安稳+ 血糖测试条安稳+ 50支
2026-04-21,拼团,1165944470,PX001011479000ZZ,130.35,1,非药新开商业成长提速（4月活动）,5包包邮海氏海诺 倍适威 医用护理垫成人专用型 60cm×90cm 10片
2026-04-21,拼团,1165953164,PX000000405600ZZ,2382.45,7,非药新开商业成长提速（4月活动）,2台包邮鱼跃 臂式电子血压计YE655D *1台
2026-04-21,拼团,1165955610,PX000101258400ZZ,1553.62,8,非药新开商业成长提速（4月活动）,2盒包邮甘李 秀霖笔 笔式胰岛素注射器XLB01E 1支
2026-04-21,拼团,1166004841,PX000000418200ZZ,445.0,1,非药拉新必补（热门品拉新客）,10盒包邮三诺 安稳+ 血糖测试条安稳+ 50支
2026-04-21,拼团,974385821,PX00010043DR02,831.0,2,非药店铺全天拼（长期链接重点报）,2台包邮欧姆龙 电子血压计HEM-7121
2026-04-21,拼团,974389344,PX00000009DR02,1583.5,5,云闪付专区,5盒包邮三诺 安稳 血糖试条安稳型 50支/盒
2026-04-21,拼团,994232997,PX00000038DR02,160.4,1,【周五非药日】-长期端口提报,8盒包邮艾科 灵睿 血糖测试条(葡萄糖氧化酶法)艾科?灵睿（On Call EZII） 25人份 单人份（8盒试纸送1台机子）
2026-04-21,拼团,994233041,PX00000009DR02,1129.5,3,【周五非药日】-长期端口提报,5盒包邮三诺 血糖试条安稳型 瓶装 50支
2026-04-22,拼团,1032663093,PX00000013DR02,1189.6,4,非药拉新必补（热门品拉新客）,10盒包邮三诺 血糖试条安准型 50支 瓶装
2026-04-22,拼团,1091213751,PX001011479000ZZ,604.1,5,非药拉新必补（热门品拉新客）,10包包邮海氏海诺 倍适威 医用护理垫成人专用型 60cm×90cm 10片
2026-04-22,拼团,1098527914,PX000000413400ZZ,282.0,6,非药拉新必补（热门品拉新客）,300片包邮艾暖 暖宝宝 暖贴(一次性发热贴)96mm*130mm*1片装
2026-04-22,拼团,1098539696,PX000101268600ZZ,334.98,1,非药拉新必补（热门品拉新客）,2台包邮欧姆龙 电子血压计(上臂式)L15
2026-04-22,拼团,1099548151,PX000100888400ZZ,458.56,4,非药店铺全天拼（长期链接重点报）,6包包邮海氏海诺 倍适威 医用护理垫(拉拉裤型)BKLLK-XL(69cm*80cm)*10片
2026-04-22,拼团,1104232109,PX00010043DR02,3839.08,14,非药拉新必补（热门品拉新客）,2台包邮欧姆龙 电子血压计(上臂式)HEM-7121
2026-04-22,拼团,1113101906,PX000101163900ZZ,60.86,1,非药拉新必补（热门品拉新客）,2台包邮雅斯 臂式电子血压计JN-163D *1台
2026-04-22,拼团,1113127552,PX000101163900ZZ,91.47,1,非药店铺全天拼（长期链接重点报）,2台包邮雅斯 臂式电子血压计JN-163D *1台
2026-04-22,拼团,1114638780,PX000101015500ZZ,40.68,1,非药拉新必补（热门品拉新客）,120卷包邮倍适威 弹性绷带BSW-04 450cm*5cm 1卷
2026-04-22,拼团,1116377383,PX000000413400ZZ,49.0,1,【周五非药日】-长期端口提报,200片包邮艾暖 暖宝宝 暖贴(一次性发热贴)96mm*130mm*1片装
2026-04-22,拼团,1116500953,PX000100995500ZZ,164.0,1,非药拉新必补（热门品拉新客）,40瓶包邮爱心氧吧 便携式医用供氧器SFK-3 1000mL
2026-04-22,拼团,1143671226,PX000000413200ZZ,90.0,1,【周五非药日】-长期端口提报,90小袋包邮海氏海诺 倍适威 外科纱布敷料纱布块 8cm*10cm 8层 5块
2026-04-22,拼团,1143673579,PX000000413200ZZ,90.0,1,云闪付专区,60小袋包邮海氏海诺 倍适威 外科纱布敷料纱布块 8cm*10cm 8层 5块
2026-04-22,拼团,1143769617,PX000000413400ZZ,48.0,1,非药新开商业成长提速（3月活动）,100片包邮艾暖 暖宝宝 暖贴(一次性发热贴)96mm*130mm*1片装
2026-04-22,拼团,1150328995,PX000101094100ZZ,94.0,1,非药店铺全天拼（长期链接重点报）,10瓶包邮振德 便携式氧气呼吸器LFBZ-1000 1000ml
2026-04-22,拼团,1165910755,PX00000022DR02,978.32,3,非药新开商业成长提速（4月活动）,4盒包邮艾科 EZIII 血糖测试条艾科?EZIII（On Call EZIII） 50人份 筒装
2026-04-22,拼团,1165930312,PX00010043DR02,552.44,2,非药新开商业成长提速（4月活动）,2台包邮欧姆龙 电子血压计(上臂式)HEM-7121
2026-04-22,拼团,1165942173,PX000000418200ZZ,1480.05,6,非药新开商业成长提速（4月活动）,5盒包邮三诺 安稳+ 血糖测试条安稳+ 50支
2026-04-22,拼团,1165944470,PX001011479000ZZ,43.45,1,非药新开商业成长提速（4月活动）,5包包邮海氏海诺 倍适威 医用护理垫成人专用型 60cm×90cm 10片
2026-04-22,拼团,1165953164,PX000000405600ZZ,1815.2,6,非药新开商业成长提速（4月活动）,2台包邮鱼跃 臂式电子血压计YE655D *1台
2026-04-22,拼团,1165955610,PX000101258400ZZ,1165.84,6,非药新开商业成长提速（4月活动）,2盒包邮甘李 秀霖笔 笔式胰岛素注射器XLB01E 1支
2026-04-22,拼团,1166004841,PX000000418200ZZ,445.0,1,非药拉新必补（热门品拉新客）,10盒包邮三诺 安稳+ 血糖测试条安稳+ 50支
2026-04-22,拼团,1172815261,PX000101149100ZZ,60.3,1,非药新开商业成长提速（4月活动）,30盒包邮海氏海诺 牙线棒50支/盒
2026-04-22,拼团,974385821,PX00010043DR02,831.0,3,非药店铺全天拼（长期链接重点报）,2台包邮欧姆龙 电子血压计HEM-7121
2026-04-22,拼团,974389329,PX000000418200ZZ,445.5,1,云闪付专区,5盒包邮三诺 安稳+ 血糖测试条安稳+ 50支
2026-04-22,拼团,994233021,PX000000418200ZZ,119.6,1,【周五非药日】-长期端口提报,2套包邮三诺 安稳+血糖仪套装(血糖仪/血糖测试条/一次性使用末梢采血针)安稳+*1台+安稳+50支*1盒+Ⅰ型 28G 50支
2026-04-22,拼团,994233024,PX000000418200ZZ,449.9,2,【周五非药日】-长期端口提报,5盒包邮三诺 安稳+ 血糖测试条安稳+ 50支
2026-04-22,拼团,994233041,PX00000009DR02,904.0,3,【周五非药日】-长期端口提报,5盒包邮三诺 血糖试条安稳型 瓶装 50支
2026-04-23,批购包邮,1118641290,PX000101225400ZZ,364.0,2,,10瓶包邮 海氏海诺 便携式氧气呼吸器LFBZ-1000 1000ml
2026-04-23,拼团,1091213751,PX001011479000ZZ,345.2,3,非药拉新必补（热门品拉新客）,10包包邮海氏海诺 倍适威 医用护理垫成人专用型 60cm×90cm 10片
2026-04-23,拼团,1098527914,PX000000413400ZZ,282.0,6,非药拉新必补（热门品拉新客）,300片包邮艾暖 暖宝宝 暖贴(一次性发热贴)96mm*130mm*1片装
2026-04-23,拼团,1098539696,PX000101268600ZZ,223.32,1,非药拉新必补（热门品拉新客）,2台包邮欧姆龙 电子血压计(上臂式)L15
2026-04-23,拼团,1104232109,PX00010043DR02,3577.28,12,非药拉新必补（热门品拉新客）,2台包邮欧姆龙 电子血压计(上臂式)HEM-7121
2026-04-23,拼团,1110642723,PX001011479000ZZ,88.4,1,非药拉新必补（热门品拉新客）,10包包邮倍适威 医用护理垫方型 60cm×90cm 10片
2026-04-23,拼团,1113101906,PX000101163900ZZ,120.52,2,非药拉新必补（热门品拉新客）,2台包邮雅斯 臂式电子血压计JN-163D *1台
2026-04-23,拼团,1113127552,PX000101163900ZZ,243.92,4,非药店铺全天拼（长期链接重点报）,2台包邮雅斯 臂式电子血压计JN-163D *1台
2026-04-23,拼团,1114638780,PX000101015500ZZ,162.72,4,非药拉新必补（热门品拉新客）,120卷包邮倍适威 弹性绷带BSW-04 450cm*5cm 1卷
2026-04-23,拼团,1116500953,PX000100995500ZZ,164.0,1,非药拉新必补（热门品拉新客）,40瓶包邮爱心氧吧 便携式医用供氧器SFK-3 1000mL
2026-04-23,拼团,1118546952,PX00280116DR02,214.6,1,非药拉新必补（热门品拉新客）,10盒包邮雅斯 血糖试纸(电化学法)GLS-77 25片*2罐 罐装
2026-04-23,拼团,1143228713,PX000100679500ZZ,65.4,1,非药拉新必补（热门品拉新客）,60袋包邮海氏海诺 医用冰袋 无需冷藏Ⅱ型 120g
2026-04-23,拼团,1143229944,PX000100482000ZZ,60.0,1,非药店铺全天拼（长期链接重点报）,60袋包邮海氏海诺集团 艾暖 医用冰袋OPIS-BD-ll 120g*1袋
2026-04-23,拼团,1143769617,PX000000413400ZZ,144.0,1,非药新开商业成长提速（3月活动）,100片包邮艾暖 暖宝宝 暖贴(一次性发热贴)96mm*130mm*1片装
2026-04-23,拼团,1150328995,PX000101094100ZZ,94.0,1,非药店铺全天拼（长期链接重点报）,10瓶包邮振德 便携式氧气呼吸器LFBZ-1000 1000ml
2026-04-23,拼团,1165910755,PX00000022DR02,419.76,2,非药新开商业成长提速（4月活动）,4盒包邮艾科 EZIII 血糖测试条艾科?EZIII（On Call EZIII） 50人份 筒装
2026-04-23,拼团,1165942173,PX000000418200ZZ,449.3,1,非药新开商业成长提速（4月活动）,5盒包邮三诺 安稳+ 血糖测试条安稳+ 50支
2026-04-23,拼团,1165953164,PX000000405600ZZ,227.28,1,非药新开商业成长提速（4月活动）,2台包邮鱼跃 臂式电子血压计YE655D *1台
2026-04-23,拼团,1166004841,PX000000418200ZZ,445.0,1,非药拉新必补（热门品拉新客）,10盒包邮三诺 安稳+ 血糖测试条安稳+ 50支
2026-04-23,拼团,1172815261,PX000101149100ZZ,60.0,1,非药新开商业成长提速（4月活动）,30盒包邮海氏海诺 牙线棒50支/盒
2026-04-23,拼团,1187560762,PX000000413400ZZ,49.0,1,非药周必补端口【4.18～4.27】已延长至周一,100片包邮艾暖 暖宝宝 暖贴(一次性发热贴)96mm*130mm*1片装
2026-04-23,拼团,1187628674,PX00050373DR02,274.0,2,非药新开商业成长提速（4月活动）,10盒包邮艾暖 热敷贴96mm×130mm 5片
2026-04-23,拼团,974385737,PX00000022DR02,142.2,1,非药店铺全天拼（长期链接重点报）,8盒包邮艾科 EZIII 血糖测试条艾科?EZIII（On Call EZIII） 50人份 筒装（4盒试纸送1台机子）
2026-04-23,拼团,974385821,PX00010043DR02,437.7,1,非药店铺全天拼（长期链接重点报）,2台包邮欧姆龙 电子血压计HEM-7121
2026-04-23,拼团,974389344,PX00000009DR02,920.0,2,云闪付专区,5盒包邮三诺 安稳 血糖试条安稳型 50支/盒
2026-04-23,拼团,994232997,PX00000038DR02,320.32,1,【周五非药日】-长期端口提报,8盒包邮艾科 灵睿 血糖测试条(葡萄糖氧化酶法)艾科?灵睿（On Call EZII） 25人份 单人份（8盒试纸送1台机子）
2026-04-24,拼团,1091213751,PX001011479000ZZ,517.8,4,非药拉新必补（热门品拉新客）,10包包邮海氏海诺 倍适威 医用护理垫成人专用型 60cm×90cm 10片
2026-04-24,拼团,1098527914,PX000000413400ZZ,47.0,1,非药拉新必补（热门品拉新客）,300片包邮艾暖 暖宝宝 暖贴(一次性发热贴)96mm*130mm*1片装
2026-04-24,拼团,1098539696,PX000101268600ZZ,558.3,2,非药拉新必补（热门品拉新客）,2台包邮欧姆龙 电子血压计(上臂式)L15
2026-04-24,拼团,1104232109,PX00010043DR02,2051.82,6,非药拉新必补（热门品拉新客）,2台包邮欧姆龙 电子血压计(上臂式)HEM-7121
2026-04-24,拼团,1106612437,PX00000038DR02,960.0,1,非药热销起拼量曝光,8盒包邮艾科 灵睿 血糖测试条艾科?灵睿（On Call EZII） 25人份 单人份
2026-04-24,拼团,1110642723,PX001011479000ZZ,88.4,1,非药拉新必补（热门品拉新客）,10包包邮倍适威 医用护理垫方型 60cm×90cm 10片
2026-04-24,拼团,1113101906,PX000101163900ZZ,121.72,2,非药拉新必补（热门品拉新客）,2台包邮雅斯 臂式电子血压计JN-163D *1台
2026-04-24,拼团,1113127552,PX000101163900ZZ,60.98,1,非药店铺全天拼（长期链接重点报）,2台包邮雅斯 臂式电子血压计JN-163D *1台
2026-04-24,拼团,1114638767,PX000101015500ZZ,55.2,1,【周五非药日】-长期端口提报,48卷包邮倍适威 弹性绷带BSW-04 450cm*5cm 1卷
2026-04-24,拼团,1114638780,PX000101015500ZZ,81.36,2,非药拉新必补（热门品拉新客）,120卷包邮倍适威 弹性绷带BSW-04 450cm*5cm 1卷
2026-04-24,拼团,1116511586,PX000101015500ZZ,67.8,1,夜间拼团（长期）【活动每天20点开始】,48卷包邮倍适威 弹性绷带BSW-04 450cm*5cm 1卷
2026-04-24,拼团,1118546952,PX00280116DR02,214.6,1,非药拉新必补（热门品拉新客）,10盒包邮雅斯 血糖试纸(电化学法)GLS-77 25片*2罐 罐装
2026-04-24,拼团,1136212347,PX000100679500ZZ,49.56,1,非药店铺全天拼（长期链接重点报）,144袋包邮倍适威 医用冰袋 无需冷藏Ⅱ型 120g
2026-04-24,拼团,1137609363,PX001011445200ZZ,77.76,1,非药拉新必补（热门品拉新客）,48盒包邮倍适威 棉签BSW-02 8cm允许偏差±1cm 200支
2026-04-24,拼团,1143672262,PX000000413200ZZ,475.2,4,非药拉新必补（热门品拉新客）,120小袋包邮海氏海诺 倍适威 外科纱布敷料纱布块 8cm*10cm 8层 5块
2026-04-24,拼团,1165930312,PX00010043DR02,414.33,1,非药新开商业成长提速（4月活动）,2台包邮欧姆龙 电子血压计(上臂式)HEM-7121
2026-04-24,拼团,1165942173,PX000000418200ZZ,673.95,3,非药新开商业成长提速（4月活动）,5盒包邮三诺 安稳+ 血糖测试条安稳+ 50支
2026-04-24,拼团,1165944470,PX001011479000ZZ,43.45,1,非药新开商业成长提速（4月活动）,5包包邮海氏海诺 倍适威 医用护理垫成人专用型 60cm×90cm 10片
2026-04-24,拼团,1165953164,PX000000405600ZZ,2159.16,7,非药新开商业成长提速（4月活动）,2台包邮鱼跃 臂式电子血压计YE655D *1台
2026-04-24,拼团,1166004841,PX000000418200ZZ,1335.0,3,非药拉新必补（热门品拉新客）,10盒包邮三诺 安稳+ 血糖测试条安稳+ 50支
2026-04-24,拼团,1187628674,PX00050373DR02,356.75,4,非药新开商业成长提速（4月活动）,10盒包邮艾暖 热敷贴96mm×130mm 5片
2026-04-24,拼团,1187630455,PX00050373DR02,44.8,1,【周五非药日】-长期端口提报,300片包邮艾暖 热敷贴96mm×130mm 5片
2026-04-25,拼团,1032663093,PX00000013DR02,297.4,1,非药拉新必补（热门品拉新客）,10盒包邮三诺 血糖试条安准型 50支 瓶装
2026-04-25,拼团,1091213751,PX001011479000ZZ,604.1,6,非药拉新必补（热门品拉新客）,10包包邮海氏海诺 倍适威 医用护理垫成人专用型 60cm×90cm 10片
2026-04-25,拼团,1098527914,PX000000413400ZZ,47.0,1,非药拉新必补（热门品拉新客）,300片包邮艾暖 暖宝宝 暖贴(一次性发热贴)96mm*130mm*1片装
2026-04-25,拼团,1098539696,PX000101268600ZZ,223.32,1,非药拉新必补（热门品拉新客）,2台包邮欧姆龙 电子血压计(上臂式)L15
2026-04-25,拼团,1099548151,PX000100888400ZZ,71.65,1,非药店铺全天拼（长期链接重点报）,6包包邮海氏海诺 倍适威 医用护理垫(拉拉裤型)BKLLK-XL(69cm*80cm)*10片
2026-04-25,拼团,1113101906,PX000101163900ZZ,182.58,3,非药拉新必补（热门品拉新客）,2台包邮雅斯 臂式电子血压计JN-163D *1台
2026-04-25,拼团,1113127552,PX000101163900ZZ,121.96,2,非药店铺全天拼（长期链接重点报）,2台包邮雅斯 臂式电子血压计JN-163D *1台
2026-04-25,拼团,1114638780,PX000101015500ZZ,81.36,2,非药拉新必补（热门品拉新客）,120卷包邮倍适威 弹性绷带BSW-04 450cm*5cm 1卷
2026-04-25,拼团,1114647152,PX000100679500ZZ,29.52,1,非药商家热销品,72袋包邮海氏海诺 医用冰袋 无需冷藏Ⅱ型 120g
2026-04-25,拼团,1116500953,PX000100995500ZZ,164.0,1,非药拉新必补（热门品拉新客）,40瓶包邮爱心氧吧 便携式医用供氧器SFK-3 1000mL
2026-04-25,拼团,1118546952,PX00280116DR02,429.2,2,非药拉新必补（热门品拉新客）,10盒包邮雅斯 血糖试纸(电化学法)GLS-77 25片*2罐 罐装
2026-04-25,拼团,1143671226,PX000000413200ZZ,90.0,1,【周五非药日】-长期端口提报,90小袋包邮海氏海诺 倍适威 外科纱布敷料纱布块 8cm*10cm 8层 5块
2026-04-25,拼团,1143672262,PX000000413200ZZ,118.8,1,非药拉新必补（热门品拉新客）,120小袋包邮海氏海诺 倍适威 外科纱布敷料纱布块 8cm*10cm 8层 5块
2026-04-25,拼团,1143718286,PX000100981200ZZ,63.8,1,云闪付专区,5桶包邮金博 医用胶布A型1cm*1000cm*13卷
2026-04-25,拼团,1165910755,PX00000022DR02,279.84,1,非药新开商业成长提速（4月活动）,4盒包邮艾科 EZIII 血糖测试条艾科?EZIII（On Call EZIII） 50人份 筒装
2026-04-25,拼团,1165942173,PX000000418200ZZ,2291.43,8,非药新开商业成长提速（4月活动）,5盒包邮三诺 安稳+ 血糖测试条安稳+ 50支
2026-04-25,拼团,1165944470,PX001011479000ZZ,130.35,2,非药新开商业成长提速（4月活动）,5包包邮海氏海诺 倍适威 医用护理垫成人专用型 60cm×90cm 10片
2026-04-25,拼团,1165955610,PX000101258400ZZ,132.28,1,非药新开商业成长提速（4月活动）,2盒包邮甘李 秀霖笔 笔式胰岛素注射器XLB01E 1支
2026-04-25,拼团,1166004841,PX000000418200ZZ,890.0,2,非药拉新必补（热门品拉新客）,10盒包邮三诺 安稳+ 血糖测试条安稳+ 50支
2026-04-25,拼团,1187541033,PX000100482000ZZ,142.56,1,周末拼团4.25-4.26常规,90袋包邮海氏海诺集团 艾暖 医用冰袋OPIS-BD-ll 120g*1袋
2026-04-25,拼团,1187623005,PX000101015500ZZ,324.0,6,周末拼团4.25-4.26常规,48卷包邮倍适威 弹性绷带BSW-04 450cm*5cm 1卷
2026-04-25,拼团,1187628674,PX00050373DR02,384.0,5,非药新开商业成长提速（4月活动）,10盒包邮艾暖 热敷贴96mm×130mm 5片
2026-04-25,拼团,974385758,PX00000073DR02,177.0,1,非药店铺全天拼（长期链接重点报）,2套包邮三诺 安稳+血糖仪套装(血糖仪/血糖测试条/一次性使用末梢采血针)安稳+*1台+安稳+50支*1盒+Ⅰ型 28G 50支
2026-04-25,拼团,974389320,PX00000022DR02,284.24,1,云闪付专区,4盒包邮艾科 EZIII 血糖测试条艾科?EZIII（On Call EZIII） 50人份 筒装（4盒试纸送1台机子）
2026-04-26,拼团,1032663093,PX00000013DR02,594.8,2,非药拉新必补（热门品拉新客）,10盒包邮三诺 血糖试条安准型 50支 瓶装
2026-04-26,拼团,1091213751,PX001011479000ZZ,517.8,6,非药拉新必补（热门品拉新客）,10包包邮海氏海诺 倍适威 医用护理垫成人专用型 60cm×90cm 10片
2026-04-26,拼团,1098527914,PX000000413400ZZ,141.0,3,非药拉新必补（热门品拉新客）,300片包邮艾暖 暖宝宝 暖贴(一次性发热贴)96mm*130mm*1片装
2026-04-26,拼团,1098539696,PX000101268600ZZ,221.08,1,非药拉新必补（热门品拉新客）,2台包邮欧姆龙 电子血压计(上臂式)L15
2026-04-26,拼团,1106612437,PX00000038DR02,160.0,1,非药热销起拼量曝光,8盒包邮艾科 灵睿 血糖测试条艾科?灵睿（On Call EZII） 25人份 单人份
2026-04-26,拼团,1113101906,PX000101163900ZZ,181.98,3,非药拉新必补（热门品拉新客）,2台包邮雅斯 臂式电子血压计JN-163D *1台
2026-04-26,拼团,1113127552,PX000101163900ZZ,60.98,1,非药店铺全天拼（长期链接重点报）,2台包邮雅斯 臂式电子血压计JN-163D *1台
2026-04-26,拼团,1114638780,PX000101015500ZZ,40.68,1,非药拉新必补（热门品拉新客）,120卷包邮倍适威 弹性绷带BSW-04 450cm*5cm 1卷
2026-04-26,拼团,1116500953,PX000100995500ZZ,164.0,1,非药拉新必补（热门品拉新客）,40瓶包邮爱心氧吧 便携式医用供氧器SFK-3 1000mL
2026-04-26,拼团,1137606882,PX001011445200ZZ,523.2,1,云闪付专区,48盒包邮倍适威 棉签BSW-02 8cm允许偏差±1cm 200支
2026-04-26,拼团,1137609363,PX001011445200ZZ,77.76,1,非药拉新必补（热门品拉新客）,48盒包邮倍适威 棉签BSW-02 8cm允许偏差±1cm 200支
2026-04-26,拼团,1143671226,PX000000413200ZZ,90.0,1,【周五非药日】-长期端口提报,90小袋包邮海氏海诺 倍适威 外科纱布敷料纱布块 8cm*10cm 8层 5块
2026-04-26,拼团,1143718286,PX000100981200ZZ,127.4,1,云闪付专区,5桶包邮金博 医用胶布A型1cm*1000cm*13卷
2026-04-26,拼团,1165942173,PX000000418200ZZ,898.6,4,非药新开商业成长提速（4月活动）,5盒包邮三诺 安稳+ 血糖测试条安稳+ 50支
2026-04-26,拼团,1165984027,PX000000418200ZZ,116.82,1,非药拉新必补（热门品拉新客）,2套包邮三诺 安稳+血糖仪套装(血糖仪/血糖测试条/一次性使用末梢采血针)安稳+*1台+安稳+50支*1盒+Ⅰ型 28G 50支
2026-04-26,拼团,1166004841,PX000000418200ZZ,890.0,2,非药拉新必补（热门品拉新客）,10盒包邮三诺 安稳+ 血糖测试条安稳+ 50支
2026-04-26,拼团,1187623005,PX000101015500ZZ,417.24,7,周末拼团4.25-4.26常规,48卷包邮倍适威 弹性绷带BSW-04 450cm*5cm 1卷
2026-04-26,拼团,1187628674,PX00050373DR02,547.0,6,非药新开商业成长提速（4月活动）,10盒包邮艾暖 热敷贴96mm×130mm 5片
2026-04-27,批购包邮,1104832648,PX000101308200ZZ,63.0,1,,12盒包邮 天福 脱敏糊剂61g/支
2026-04-27,批购包邮,1118641290,PX000101225400ZZ,210.0,2,,10瓶包邮 海氏海诺 便携式氧气呼吸器LFBZ-1000 1000ml
2026-04-27,批购包邮,1173809438,PX00000009DR02,690.0,3,,5盒包邮 三诺 血糖试条安稳型 瓶装 50支
2026-04-27,拼团,1032663093,PX00000013DR02,297.4,1,非药拉新必补（热门品拉新客）,10盒包邮三诺 血糖试条安准型 50支 瓶装
2026-04-27,拼团,1091213751,PX001011479000ZZ,949.3,9,非药拉新必补（热门品拉新客）,10包包邮海氏海诺 倍适威 医用护理垫成人专用型 60cm×90cm 10片
2026-04-27,拼团,1098527914,PX000000413400ZZ,235.0,5,非药拉新必补（热门品拉新客）,300片包邮艾暖 暖宝宝 暖贴(一次性发热贴)96mm*130mm*1片装
2026-04-27,拼团,1113101906,PX000101163900ZZ,121.72,2,非药拉新必补（热门品拉新客）,2台包邮雅斯 臂式电子血压计JN-163D *1台
2026-04-27,拼团,1113127552,PX000101163900ZZ,60.98,1,非药店铺全天拼（长期链接重点报）,2台包邮雅斯 臂式电子血压计JN-163D *1台
2026-04-27,拼团,1114638780,PX000101015500ZZ,447.48,4,非药拉新必补（热门品拉新客）,120卷包邮倍适威 弹性绷带BSW-04 450cm*5cm 1卷
2026-04-27,拼团,1116384222,PX000000413400ZZ,47.0,1,夜间拼团（长期）【活动每天20点开始】,200片包邮艾暖 暖宝宝 暖贴(一次性发热贴)96mm*130mm*1片装
2026-04-27,拼团,1116500953,PX000100995500ZZ,164.0,1,非药拉新必补（热门品拉新客）,40瓶包邮爱心氧吧 便携式医用供氧器SFK-3 1000mL
2026-04-27,拼团,1116511586,PX000101015500ZZ,81.36,1,夜间拼团（长期）【活动每天20点开始】,48卷包邮倍适威 弹性绷带BSW-04 450cm*5cm 1卷
2026-04-27,拼团,1137609363,PX001011445200ZZ,155.52,2,非药拉新必补（热门品拉新客）,48盒包邮倍适威 棉签BSW-02 8cm允许偏差±1cm 200支
2026-04-27,拼团,1143671226,PX000000413200ZZ,90.0,1,【周五非药日】-长期端口提报,90小袋包邮海氏海诺 倍适威 外科纱布敷料纱布块 8cm*10cm 8层 5块
2026-04-27,拼团,1143718286,PX000100981200ZZ,63.8,1,云闪付专区,5桶包邮金博 医用胶布A型1cm*1000cm*13卷
2026-04-27,拼团,1143769617,PX000000413400ZZ,48.0,1,非药新开商业成长提速（3月活动）,100片包邮艾暖 暖宝宝 暖贴(一次性发热贴)96mm*130mm*1片装
2026-04-27,拼团,1165942173,PX000000418200ZZ,1482.69,5,非药新开商业成长提速（4月活动）,5盒包邮三诺 安稳+ 血糖测试条安稳+ 50支
2026-04-27,拼团,1165944470,PX001011479000ZZ,173.8,1,非药新开商业成长提速（4月活动）,5包包邮海氏海诺 倍适威 医用护理垫成人专用型 60cm×90cm 10片
2026-04-27,拼团,1165984027,PX000000418200ZZ,175.23,1,非药拉新必补（热门品拉新客）,2套包邮三诺 安稳+血糖仪套装(血糖仪/血糖测试条/一次性使用末梢采血针)安稳+*1台+安稳+50支*1盒+Ⅰ型 28G 50支
2026-04-27,拼团,1166004841,PX000000418200ZZ,3115.0,7,非药拉新必补（热门品拉新客）,10盒包邮三诺 安稳+ 血糖测试条安稳+ 50支
2026-04-27,拼团,1187623005,PX000101015500ZZ,107.52,2,周末拼团4.25-4.26常规,48卷包邮倍适威 弹性绷带BSW-04 450cm*5cm 1卷
2026-04-27,拼团,1187628674,PX00050373DR02,275.0,4,非药新开商业成长提速（4月活动）,10盒包邮艾暖 热敷贴96mm×130mm 5片
2026-04-27,拼团,974389344,PX00000009DR02,460.0,1,云闪付专区,5盒包邮三诺 安稳 血糖试条安稳型 50支/盒
2026-04-28,批购包邮,1118641290,PX000101225400ZZ,210.0,1,,10瓶包邮 海氏海诺 便携式氧气呼吸器LFBZ-1000 1000ml
2026-04-28,拼团,1091213751,PX001011479000ZZ,517.8,6,非药拉新必补（热门品拉新客）,10包包邮海氏海诺 倍适威 医用护理垫成人专用型 60cm×90cm 10片
2026-04-28,拼团,1098527914,PX000000413400ZZ,94.0,2,非药拉新必补（热门品拉新客）,300片包邮艾暖 暖宝宝 暖贴(一次性发热贴)96mm*130mm*1片装
2026-04-28,拼团,1113101906,PX000101163900ZZ,181.98,3,非药拉新必补（热门品拉新客）,2台包邮雅斯 臂式电子血压计JN-163D *1台
2026-04-28,拼团,1114638771,PX000101015500ZZ,56.64,1,非药商家热销品,48卷包邮倍适威 弹性绷带BSW-04 450cm*5cm 1卷
2026-04-28,拼团,1114638780,PX000101015500ZZ,555.96,8,非药拉新必补（热门品拉新客）,120卷包邮倍适威 弹性绷带BSW-04 450cm*5cm 1卷
2026-04-28,拼团,1114647152,PX000100679500ZZ,29.52,1,非药商家热销品,72袋包邮海氏海诺 医用冰袋 无需冷藏Ⅱ型 120g
2026-04-28,拼团,1116500953,PX000100995500ZZ,164.0,1,非药拉新必补（热门品拉新客）,40瓶包邮爱心氧吧 便携式医用供氧器SFK-3 1000mL
2026-04-28,拼团,1117851229,PX00010049DR02,153.6,1,非药商家热销品,2台包邮倍尔康 非接触式红外体温计JXB-178*1台
2026-04-28,拼团,1118546952,PX00280116DR02,429.2,2,非药拉新必补（热门品拉新客）,10盒包邮雅斯 血糖试纸(电化学法)GLS-77 25片*2罐 罐装
2026-04-28,拼团,1129588291,PX000011381900ZZ,347.4,1,非药拉新必补（热门品拉新客）,20盒包邮雅斯 血糖试纸(电化学法)GLS-73 25片*2罐 罐装
2026-04-28,拼团,1136212347,PX000100679500ZZ,49.56,1,非药店铺全天拼（长期链接重点报）,144袋包邮倍适威 医用冰袋 无需冷藏Ⅱ型 120g
2026-04-28,拼团,1143671226,PX000000413200ZZ,90.0,1,【周五非药日】-长期端口提报,90小袋包邮海氏海诺 倍适威 外科纱布敷料纱布块 8cm*10cm 8层 5块
2026-04-28,拼团,1143672262,PX000000413200ZZ,118.8,1,非药拉新必补（热门品拉新客）,120小袋包邮海氏海诺 倍适威 外科纱布敷料纱布块 8cm*10cm 8层 5块
2026-04-28,拼团,1150328995,PX000101094100ZZ,360.0,1,非药店铺全天拼（长期链接重点报）,10瓶包邮振德 便携式氧气呼吸器LFBZ-1000 1000ml
2026-04-28,拼团,1165942173,PX000000418200ZZ,453.8,2,非药新开商业成长提速（4月活动）,5盒包邮三诺 安稳+ 血糖测试条安稳+ 50支
2026-04-28,拼团,1165944470,PX001011479000ZZ,173.8,1,非药新开商业成长提速（4月活动）,5包包邮海氏海诺 倍适威 医用护理垫成人专用型 60cm×90cm 10片
2026-04-28,拼团,1166004841,PX000000418200ZZ,1335.0,3,非药拉新必补（热门品拉新客）,10盒包邮三诺 安稳+ 血糖测试条安稳+ 50支
2026-04-28,拼团,1187628674,PX00050373DR02,383.5,5,非药新开商业成长提速（4月活动）,10盒包邮艾暖 热敷贴96mm×130mm 5片
2026-04-29,拼团,1091213751,PX001011479000ZZ,949.3,10,非药拉新必补（热门品拉新客）,10包包邮海氏海诺 倍适威 医用护理垫成人专用型 60cm×90cm 10片
2026-04-29,拼团,1098527914,PX000000413400ZZ,282.0,6,非药拉新必补（热门品拉新客）,300片包邮艾暖 暖宝宝 暖贴(一次性发热贴)96mm*130mm*1片装
2026-04-29,拼团,1099548151,PX000100888400ZZ,143.3,2,非药店铺全天拼（长期链接重点报）,6包包邮海氏海诺 倍适威 医用护理垫(拉拉裤型)BKLLK-XL(69cm*80cm)*10片
2026-04-29,拼团,1104040150,PX000101259800ZZ,57.6,2,【周五非药日】-长期端口提报,120小袋包邮海氏海诺 医用棉签10cm 40支
2026-04-29,拼团,1113101906,PX000101163900ZZ,242.84,4,非药拉新必补（热门品拉新客）,2台包邮雅斯 臂式电子血压计JN-163D *1台
2026-04-29,拼团,1113127552,PX000101163900ZZ,60.98,1,非药店铺全天拼（长期链接重点报）,2台包邮雅斯 臂式电子血压计JN-163D *1台
2026-04-29,拼团,1114638780,PX000101015500ZZ,325.44,7,非药拉新必补（热门品拉新客）,120卷包邮倍适威 弹性绷带BSW-04 450cm*5cm 1卷
2026-04-29,拼团,1114647152,PX000100679500ZZ,70.8,1,非药商家热销品,72袋包邮海氏海诺 医用冰袋 无需冷藏Ⅱ型 120g
2026-04-29,拼团,1116384222,PX000000413400ZZ,94.0,1,夜间拼团（长期）【活动每天20点开始】,200片包邮艾暖 暖宝宝 暖贴(一次性发热贴)96mm*130mm*1片装
2026-04-29,拼团,1116500953,PX000100995500ZZ,164.0,1,非药拉新必补（热门品拉新客）,40瓶包邮爱心氧吧 便携式医用供氧器SFK-3 1000mL
2026-04-29,拼团,1117851229,PX00010049DR02,153.6,1,非药商家热销品,2台包邮倍尔康 非接触式红外体温计JXB-178*1台
2026-04-29,拼团,1137609363,PX001011445200ZZ,77.76,1,非药拉新必补（热门品拉新客）,48盒包邮倍适威 棉签BSW-02 8cm允许偏差±1cm 200支
2026-04-29,拼团,1143718286,PX000100981200ZZ,63.8,1,云闪付专区,5桶包邮金博 医用胶布A型1cm*1000cm*13卷
2026-04-29,拼团,1143769617,PX000000413400ZZ,48.0,1,非药新开商业成长提速（3月活动）,100片包邮艾暖 暖宝宝 暖贴(一次性发热贴)96mm*130mm*1片装
2026-04-29,拼团,1165942173,PX000000418200ZZ,224.65,1,非药新开商业成长提速（4月活动）,5盒包邮三诺 安稳+ 血糖测试条安稳+ 50支
2026-04-29,拼团,1165955610,PX000101258400ZZ,198.42,1,非药新开商业成长提速（4月活动）,2盒包邮甘李 秀霖笔 笔式胰岛素注射器XLB01E 1支
2026-04-29,拼团,1165964638,PX000101173000ZZ,263.0,1,非药新开商业成长提速（4月活动）,2台包邮欧姆龙 电子血压计HEM-7125J
2026-04-29,拼团,1187628674,PX00050373DR02,164.5,2,非药新开商业成长提速（4月活动）,10盒包邮艾暖 热敷贴96mm×130mm 5片
2026-04-30,拼团,1091213751,PX001011479000ZZ,517.8,5,非药拉新必补（热门品拉新客）,10包包邮海氏海诺 倍适威 医用护理垫成人专用型 60cm×90cm 10片
2026-04-30,拼团,1098527914,PX000000413400ZZ,141.0,3,非药拉新必补（热门品拉新客）,300片包邮艾暖 暖宝宝 暖贴(一次性发热贴)96mm*130mm*1片装
2026-04-30,拼团,1099546828,PX000100888300ZZ,65.5,1,非药店铺全天拼（长期链接重点报）,6包包邮倍适威 医用护理垫(成人拉拉裤)BKLLK-L码 60cm*73cm*10片
2026-04-30,拼团,1099548151,PX000100888400ZZ,71.65,1,非药店铺全天拼（长期链接重点报）,6包包邮海氏海诺 倍适威 医用护理垫(拉拉裤型)BKLLK-XL(69cm*80cm)*10片
2026-04-30,拼团,1104040150,PX000101259800ZZ,272.0,2,【周五非药日】-长期端口提报,120小袋包邮海氏海诺 医用棉签10cm 40支
2026-04-30,拼团,1113101906,PX000101163900ZZ,121.72,2,非药拉新必补（热门品拉新客）,2台包邮雅斯 臂式电子血压计JN-163D *1台
2026-04-30,拼团,1114638780,PX000101015500ZZ,176.28,3,非药拉新必补（热门品拉新客）,120卷包邮倍适威 弹性绷带BSW-04 450cm*5cm 1卷
2026-04-30,拼团,1137609363,PX001011445200ZZ,77.76,1,非药拉新必补（热门品拉新客）,48盒包邮倍适威 棉签BSW-02 8cm允许偏差±1cm 200支
2026-04-30,拼团,1143718286,PX000100981200ZZ,63.8,1,云闪付专区,5桶包邮金博 医用胶布A型1cm*1000cm*13卷
2026-04-30,拼团,1187628674,PX00050373DR02,54.5,1,非药新开商业成长提速（4月活动）,10盒包邮艾暖 热敷贴96mm×130mm 5片
2026-05-01,批购包邮,1118641290,PX000101225400ZZ,70.0,1,,10瓶包邮 海氏海诺 便携式氧气呼吸器LFBZ-1000 1000ml
2026-05-01,拼团,1091213751,PX001011479000ZZ,302.05,3,非药拉新必补（热门品拉新客）,10包包邮海氏海诺 倍适威 医用护理垫成人专用型 60cm×90cm 10片
2026-05-01,拼团,1098527914,PX000000413400ZZ,141.0,3,非药拉新必补（热门品拉新客）,300片包邮艾暖 暖宝宝 暖贴(一次性发热贴)96mm*130mm*1片装
2026-05-01,拼团,1110643158,PX000101172900ZZ,254.5,1,非药拉新必补（热门品拉新客）,2台包邮欧姆龙 电子血压计(手腕式)HEM-6160J*1台
2026-05-01,拼团,1113101906,PX000101163900ZZ,60.26,1,非药拉新必补（热门品拉新客）,2台包邮雅斯 臂式电子血压计JN-163D *1台
2026-05-01,拼团,1114638780,PX000101015500ZZ,257.64,5,非药拉新必补（热门品拉新客）,120卷包邮倍适威 弹性绷带BSW-04 450cm*5cm 1卷
2026-05-01,拼团,1116511586,PX000101015500ZZ,108.48,1,夜间拼团（长期）【活动每天20点开始】,48卷包邮倍适威 弹性绷带BSW-04 450cm*5cm 1卷
2026-05-01,拼团,1143769617,PX000000413400ZZ,48.0,1,非药新开商业成长提速（3月活动）,100片包邮艾暖 暖宝宝 暖贴(一次性发热贴)96mm*130mm*1片装
2026-05-01,拼团,1187630455,PX00050373DR02,56.0,1,【周五非药日】-长期端口提报,300片包邮艾暖 热敷贴96mm×130mm 5片
2026-05-02,拼团,1098527914,PX000000413400ZZ,47.0,1,非药拉新必补（热门品拉新客）,300片包邮艾暖 暖宝宝 暖贴(一次性发热贴)96mm*130mm*1片装
2026-05-02,拼团,1110642723,PX001011479000ZZ,44.2,1,非药拉新必补（热门品拉新客）,10包包邮倍适威 医用护理垫方型 60cm×90cm 10片
2026-05-02,拼团,1113101906,PX000101163900ZZ,243.44,4,非药拉新必补（热门品拉新客）,2台包邮雅斯 臂式电子血压计JN-163D *1台
2026-05-02,拼团,1113127552,PX000101163900ZZ,60.98,1,非药店铺全天拼（长期链接重点报）,2台包邮雅斯 臂式电子血压计JN-163D *1台
2026-05-02,拼团,1114638780,PX000101015500ZZ,81.36,2,非药拉新必补（热门品拉新客）,120卷包邮倍适威 弹性绷带BSW-04 450cm*5cm 1卷
2026-05-02,拼团,1118546952,PX00280116DR02,214.6,1,非药拉新必补（热门品拉新客）,10盒包邮雅斯 血糖试纸(电化学法)GLS-77 25片*2罐 罐装
2026-05-02,拼团,1136212347,PX000100679500ZZ,0.0,0,非药店铺全天拼（长期链接重点报）,144袋包邮倍适威 医用冰袋 无需冷藏Ⅱ型 120g
2026-05-02,拼团,1137606882,PX001011445200ZZ,104.64,1,云闪付专区,48盒包邮倍适威 棉签BSW-02 8cm允许偏差±1cm 200支
2026-05-02,拼团,1143230795,PX000100482000ZZ,48.0,1,云闪付专区,48袋包邮海氏海诺集团 艾暖 医用冰袋OPIS-BD-ll 120g*1袋
2026-05-02,拼团,1143671226,PX000000413200ZZ,90.0,1,【周五非药日】-长期端口提报,90小袋包邮海氏海诺 倍适威 外科纱布敷料纱布块 8cm*10cm 8层 5块
2026-05-02,拼团,1187630455,PX00050373DR02,110.8,1,【周五非药日】-长期端口提报,300片包邮艾暖 热敷贴96mm×130mm 5片
2026-05-02,拼团,1198691136,PX00050094DR02,51.98,1,非药拉新必补（热门品拉新客）,4盒包邮康祝 真空拔罐器B1X12
2026-05-02,拼团,994233005,PX00000038DR02,160.8,1,【周五非药日】-长期端口提报,8盒包邮艾科 灵睿 血糖测试条艾科?灵睿（On Call EZII） 25人份 单人份（8盒试纸送1台机子）
2026-05-03,批购包邮,1042357048,PX00000017DR02,220.0,1,,4盒包邮 三诺 智能血糖纸条智能型 50支/盒
2026-05-03,拼团,1032591271,PX00010049DR02,231.0,1,云闪付专区,3台包邮倍尔康 非接触式电子体温计JXB-178*1台
2026-05-03,拼团,1091213751,PX001011479000ZZ,302.05,3,非药拉新必补（热门品拉新客）,10包包邮海氏海诺 倍适威 医用护理垫成人专用型 60cm×90cm 10片
2026-05-03,拼团,1098527914,PX000000413400ZZ,282.0,6,非药拉新必补（热门品拉新客）,300片包邮艾暖 暖宝宝 暖贴(一次性发热贴)96mm*130mm*1片装
2026-05-03,拼团,1104040150,PX000101259800ZZ,68.0,1,【周五非药日】-长期端口提报,120小袋包邮海氏海诺 医用棉签10cm 40支
2026-05-03,拼团,1106072940,PX000100981200ZZ,41.28,1,非药商家热销品,5桶包邮金博 医用胶布A型1cm*1000cm*13卷
2026-05-03,拼团,1113101906,PX000101163900ZZ,60.86,1,非药拉新必补（热门品拉新客）,2台包邮雅斯 臂式电子血压计JN-163D *1台
2026-05-03,拼团,1114638767,PX000101015500ZZ,69.0,1,【周五非药日】-长期端口提报,48卷包邮倍适威 弹性绷带BSW-04 450cm*5cm 1卷
2026-05-03,拼团,1114638780,PX000101015500ZZ,230.52,4,非药拉新必补（热门品拉新客）,120卷包邮倍适威 弹性绷带BSW-04 450cm*5cm 1卷
2026-05-03,拼团,1137609363,PX001011445200ZZ,77.76,1,非药拉新必补（热门品拉新客）,48盒包邮倍适威 棉签BSW-02 8cm允许偏差±1cm 200支
2026-05-03,拼团,1143718286,PX000100981200ZZ,63.8,1,云闪付专区,5桶包邮金博 医用胶布A型1cm*1000cm*13卷
2026-05-03,拼团,1187630455,PX00050373DR02,111.4,2,【周五非药日】-长期端口提报,300片包邮艾暖 热敷贴96mm×130mm 5片
2026-05-04,拼团,1091213751,PX001011479000ZZ,517.8,5,非药拉新必补（热门品拉新客）,10包包邮海氏海诺 倍适威 医用护理垫成人专用型 60cm×90cm 10片
2026-05-04,拼团,1098527914,PX000000413400ZZ,329.0,7,非药拉新必补（热门品拉新客）,300片包邮艾暖 暖宝宝 暖贴(一次性发热贴)96mm*130mm*1片装
2026-05-04,拼团,1104040150,PX000101259800ZZ,28.8,1,【周五非药日】-长期端口提报,120小袋包邮海氏海诺 医用棉签10cm 40支
2026-05-04,拼团,1113101906,PX000101163900ZZ,60.86,1,非药拉新必补（热门品拉新客）,2台包邮雅斯 臂式电子血压计JN-163D *1台
2026-05-04,拼团,1113127552,PX000101163900ZZ,182.94,3,非药店铺全天拼（长期链接重点报）,2台包邮雅斯 臂式电子血压计JN-163D *1台
2026-05-04,拼团,1114638767,PX000101015500ZZ,55.2,1,【周五非药日】-长期端口提报,48卷包邮倍适威 弹性绷带BSW-04 450cm*5cm 1卷
2026-05-04,拼团,1114638780,PX000101015500ZZ,230.52,5,非药拉新必补（热门品拉新客）,120卷包邮倍适威 弹性绷带BSW-04 450cm*5cm 1卷
2026-05-04,拼团,1116384222,PX000000413400ZZ,47.0,1,夜间拼团（长期）【活动每天20点开始】,200片包邮艾暖 暖宝宝 暖贴(一次性发热贴)96mm*130mm*1片装
2026-05-04,拼团,1118546952,PX00280116DR02,429.2,2,非药拉新必补（热门品拉新客）,10盒包邮雅斯 血糖试纸(电化学法)GLS-77 25片*2罐 罐装
2026-05-04,拼团,1137606882,PX001011445200ZZ,104.64,1,云闪付专区,48盒包邮倍适威 棉签BSW-02 8cm允许偏差±1cm 200支
2026-05-04,拼团,1137609363,PX001011445200ZZ,103.68,1,非药拉新必补（热门品拉新客）,48盒包邮倍适威 棉签BSW-02 8cm允许偏差±1cm 200支
2026-05-04,拼团,1143671226,PX000000413200ZZ,90.0,1,【周五非药日】-长期端口提报,90小袋包邮海氏海诺 倍适威 外科纱布敷料纱布块 8cm*10cm 8层 5块
2026-05-04,拼团,1143718286,PX000100981200ZZ,63.8,1,云闪付专区,5桶包邮金博 医用胶布A型1cm*1000cm*13卷
2026-05-04,拼团,1143769617,PX000000413400ZZ,48.0,1,非药新开商业成长提速（3月活动）,100片包邮艾暖 暖宝宝 暖贴(一次性发热贴)96mm*130mm*1片装
2026-05-04,拼团,1187630455,PX00050373DR02,112.0,2,【周五非药日】-长期端口提报,300片包邮艾暖 热敷贴96mm×130mm 5片
2026-05-05,批购包邮,1118641290,PX000101225400ZZ,70.0,1,,10瓶包邮 海氏海诺 便携式氧气呼吸器LFBZ-1000 1000ml
2026-05-05,拼团,1032591271,PX00010049DR02,231.0,1,云闪付专区,3台包邮倍尔康 非接触式电子体温计JXB-178*1台
2026-05-05,拼团,1091213751,PX001011479000ZZ,345.2,3,非药拉新必补（热门品拉新客）,10包包邮海氏海诺 倍适威 医用护理垫成人专用型 60cm×90cm 10片
2026-05-05,拼团,1098527914,PX000000413400ZZ,329.0,7,非药拉新必补（热门品拉新客）,300片包邮艾暖 暖宝宝 暖贴(一次性发热贴)96mm*130mm*1片装
2026-05-05,拼团,1106612437,PX00000038DR02,160.0,1,非药热销起拼量曝光,8盒包邮艾科 灵睿 血糖测试条艾科?灵睿（On Call EZII） 25人份 单人份
2026-05-05,拼团,1113101906,PX000101163900ZZ,182.58,3,非药拉新必补（热门品拉新客）,2台包邮雅斯 臂式电子血压计JN-163D *1台
2026-05-05,拼团,1113127552,PX000101163900ZZ,304.9,4,非药店铺全天拼（长期链接重点报）,2台包邮雅斯 臂式电子血压计JN-163D *1台
2026-05-05,拼团,1114638780,PX000101015500ZZ,311.88,6,非药拉新必补（热门品拉新客）,120卷包邮倍适威 弹性绷带BSW-04 450cm*5cm 1卷
2026-05-05,拼团,1116384222,PX000000413400ZZ,47.0,1,夜间拼团（长期）【活动每天20点开始】,200片包邮艾暖 暖宝宝 暖贴(一次性发热贴)96mm*130mm*1片装
2026-05-05,拼团,1143718286,PX000100981200ZZ,63.8,1,云闪付专区,5桶包邮金博 医用胶布A型1cm*1000cm*13卷
2026-05-05,拼团,974385737,PX00000022DR02,142.2,1,非药店铺全天拼（长期链接重点报）,8盒包邮艾科 EZIII 血糖测试条艾科?EZIII（On Call EZIII） 50人份 筒装（4盒试纸送1台机子）
2026-05-06,拼团,1091213751,PX001011479000ZZ,388.35,4,非药拉新必补（热门品拉新客）,10包包邮海氏海诺 倍适威 医用护理垫成人专用型 60cm×90cm 10片
2026-05-06,拼团,1098527914,PX000000413400ZZ,375.0,8,非药拉新必补（热门品拉新客）,300片包邮艾暖 暖宝宝 暖贴(一次性发热贴)96mm*130mm*1片装
2026-05-06,拼团,1099548151,PX000100888400ZZ,71.65,1,非药店铺全天拼（长期链接重点报）,6包包邮海氏海诺 倍适威 医用护理垫(拉拉裤型)BKLLK-XL(69cm*80cm)*10片
2026-05-06,拼团,1113101906,PX000101163900ZZ,181.38,3,非药拉新必补（热门品拉新客）,2台包邮雅斯 臂式电子血压计JN-163D *1台
2026-05-06,拼团,1114638769,PX000101015500ZZ,56.64,1,非药店铺全天拼（长期链接重点报）,48卷包邮倍适威 弹性绷带BSW-04 450cm*5cm 1卷
2026-05-06,拼团,1114638780,PX000101015500ZZ,365.76,9,非药拉新必补（热门品拉新客）,120卷包邮倍适威 弹性绷带BSW-04 450cm*5cm 1卷
2026-05-06,拼团,1114647152,PX000100679500ZZ,106.2,1,非药商家热销品,72袋包邮海氏海诺 医用冰袋 无需冷藏Ⅱ型 120g
2026-05-06,拼团,1116496771,PX000100995500ZZ,46.5,1,非药店铺全天拼（长期链接重点报）,10瓶包邮爱心氧吧 便携式医用供氧器SFK-3 1000mL
2026-05-06,拼团,1116500953,PX000100995500ZZ,164.0,1,非药拉新必补（热门品拉新客）,40瓶包邮爱心氧吧 便携式医用供氧器SFK-3 1000mL
2026-05-06,拼团,1118546952,PX00280116DR02,429.2,2,非药拉新必补（热门品拉新客）,10盒包邮雅斯 血糖试纸(电化学法)GLS-77 25片*2罐 罐装
2026-05-06,拼团,1143230795,PX000100482000ZZ,138.0,1,云闪付专区,48袋包邮海氏海诺集团 艾暖 医用冰袋OPIS-BD-ll 120g*1袋
2026-05-06,拼团,1143671226,PX000000413200ZZ,90.0,1,【周五非药日】-长期端口提报,90小袋包邮海氏海诺 倍适威 外科纱布敷料纱布块 8cm*10cm 8层 5块
2026-05-06,拼团,1143718286,PX000100981200ZZ,382.4,3,云闪付专区,5桶包邮金博 医用胶布A型1cm*1000cm*13卷
2026-05-06,拼团,1187629539,PX00050373DR02,83.85,1,非药拉新必补（热门品拉新客）,20盒包邮艾暖 热敷贴96mm×130mm 5片
2026-05-07,拼团,1032663093,PX00000013DR02,297.4,1,非药拉新必补（热门品拉新客）,10盒包邮三诺 血糖试条安准型 50支 瓶装
2026-05-07,拼团,1091213751,PX001011479000ZZ,215.95,2,非药拉新必补（热门品拉新客）,10包包邮海氏海诺 倍适威 医用护理垫成人专用型 60cm×90cm 10片
2026-05-07,拼团,1098527914,PX000000413400ZZ,234.0,5,非药拉新必补（热门品拉新客）,300片包邮艾暖 暖宝宝 暖贴(一次性发热贴)96mm*130mm*1片装
2026-05-07,拼团,1113101906,PX000101163900ZZ,121.12,2,非药拉新必补（热门品拉新客）,2台包邮雅斯 臂式电子血压计JN-163D *1台
2026-05-07,拼团,1114638780,PX000101015500ZZ,717.24,12,非药拉新必补（热门品拉新客）,120卷包邮倍适威 弹性绷带BSW-04 450cm*5cm 1卷
2026-05-07,拼团,1116384222,PX000000413400ZZ,47.0,1,夜间拼团（长期）【活动每天20点开始】,200片包邮艾暖 暖宝宝 暖贴(一次性发热贴)96mm*130mm*1片装
2026-05-07,拼团,1116500953,PX000100995500ZZ,164.0,1,非药拉新必补（热门品拉新客）,40瓶包邮爱心氧吧 便携式医用供氧器SFK-3 1000mL
2026-05-07,拼团,1116511586,PX000101015500ZZ,67.8,1,夜间拼团（长期）【活动每天20点开始】,48卷包邮倍适威 弹性绷带BSW-04 450cm*5cm 1卷
2026-05-07,拼团,1118546952,PX00280116DR02,858.4,4,非药拉新必补（热门品拉新客）,10盒包邮雅斯 血糖试纸(电化学法)GLS-77 25片*2罐 罐装
2026-05-07,拼团,1143718286,PX000100981200ZZ,63.8,1,云闪付专区,5桶包邮金博 医用胶布A型1cm*1000cm*13卷
2026-05-07,拼团,1198691136,PX00050094DR02,52.5,1,非药拉新必补（热门品拉新客）,4盒包邮康祝 真空拔罐器B1X12
2026-05-07,拼团,1203607570,PX000000405600ZZ,226.26,1,非药拉新必补（热门品拉新客）,2台包邮鱼跃 臂式电子血压计YE655D *1台
2026-05-08,批购包邮,1173809438,PX00000009DR02,230.0,1,,5盒包邮 三诺 血糖试条安稳型 瓶装 50支
2026-05-08,拼团,1091213751,PX001011479000ZZ,86.5,1,非药拉新必补（热门品拉新客）,10包包邮海氏海诺 倍适威 医用护理垫成人专用型 60cm×90cm 10片
2026-05-08,拼团,1098527914,PX000000413400ZZ,235.0,5,非药拉新必补（热门品拉新客）,300片包邮艾暖 暖宝宝 暖贴(一次性发热贴)96mm*130mm*1片装
2026-05-08,拼团,1099548151,PX000100888400ZZ,143.3,2,非药店铺全天拼（长期链接重点报）,6包包邮海氏海诺 倍适威 医用护理垫(拉拉裤型)BKLLK-XL(69cm*80cm)*10片
2026-05-08,拼团,1104040150,PX000101259800ZZ,68.0,1,【周五非药日】-长期端口提报,120小袋包邮海氏海诺 医用棉签10cm 40支
2026-05-08,拼团,1106612437,PX00000038DR02,160.0,1,非药热销起拼量曝光,8盒包邮艾科 灵睿 血糖测试条艾科?灵睿（On Call EZII） 25人份 单人份
2026-05-08,拼团,1110642723,PX001011479000ZZ,155.34,2,非药拉新必补（热门品拉新客）,10包包邮倍适威 医用护理垫方型 60cm×90cm 10片
2026-05-08,拼团,1113101906,PX000101163900ZZ,242.24,4,非药拉新必补（热门品拉新客）,2台包邮雅斯 臂式电子血压计JN-163D *1台
2026-05-08,拼团,1113127552,PX000101163900ZZ,182.94,3,非药店铺全天拼（长期链接重点报）,2台包邮雅斯 臂式电子血压计JN-163D *1台
2026-05-08,拼团,1114638780,PX000101015500ZZ,378.6,9,非药拉新必补（热门品拉新客）,120卷包邮倍适威 弹性绷带BSW-04 450cm*5cm 1卷
2026-05-08,拼团,1116500953,PX000100995500ZZ,164.0,1,非药拉新必补（热门品拉新客）,40瓶包邮爱心氧吧 便携式医用供氧器SFK-3 1000mL
2026-05-08,拼团,1118546952,PX00280116DR02,429.2,2,非药拉新必补（热门品拉新客）,10盒包邮雅斯 血糖试纸(电化学法)GLS-77 25片*2罐 罐装
2026-05-08,拼团,1137609363,PX001011445200ZZ,116.64,1,非药拉新必补（热门品拉新客）,48盒包邮倍适威 棉签BSW-02 8cm允许偏差±1cm 200支
2026-05-08,拼团,1143672262,PX000000413200ZZ,118.8,1,非药拉新必补（热门品拉新客）,120小袋包邮海氏海诺 倍适威 外科纱布敷料纱布块 8cm*10cm 8层 5块
2026-05-08,拼团,1143672810,PX000000413200ZZ,90.0,1,夜间拼团（长期）【活动每天20点开始】,90小袋包邮海氏海诺 倍适威 外科纱布敷料纱布块 8cm*10cm 8层 5块
2026-05-08,拼团,1143718286,PX000100981200ZZ,63.8,1,云闪付专区,5桶包邮金博 医用胶布A型1cm*1000cm*13卷
2026-05-08,拼团,1143769617,PX000000413400ZZ,48.0,1,非药新开商业成长提速（3月活动）,100片包邮艾暖 暖宝宝 暖贴(一次性发热贴)96mm*130mm*1片装
2026-05-08,拼团,1203607570,PX000000405600ZZ,226.26,1,非药拉新必补（热门品拉新客）,2台包邮鱼跃 臂式电子血压计YE655D *1台
2026-05-08,拼团,974389887,PX00000038DR02,159.92,1,夜间拼团（长期）【活动每天20点开始】,8盒包邮艾科 灵睿 血糖测试条艾科?灵睿（On Call EZII） 25人份 单人份（8盒试纸送1台机子）
2026-05-08,拼团,994232997,PX00000038DR02,801.04,2,【周五非药日】-长期端口提报,8盒包邮艾科 灵睿 血糖测试条(葡萄糖氧化酶法)艾科?灵睿（On Call EZII） 25人份 单人份（8盒试纸送1台机子）
2026-05-09,拼团,1032663093,PX00000013DR02,297.4,1,非药拉新必补（热门品拉新客）,10盒包邮三诺 血糖试条安准型 50支 瓶装
2026-05-09,拼团,1091213751,PX001011479000ZZ,346.0,3,非药拉新必补（热门品拉新客）,10包包邮海氏海诺 倍适威 医用护理垫成人专用型 60cm×90cm 10片
2026-05-09,拼团,1098527914,PX000000413400ZZ,187.0,4,非药拉新必补（热门品拉新客）,300片包邮艾暖 暖宝宝 暖贴(一次性发热贴)96mm*130mm*1片装
2026-05-09,拼团,1098546392,PX00000022DR02,141.16,1,非药热销起拼量曝光,4盒包邮艾科 EZIII 血糖测试条艾科?EZIII（On Call EZIII） 50人份 筒装（4盒试纸送1台机子）
2026-05-09,拼团,1099548151,PX000100888400ZZ,214.95,2,非药店铺全天拼（长期链接重点报）,6包包邮海氏海诺 倍适威 医用护理垫(拉拉裤型)BKLLK-XL(69cm*80cm)*10片
2026-05-09,拼团,1106612437,PX00000038DR02,160.0,1,非药热销起拼量曝光,8盒包邮艾科 灵睿 血糖测试条艾科?灵睿（On Call EZII） 25人份 单人份
2026-05-09,拼团,1113101906,PX000101163900ZZ,242.84,4,非药拉新必补（热门品拉新客）,2台包邮雅斯 臂式电子血压计JN-163D *1台
2026-05-09,拼团,1114638780,PX000101015500ZZ,363.72,7,非药拉新必补（热门品拉新客）,120卷包邮倍适威 弹性绷带BSW-04 450cm*5cm 1卷
2026-05-09,拼团,1114645826,PX000100679500ZZ,36.6,1,【周五非药日】-长期端口提报,72袋包邮海氏海诺 医用冰袋 无需冷藏Ⅱ型 120g
2026-05-09,拼团,1118546952,PX00280116DR02,214.6,1,非药拉新必补（热门品拉新客）,10盒包邮雅斯 血糖试纸(电化学法)GLS-77 25片*2罐 罐装
2026-05-09,拼团,1198691136,PX00050094DR02,52.5,1,非药拉新必补（热门品拉新客）,4盒包邮康祝 真空拔罐器B1X12
2026-05-09,拼团,1203601390,PX000100482000ZZ,129.6,1,周末拼团5.9-5.10常规,144袋包邮海氏海诺集团 艾暖 医用冰袋OPIS-BD-ll 120g*1袋
2026-05-09,拼团,1203607570,PX000000405600ZZ,226.26,1,非药拉新必补（热门品拉新客）,2台包邮鱼跃 臂式电子血压计YE655D *1台
2026-05-09,拼团,1203742320,PX000100765500ZZ,98.4,1,周末拼团5.9-5.10常规,2盒包邮康祝 康祝真空拔罐器B1X24
2026-05-09,拼团,1207017866,PX000100998800ZZ,112.0,1,云闪付专区,3盒包邮海氏海诺 生理氯化钠溶液(英诺威系列)5ml*21支
2026-05-10,拼团,1091213751,PX001011479000ZZ,346.0,4,非药拉新必补（热门品拉新客）,10包包邮海氏海诺 倍适威 医用护理垫成人专用型 60cm×90cm 10片
2026-05-10,拼团,1098527914,PX000000413400ZZ,373.0,8,非药拉新必补（热门品拉新客）,300片包邮艾暖 暖宝宝 暖贴(一次性发热贴)96mm*130mm*1片装
2026-05-10,拼团,1106612437,PX00000038DR02,160.0,1,非药热销起拼量曝光,8盒包邮艾科 灵睿 血糖测试条艾科?灵睿（On Call EZII） 25人份 单人份
2026-05-10,拼团,1113101906,PX000101163900ZZ,181.98,3,非药拉新必补（热门品拉新客）,2台包邮雅斯 臂式电子血压计JN-163D *1台
2026-05-10,拼团,1114638780,PX000101015500ZZ,81.36,2,非药拉新必补（热门品拉新客）,120卷包邮倍适威 弹性绷带BSW-04 450cm*5cm 1卷
2026-05-10,拼团,1143718286,PX000100981200ZZ,63.8,1,云闪付专区,5桶包邮金博 医用胶布A型1cm*1000cm*13卷
2026-05-10,拼团,1198691136,PX00050094DR02,129.95,1,非药拉新必补（热门品拉新客）,4盒包邮康祝 真空拔罐器B1X12
2026-05-10,拼团,1203589447,PX000000405600ZZ,228.6,1,周末拼团5.9-5.10常规,2台包邮鱼跃 臂式电子血压计YE655D *1台
2026-05-10,拼团,1207017866,PX000100998800ZZ,224.0,1,云闪付专区,3盒包邮海氏海诺 生理氯化钠溶液(英诺威系列)5ml*21支
2026-05-11,批购包邮,1118641290,PX000101225400ZZ,139.7,2,,10瓶包邮 海氏海诺 便携式氧气呼吸器LFBZ-1000 1000ml
2026-05-11,拼团,1091213751,PX001011479000ZZ,346.0,4,非药拉新必补（热门品拉新客）,10包包邮海氏海诺 倍适威 医用护理垫成人专用型 60cm×90cm 10片
2026-05-11,拼团,1098527914,PX000000413400ZZ,140.0,3,非药拉新必补（热门品拉新客）,300片包邮艾暖 暖宝宝 暖贴(一次性发热贴)96mm*130mm*1片装
2026-05-11,拼团,1099499285,PX000101293500ZZ,365.0,1,【周五非药日】-长期端口提报,20盒包邮天福 脱敏糊剂120g/支
2026-05-11,拼团,1099548151,PX000100888400ZZ,143.3,2,非药店铺全天拼（长期链接重点报）,6包包邮海氏海诺 倍适威 医用护理垫(拉拉裤型)BKLLK-XL(69cm*80cm)*10片
2026-05-11,拼团,1104040150,PX000101259800ZZ,28.8,1,【周五非药日】-长期端口提报,120小袋包邮海氏海诺 医用棉签10cm 40支
2026-05-11,拼团,1113101906,PX000101163900ZZ,243.44,4,非药拉新必补（热门品拉新客）,2台包邮雅斯 臂式电子血压计JN-163D *1台
2026-05-11,拼团,1113127552,PX000101163900ZZ,335.39,4,非药店铺全天拼（长期链接重点报）,2台包邮雅斯 臂式电子血压计JN-163D *1台
2026-05-11,拼团,1114638780,PX000101015500ZZ,512.76,8,非药拉新必补（热门品拉新客）,120卷包邮倍适威 弹性绷带BSW-04 450cm*5cm 1卷
2026-05-11,拼团,1116500953,PX000100995500ZZ,162.4,1,非药拉新必补（热门品拉新客）,40瓶包邮爱心氧吧 便携式医用供氧器SFK-3 1000mL
2026-05-11,拼团,1118546952,PX00280116DR02,858.4,2,非药拉新必补（热门品拉新客）,10盒包邮雅斯 血糖试纸(电化学法)GLS-77 25片*2罐 罐装
2026-05-11,拼团,1143718286,PX000100981200ZZ,63.8,1,云闪付专区,5桶包邮金博 医用胶布A型1cm*1000cm*13卷
2026-05-11,拼团,1150328995,PX000101094100ZZ,186.0,1,非药店铺全天拼（长期链接重点报）,10瓶包邮振德 便携式氧气呼吸器LFBZ-1000 1000ml
2026-05-11,拼团,1165984027,PX000000418200ZZ,0.0,0,非药拉新必补（热门品拉新客）,2套包邮三诺 安稳+血糖仪套装(血糖仪/血糖测试条/一次性使用末梢采血针)安稳+*1台+安稳+50支*1盒+Ⅰ型 28G 50支
2026-05-11,拼团,1195611342,PX000101331500ZZ,81.6,1,云闪付专区,20包包邮倍适威 75%酒精卫生湿巾150mm*180mm*50片
2026-05-11,拼团,1198691136,PX00050094DR02,183.23,3,非药拉新必补（热门品拉新客）,4盒包邮康祝 真空拔罐器B1X12
2026-05-11,拼团,1203589447,PX000000405600ZZ,228.6,1,周末拼团5.9-5.10常规,2台包邮鱼跃 臂式电子血压计YE655D *1台
2026-05-11,拼团,1203601390,PX000100482000ZZ,129.6,1,周末拼团5.9-5.10常规,144袋包邮海氏海诺集团 艾暖 医用冰袋OPIS-BD-ll 120g*1袋
2026-05-11,拼团,1203607570,PX000000405600ZZ,226.26,1,非药拉新必补（热门品拉新客）,2台包邮鱼跃 臂式电子血压计YE655D *1台
2026-05-11,拼团,1203747800,PX000100765500ZZ,99.0,1,1盒包邮-非药长期拼团端口,2盒包邮康祝 康祝真空拔罐器B1X24
2026-05-11,拼团,1207017386,PX000100998800ZZ,112.0,1,夜间拼团（长期）【活动每天20点开始】,3盒包邮海氏海诺 生理氯化钠溶液(英诺威系列)5ml*21支
2026-05-11,拼团,974385726,PX00000038DR02,160.8,1,非药店铺全天拼（长期链接重点报）,8盒包邮艾科 灵睿 血糖测试条艾科?灵睿（On Call EZII） 25人份 单人份（8盒试纸送1台机子）
2026-05-11,拼团,994233021,PX000000418200ZZ,119.6,1,【周五非药日】-长期端口提报,2套包邮三诺 安稳+血糖仪套装(血糖仪/血糖测试条/一次性使用末梢采血针)安稳+*1台+安稳+50支*1盒+Ⅰ型 28G 50支
2026-05-12,拼团,1091213751,PX001011479000ZZ,173.0,1,非药拉新必补（热门品拉新客）,10包包邮海氏海诺 倍适威 医用护理垫成人专用型 60cm×90cm 10片
2026-05-12,拼团,1098527914,PX000000413400ZZ,47.0,1,非药拉新必补（热门品拉新客）,300片包邮艾暖 暖宝宝 暖贴(一次性发热贴)96mm*130mm*1片装
2026-05-12,拼团,1099548151,PX000100888400ZZ,917.12,6,非药店铺全天拼（长期链接重点报）,6包包邮海氏海诺 倍适威 医用护理垫(拉拉裤型)BKLLK-XL(69cm*80cm)*10片
2026-05-12,拼团,1113101906,PX000101163900ZZ,121.72,2,非药拉新必补（热门品拉新客）,2台包邮雅斯 臂式电子血压计JN-163D *1台
2026-05-12,拼团,1113127552,PX000101163900ZZ,152.45,2,非药店铺全天拼（长期链接重点报）,2台包邮雅斯 臂式电子血压计JN-163D *1台
2026-05-12,拼团,1114638767,PX000101015500ZZ,55.2,1,【周五非药日】-长期端口提报,48卷包邮倍适威 弹性绷带BSW-04 450cm*5cm 1卷
2026-05-12,拼团,1114638780,PX000101015500ZZ,122.04,3,非药拉新必补（热门品拉新客）,120卷包邮倍适威 弹性绷带BSW-04 450cm*5cm 1卷
2026-05-12,拼团,1116384222,PX000000413400ZZ,94.0,2,夜间拼团（长期）【活动每天20点开始】,200片包邮艾暖 暖宝宝 暖贴(一次性发热贴)96mm*130mm*1片装
2026-05-12,拼团,1116500953,PX000100995500ZZ,164.0,1,非药拉新必补（热门品拉新客）,40瓶包邮爱心氧吧 便携式医用供氧器SFK-3 1000mL
2026-05-12,拼团,1118546952,PX00280116DR02,214.6,1,非药拉新必补（热门品拉新客）,10盒包邮雅斯 血糖试纸(电化学法)GLS-77 25片*2罐 罐装
2026-05-12,拼团,1137609363,PX001011445200ZZ,168.48,2,非药拉新必补（热门品拉新客）,48盒包邮倍适威 棉签BSW-02 8cm允许偏差±1cm 200支
2026-05-12,拼团,1143228744,PX000100679500ZZ,56.16,1,云闪付专区,72袋包邮海氏海诺 医用冰袋 无需冷藏Ⅱ型 120g
2026-05-12,拼团,1143229944,PX000100482000ZZ,60.0,1,非药店铺全天拼（长期链接重点报）,60袋包邮海氏海诺集团 艾暖 医用冰袋OPIS-BD-ll 120g*1袋
2026-05-12,拼团,1143671226,PX000000413200ZZ,90.0,1,【周五非药日】-长期端口提报,90小袋包邮海氏海诺 倍适威 外科纱布敷料纱布块 8cm*10cm 8层 5块
2026-05-12,拼团,1143673579,PX000000413200ZZ,61.8,1,云闪付专区,60小袋包邮海氏海诺 倍适威 外科纱布敷料纱布块 8cm*10cm 8层 5块
2026-05-12,拼团,1207009031,PX000100998800ZZ,57.5,1,【周五非药日】-长期端口提报,4盒包邮海氏海诺 生理氯化钠溶液(英诺威系列)5ml*21支
2026-05-12,拼团,1209902830,PX000000405600ZZ,5859.36,22,非药周必补端口【5.12～5.18】,2台包邮鱼跃 臂式电子血压计YE655D *1台
2026-05-13,拼团,1091213751,PX001011479000ZZ,259.5,3,非药拉新必补（热门品拉新客）,10包包邮海氏海诺 倍适威 医用护理垫成人专用型 60cm×90cm 10片
2026-05-13,拼团,1113101906,PX000101163900ZZ,60.86,1,非药拉新必补（热门品拉新客）,2台包邮雅斯 臂式电子血压计JN-163D *1台
2026-05-13,拼团,1113127552,PX000101163900ZZ,213.43,3,非药店铺全天拼（长期链接重点报）,2台包邮雅斯 臂式电子血压计JN-163D *1台
2026-05-13,拼团,1114638767,PX000101015500ZZ,193.2,2,【周五非药日】-长期端口提报,48卷包邮倍适威 弹性绷带BSW-04 450cm*5cm 1卷
2026-05-13,拼团,1114638780,PX000101015500ZZ,339.0,7,非药拉新必补（热门品拉新客）,120卷包邮倍适威 弹性绷带BSW-04 450cm*5cm 1卷
2026-05-13,拼团,1116384222,PX000000413400ZZ,47.0,1,夜间拼团（长期）【活动每天20点开始】,200片包邮艾暖 暖宝宝 暖贴(一次性发热贴)96mm*130mm*1片装
2026-05-13,拼团,1116500953,PX000100995500ZZ,327.2,2,非药拉新必补（热门品拉新客）,40瓶包邮爱心氧吧 便携式医用供氧器SFK-3 1000mL
2026-05-13,拼团,1137609363,PX001011445200ZZ,77.76,1,非药拉新必补（热门品拉新客）,48盒包邮倍适威 棉签BSW-02 8cm允许偏差±1cm 200支
2026-05-13,拼团,1143230795,PX000100482000ZZ,48.0,1,云闪付专区,48袋包邮海氏海诺集团 艾暖 医用冰袋OPIS-BD-ll 120g*1袋
2026-05-13,拼团,1143718286,PX000100981200ZZ,63.8,1,云闪付专区,5桶包邮金博 医用胶布A型1cm*1000cm*13卷
2026-05-13,拼团,1143769617,PX000000413400ZZ,48.0,1,非药新开商业成长提速（3月活动）,100片包邮艾暖 暖宝宝 暖贴(一次性发热贴)96mm*130mm*1片装
2026-05-13,拼团,1150328995,PX000101094100ZZ,94.0,1,非药店铺全天拼（长期链接重点报）,10瓶包邮振德 便携式氧气呼吸器LFBZ-1000 1000ml
2026-05-13,拼团,1195611342,PX000101331500ZZ,122.4,1,云闪付专区,20包包邮倍适威 75%酒精卫生湿巾150mm*180mm*50片
2026-05-13,拼团,1198689978,PX00050094DR02,105.2,2,非药商家热销品,2盒包邮康祝 真空拔罐器B1X12
2026-05-13,拼团,1203742500,PX000100765500ZZ,98.58,1,非药拉新必补（热门品拉新客）,3盒包邮康祝 康祝真空拔罐器B1X24
2026-05-13,拼团,1207017866,PX000100998800ZZ,112.0,1,云闪付专区,3盒包邮海氏海诺 生理氯化钠溶液(英诺威系列)5ml*21支
2026-05-13,拼团,1209902830,PX000000405600ZZ,5156.28,18,非药周必补端口【5.12～5.18】,2台包邮鱼跃 臂式电子血压计YE655D *1台
2026-05-13,拼团,994233015,PX00000132DR02,138.5,1,【周五非药日】-长期端口提报,10盒包邮三诺 血糖试条GA-3型 50支 瓶装
2026-05-14,批购包邮,1210710866,PX000000424600ZZ,67.2,1,,48袋包邮 艾暖 医用冰袋OPIS-BD-II*200g
2026-05-14,拼团,1091213751,PX001011479000ZZ,86.5,1,非药拉新必补（热门品拉新客）,10包包邮海氏海诺 倍适威 医用护理垫成人专用型 60cm×90cm 10片
2026-05-14,拼团,1099548151,PX000100888400ZZ,171.96,1,非药店铺全天拼（长期链接重点报）,6包包邮海氏海诺 倍适威 医用护理垫(拉拉裤型)BKLLK-XL(69cm*80cm)*10片
2026-05-14,拼团,1113101906,PX000101163900ZZ,121.72,2,非药拉新必补（热门品拉新客）,2台包邮雅斯 臂式电子血压计JN-163D *1台
2026-05-14,拼团,1113127552,PX000101163900ZZ,121.96,1,非药店铺全天拼（长期链接重点报）,2台包邮雅斯 臂式电子血压计JN-163D *1台
2026-05-14,拼团,1114638767,PX000101015500ZZ,55.2,1,【周五非药日】-长期端口提报,48卷包邮倍适威 弹性绷带BSW-04 450cm*5cm 1卷
2026-05-14,拼团,1114638780,PX000101015500ZZ,122.04,3,非药拉新必补（热门品拉新客）,120卷包邮倍适威 弹性绷带BSW-04 450cm*5cm 1卷
2026-05-14,拼团,1116511586,PX000101015500ZZ,40.68,1,夜间拼团（长期）【活动每天20点开始】,48卷包邮倍适威 弹性绷带BSW-04 450cm*5cm 1卷
2026-05-14,拼团,1118546952,PX00280116DR02,214.6,1,非药拉新必补（热门品拉新客）,10盒包邮雅斯 血糖试纸(电化学法)GLS-77 25片*2罐 罐装
2026-05-14,拼团,1143229944,PX000100482000ZZ,60.0,1,非药店铺全天拼（长期链接重点报）,60袋包邮海氏海诺集团 艾暖 医用冰袋OPIS-BD-ll 120g*1袋
2026-05-14,拼团,1143718286,PX000100981200ZZ,63.8,1,云闪付专区,5桶包邮金博 医用胶布A型1cm*1000cm*13卷
2026-05-14,拼团,1143769617,PX000000413400ZZ,48.0,1,非药新开商业成长提速（3月活动）,100片包邮艾暖 暖宝宝 暖贴(一次性发热贴)96mm*130mm*1片装
2026-05-14,拼团,1150328995,PX000101094100ZZ,94.0,1,非药店铺全天拼（长期链接重点报）,10瓶包邮振德 便携式氧气呼吸器LFBZ-1000 1000ml
2026-05-14,拼团,1209885411,PX000101172900ZZ,254.33,2,非药周必补端口【5.12～5.18】,1台包邮欧姆龙 电子血压计(手腕式)HEM-6160J*1台
2026-05-14,拼团,1209902830,PX000000405600ZZ,3478.68,12,非药周必补端口【5.12～5.18】,2台包邮鱼跃 臂式电子血压计YE655D *1台
2026-05-15,拼团,1091213751,PX001011479000ZZ,346.0,3,非药拉新必补（热门品拉新客）,10包包邮海氏海诺 倍适威 医用护理垫成人专用型 60cm×90cm 10片
2026-05-15,拼团,1099548151,PX000100888400ZZ,71.65,1,非药店铺全天拼（长期链接重点报）,6包包邮海氏海诺 倍适威 医用护理垫(拉拉裤型)BKLLK-XL(69cm*80cm)*10片
2026-05-15,拼团,1104040150,PX000101259800ZZ,28.8,1,【周五非药日】-长期端口提报,120小袋包邮海氏海诺 医用棉签10cm 40支
2026-05-15,拼团,1113101906,PX000101163900ZZ,121.12,2,非药拉新必补（热门品拉新客）,2台包邮雅斯 臂式电子血压计JN-163D *1台
2026-05-15,拼团,1114638767,PX000101015500ZZ,55.2,1,【周五非药日】-长期端口提报,48卷包邮倍适威 弹性绷带BSW-04 450cm*5cm 1卷
2026-05-15,拼团,1114638780,PX000101015500ZZ,569.52,13,非药拉新必补（热门品拉新客）,120卷包邮倍适威 弹性绷带BSW-04 450cm*5cm 1卷
2026-05-15,拼团,1116384222,PX000000413400ZZ,47.0,1,夜间拼团（长期）【活动每天20点开始】,200片包邮艾暖 暖宝宝 暖贴(一次性发热贴)96mm*130mm*1片装
2026-05-15,拼团,1116500953,PX000100995500ZZ,163.6,1,非药拉新必补（热门品拉新客）,40瓶包邮爱心氧吧 便携式医用供氧器SFK-3 1000mL
2026-05-15,拼团,1116511586,PX000101015500ZZ,67.8,1,夜间拼团（长期）【活动每天20点开始】,48卷包邮倍适威 弹性绷带BSW-04 450cm*5cm 1卷
2026-05-15,拼团,1143228744,PX000100679500ZZ,56.16,1,云闪付专区,72袋包邮海氏海诺 医用冰袋 无需冷藏Ⅱ型 120g
2026-05-15,拼团,1143230795,PX000100482000ZZ,40.0,1,云闪付专区,48袋包邮海氏海诺集团 艾暖 医用冰袋OPIS-BD-ll 120g*1袋
2026-05-15,拼团,1143769617,PX000000413400ZZ,144.0,3,非药新开商业成长提速（3月活动）,100片包邮艾暖 暖宝宝 暖贴(一次性发热贴)96mm*130mm*1片装
2026-05-15,拼团,1209885411,PX000101172900ZZ,381.12,2,非药周必补端口【5.12～5.18】,1台包邮欧姆龙 电子血压计(手腕式)HEM-6160J*1台
2026-05-15,拼团,1209902830,PX000000405600ZZ,3822.12,15,非药周必补端口【5.12～5.18】,2台包邮鱼跃 臂式电子血压计YE655D *1台
2026-05-16,拼团,1091213751,PX001011479000ZZ,129.75,1,非药拉新必补（热门品拉新客）,10包包邮海氏海诺 倍适威 医用护理垫成人专用型 60cm×90cm 10片
2026-05-16,拼团,1099499285,PX000101293500ZZ,219.0,1,【周五非药日】-长期端口提报,20盒包邮天福 脱敏糊剂120g/支
2026-05-16,拼团,1113101906,PX000101163900ZZ,0.0,0,非药拉新必补（热门品拉新客）,2台包邮雅斯 臂式电子血压计JN-163D *1台
2026-05-16,拼团,1114638767,PX000101015500ZZ,55.2,1,【周五非药日】-长期端口提报,48卷包邮倍适威 弹性绷带BSW-04 450cm*5cm 1卷
2026-05-16,拼团,1114638780,PX000101015500ZZ,379.68,8,非药拉新必补（热门品拉新客）,120卷包邮倍适威 弹性绷带BSW-04 450cm*5cm 1卷
2026-05-16,拼团,1118546952,PX00280116DR02,214.6,1,非药拉新必补（热门品拉新客）,10盒包邮雅斯 血糖试纸(电化学法)GLS-77 25片*2罐 罐装
2026-05-16,拼团,1143673579,PX000000413200ZZ,61.8,1,云闪付专区,60小袋包邮海氏海诺 倍适威 外科纱布敷料纱布块 8cm*10cm 8层 5块
2026-05-16,拼团,1143769617,PX000000413400ZZ,48.0,1,非药新开商业成长提速（3月活动）,100片包邮艾暖 暖宝宝 暖贴(一次性发热贴)96mm*130mm*1片装
2026-05-16,拼团,1150328995,PX000101094100ZZ,94.0,1,非药店铺全天拼（长期链接重点报）,10瓶包邮振德 便携式氧气呼吸器LFBZ-1000 1000ml
2026-05-16,拼团,1195611342,PX000101331500ZZ,204.0,1,云闪付专区,20包包邮倍适威 75%酒精卫生湿巾150mm*180mm*50片
2026-05-16,拼团,1209902830,PX000000405600ZZ,3814.92,14,非药周必补端口【5.12～5.18】,2台包邮鱼跃 臂式电子血压计YE655D *1台
2026-05-16,拼团,974385758,PX00000073DR02,119.0,1,非药店铺全天拼（长期链接重点报）,2套包邮三诺 安稳+血糖仪套装(血糖仪/血糖测试条/一次性使用末梢采血针)安稳+*1台+安稳+50支*1盒+Ⅰ型 28G 50支
2026-05-17,拼团,1099548151,PX000100888400ZZ,143.3,2,非药店铺全天拼（长期链接重点报）,6包包邮海氏海诺 倍适威 医用护理垫(拉拉裤型)BKLLK-XL(69cm*80cm)*10片
2026-05-17,拼团,1104040150,PX000101259800ZZ,42.0,1,【周五非药日】-长期端口提报,120小袋包邮海氏海诺 医用棉签10cm 40支
2026-05-17,拼团,1106612437,PX00000038DR02,160.0,1,非药热销起拼量曝光,8盒包邮艾科 灵睿 血糖测试条艾科?灵睿（On Call EZII） 25人份 单人份
2026-05-17,拼团,1113101906,PX000101163900ZZ,121.12,2,非药拉新必补（热门品拉新客）,2台包邮雅斯 臂式电子血压计JN-163D *1台
2026-05-17,拼团,1114638780,PX000101015500ZZ,284.76,5,非药拉新必补（热门品拉新客）,120卷包邮倍适威 弹性绷带BSW-04 450cm*5cm 1卷
2026-05-17,拼团,1143673579,PX000000413200ZZ,61.8,1,云闪付专区,60小袋包邮海氏海诺 倍适威 外科纱布敷料纱布块 8cm*10cm 8层 5块
2026-05-17,拼团,1150328995,PX000101094100ZZ,94.0,1,非药店铺全天拼（长期链接重点报）,10瓶包邮振德 便携式氧气呼吸器LFBZ-1000 1000ml
2026-05-17,拼团,1198689978,PX00050094DR02,78.9,1,非药商家热销品,2盒包邮康祝 真空拔罐器B1X12
2026-05-17,拼团,1198691136,PX00050094DR02,51.98,1,非药拉新必补（热门品拉新客）,4盒包邮康祝 真空拔罐器B1X12
2026-05-17,拼团,1209885411,PX000101172900ZZ,381.12,2,非药周必补端口【5.12～5.18】,1台包邮欧姆龙 电子血压计(手腕式)HEM-6160J*1台
2026-05-17,拼团,1210825762,PX000101348400ZZ,0.0,0,非药店铺全天拼（长期链接重点报）,15盒包邮倍适威 专用洗鼻盐3.6g*40袋
2026-05-18,拼团,1032590577,PX00010049DR02,154.0,1,非药店铺全天拼（长期链接重点报）,2台包邮倍尔康 非接触式电子体温计JXB-178*1台
2026-05-18,拼团,1091213751,PX001011479000ZZ,86.5,1,非药拉新必补（热门品拉新客）,10包包邮海氏海诺 倍适威 医用护理垫成人专用型 60cm×90cm 10片
2026-05-18,拼团,1099548151,PX000100888400ZZ,71.65,1,非药店铺全天拼（长期链接重点报）,6包包邮海氏海诺 倍适威 医用护理垫(拉拉裤型)BKLLK-XL(69cm*80cm)*10片
2026-05-18,拼团,1106612437,PX00000038DR02,1760.0,2,非药热销起拼量曝光,8盒包邮艾科 灵睿 血糖测试条艾科?灵睿（On Call EZII） 25人份 单人份
2026-05-18,拼团,1113101906,PX000101163900ZZ,121.12,2,非药拉新必补（热门品拉新客）,2台包邮雅斯 臂式电子血压计JN-163D *1台
2026-05-18,拼团,1114638767,PX000101015500ZZ,124.2,2,【周五非药日】-长期端口提报,48卷包邮倍适威 弹性绷带BSW-04 450cm*5cm 1卷
2026-05-18,拼团,1114638780,PX000101015500ZZ,515.28,7,非药拉新必补（热门品拉新客）,120卷包邮倍适威 弹性绷带BSW-04 450cm*5cm 1卷
2026-05-18,拼团,1116500953,PX000100995500ZZ,163.6,1,非药拉新必补（热门品拉新客）,40瓶包邮爱心氧吧 便携式医用供氧器SFK-3 1000mL
2026-05-18,拼团,1118546952,PX00280116DR02,214.6,1,非药拉新必补（热门品拉新客）,10盒包邮雅斯 血糖试纸(电化学法)GLS-77 25片*2罐 罐装
2026-05-18,拼团,1137609363,PX001011445200ZZ,77.76,1,非药拉新必补（热门品拉新客）,48盒包邮倍适威 棉签BSW-02 8cm允许偏差±1cm 200支
2026-05-18,拼团,1143671226,PX000000413200ZZ,90.0,1,【周五非药日】-长期端口提报,90小袋包邮海氏海诺 倍适威 外科纱布敷料纱布块 8cm*10cm 8层 5块
2026-05-18,拼团,1143672810,PX000000413200ZZ,90.0,1,夜间拼团（长期）【活动每天20点开始】,90小袋包邮海氏海诺 倍适威 外科纱布敷料纱布块 8cm*10cm 8层 5块
2026-05-18,拼团,1210708713,PX000100482000ZZ,71.28,1,周末拼团5.16-5.17常规,72袋包邮海氏海诺集团 艾暖 医用冰袋OPIS-BD-ll 120g*1袋
2026-05-19,批购包邮,1104832504,PX000101308200ZZ,118.8,1,,12盒包邮 天福 脱敏糊剂61g/支
2026-05-19,拼团,1091213751,PX001011479000ZZ,86.5,1,非药拉新必补（热门品拉新客）,10包包邮海氏海诺 倍适威 医用护理垫成人专用型 60cm×90cm 10片
2026-05-19,拼团,1099506380,PX001011479000ZZ,88.0,1,非药店铺全天拼（长期链接重点报）,5包包邮海氏海诺 倍适威 医用护理垫成人专用型?60cm×90cm 10片
2026-05-19,拼团,1113127552,PX000101163900ZZ,121.96,2,非药店铺全天拼（长期链接重点报）,2台包邮雅斯 臂式电子血压计JN-163D *1台
2026-05-19,拼团,1114638780,PX000101015500ZZ,745.8,16,非药拉新必补（热门品拉新客）,120卷包邮倍适威 弹性绷带BSW-04 450cm*5cm 1卷
2026-05-19,拼团,1116511586,PX000101015500ZZ,40.68,1,夜间拼团（长期）【活动每天20点开始】,48卷包邮倍适威 弹性绷带BSW-04 450cm*5cm 1卷
2026-05-19,拼团,1118546952,PX00280116DR02,214.6,1,非药拉新必补（热门品拉新客）,10盒包邮雅斯 血糖试纸(电化学法)GLS-77 25片*2罐 罐装
2026-05-19,拼团,1143672262,PX000000413200ZZ,118.8,1,非药拉新必补（热门品拉新客）,120小袋包邮海氏海诺 倍适威 外科纱布敷料纱布块 8cm*10cm 8层 5块
2026-05-19,拼团,1143769617,PX000000413400ZZ,48.0,1,非药新开商业成长提速（3月活动）,100片包邮艾暖 暖宝宝 暖贴(一次性发热贴)96mm*130mm*1片装
2026-05-19,拼团,1198691136,PX00050094DR02,51.98,1,非药拉新必补（热门品拉新客）,4盒包邮康祝 真空拔罐器B1X12
2026-05-19,拼团,1218175277,PX00000009DR02,687.15,3,非药周必补端口【9.12～9.18】,5盒包邮三诺 安稳 血糖试条安稳型 50支/盒
2026-05-19,拼团,1218207946,PX000000405600ZZ,2368.17,11,非药周必补端口【9.12～9.18】,2台包邮鱼跃 臂式电子血压计YE655D *1台
2026-05-19,拼团,994233012,PX00000022DR02,425.76,1,【周五非药日】-长期端口提报,4盒包邮艾科 EZIII 血糖测试条艾科?EZIII（On Call EZIII） 50人份 筒装（4盒试纸送1台机子）
2026-05-20,批购包邮,1106070155,PX000100981200ZZ,130.0,1,,6桶包邮 金博 医用胶布A型1cm*1000cm*13卷
2026-05-20,拼团,1091213751,PX001011479000ZZ,431.6,4,非药拉新必补（热门品拉新客）,10包包邮海氏海诺 倍适威 医用护理垫成人专用型 60cm×90cm 10片
2026-05-20,拼团,1098527914,PX000000413400ZZ,92.0,1,非药拉新必补（热门品拉新客）,300片包邮艾暖 暖宝宝 暖贴(一次性发热贴)96mm*130mm*1片装
2026-05-20,拼团,1099548151,PX000100888400ZZ,286.6,3,非药店铺全天拼（长期链接重点报）,6包包邮海氏海诺 倍适威 医用护理垫(拉拉裤型)BKLLK-XL(69cm*80cm)*10片
2026-05-20,拼团,1114638780,PX000101015500ZZ,1084.8,19,非药拉新必补（热门品拉新客）,120卷包邮倍适威 弹性绷带BSW-04 450cm*5cm 1卷
2026-05-20,拼团,1118546952,PX00280116DR02,214.6,1,非药拉新必补（热门品拉新客）,10盒包邮雅斯 血糖试纸(电化学法)GLS-77 25片*2罐 罐装
2026-05-20,拼团,1137609363,PX001011445200ZZ,77.76,1,非药拉新必补（热门品拉新客）,48盒包邮倍适威 棉签BSW-02 8cm允许偏差±1cm 200支
2026-05-20,拼团,1143228744,PX000100679500ZZ,56.16,1,云闪付专区,72袋包邮海氏海诺 医用冰袋 无需冷藏Ⅱ型 120g
2026-05-20,拼团,1143230795,PX000100482000ZZ,0.0,0,云闪付专区,48袋包邮海氏海诺集团 艾暖 医用冰袋OPIS-BD-ll 120g*1袋
2026-05-20,拼团,1143671226,PX000000413200ZZ,90.0,1,【周五非药日】-长期端口提报,90小袋包邮海氏海诺 倍适威 外科纱布敷料纱布块 8cm*10cm 8层 5块
2026-05-20,拼团,1143769617,PX000000413400ZZ,48.0,1,非药新开商业成长提速（3月活动）,100片包邮艾暖 暖宝宝 暖贴(一次性发热贴)96mm*130mm*1片装
2026-05-20,拼团,1143802713,PX001011479000ZZ,97.57,2,非药新开商业成长提速（3月活动）,5包包邮海氏海诺 倍适威 医用护理垫成人专用型 60cm×90cm 10片
2026-05-20,拼团,1198689978,PX00050094DR02,105.2,1,非药商家热销品,2盒包邮康祝 真空拔罐器B1X12
2026-05-20,拼团,1198691136,PX00050094DR02,156.98,3,非药拉新必补（热门品拉新客）,4盒包邮康祝 真空拔罐器B1X12
2026-05-20,拼团,1218175277,PX00000009DR02,229.05,1,非药周必补端口【9.12～9.18】,5盒包邮三诺 安稳 血糖试条安稳型 50支/盒
2026-05-20,拼团,1218207946,PX000000405600ZZ,1580.34,7,非药周必补端口【9.12～9.18】,2台包邮鱼跃 臂式电子血压计YE655D *1台
2026-05-21,批购包邮,1106070155,PX000100981200ZZ,65.0,1,,6桶包邮 金博 医用胶布A型1cm*1000cm*13卷
2026-05-21,拼团,1091213751,PX001011479000ZZ,214.0,2,非药拉新必补（热门品拉新客）,10包包邮海氏海诺 倍适威 医用护理垫成人专用型 60cm×90cm 10片
2026-05-21,拼团,1099499285,PX000101293500ZZ,365.0,1,【周五非药日】-长期端口提报,20盒包邮天福 脱敏糊剂120g/支
2026-05-21,拼团,1104040150,PX000101259800ZZ,28.8,1,【周五非药日】-长期端口提报,120小袋包邮海氏海诺 医用棉签10cm 40支
2026-05-21,拼团,1106612437,PX00000038DR02,160.0,1,非药热销起拼量曝光,8盒包邮艾科 灵睿 血糖测试条艾科?灵睿（On Call EZII） 25人份 单人份
2026-05-21,拼团,1113101906,PX000101163900ZZ,91.29,2,非药拉新必补（热门品拉新客）,2台包邮雅斯 臂式电子血压计JN-163D *1台
2026-05-21,拼团,1114638780,PX000101015500ZZ,962.76,15,非药拉新必补（热门品拉新客）,120卷包邮倍适威 弹性绷带BSW-04 450cm*5cm 1卷
2026-05-21,拼团,1118546952,PX00280116DR02,643.8,2,非药拉新必补（热门品拉新客）,10盒包邮雅斯 血糖试纸(电化学法)GLS-77 25片*2罐 罐装
2026-05-21,拼团,1143230795,PX000100482000ZZ,52.92,1,云闪付专区,48袋包邮海氏海诺集团 艾暖 医用冰袋OPIS-BD-ll 120g*1袋
2026-05-21,拼团,1143672262,PX000000413200ZZ,118.8,1,非药拉新必补（热门品拉新客）,120小袋包邮海氏海诺 倍适威 外科纱布敷料纱布块 8cm*10cm 8层 5块
2026-05-21,拼团,1143769617,PX000000413400ZZ,48.0,1,非药新开商业成长提速（3月活动）,100片包邮艾暖 暖宝宝 暖贴(一次性发热贴)96mm*130mm*1片装
2026-05-21,拼团,1165984027,PX000000418200ZZ,118.0,1,非药拉新必补（热门品拉新客）,2套包邮三诺 安稳+血糖仪套装(血糖仪/血糖测试条/一次性使用末梢采血针)安稳+*1台+安稳+50支*1盒+Ⅰ型 28G 50支
2026-05-21,拼团,1195611342,PX000101331500ZZ,81.6,1,云闪付专区,20包包邮倍适威 75%酒精卫生湿巾150mm*180mm*50片
2026-05-21,拼团,1207015870,PX000100998800ZZ,121.0,2,非药店铺全天拼（长期链接重点报）,3盒包邮海氏海诺 生理氯化钠溶液(英诺威系列)5ml*21支
2026-05-21,拼团,1218207762,PX00010043DR02,280.44,1,非药周必补端口【9.12～9.18】,2台包邮欧姆龙 电子血压计(上臂式)HEM-7121
2026-05-21,拼团,1218207946,PX000000405600ZZ,1581.06,7,非药周必补端口【9.12～9.18】,2台包邮鱼跃 臂式电子血压计YE655D *1台
2026-05-21,拼团,974385737,PX00000022DR02,142.2,1,非药店铺全天拼（长期链接重点报）,8盒包邮艾科 EZIII 血糖测试条艾科?EZIII（On Call EZIII） 50人份 筒装（4盒试纸送1台机子）
2026-05-21,拼团,994232993,PX000011381600ZZ,0.0,0,【周五非药日】-长期端口提报,1台包邮雅斯 臂式电子血压计JN-163B *1台
2026-05-22,拼团,1106612437,PX00000038DR02,160.0,1,非药热销起拼量曝光,8盒包邮艾科 灵睿 血糖测试条艾科?灵睿（On Call EZII） 25人份 单人份
2026-05-22,拼团,1114638780,PX000101015500ZZ,555.96,10,非药拉新必补（热门品拉新客）,120卷包邮倍适威 弹性绷带BSW-04 450cm*5cm 1卷
2026-05-22,拼团,1116384222,PX000000413400ZZ,47.0,1,夜间拼团（长期）【活动每天20点开始】,200片包邮艾暖 暖宝宝 暖贴(一次性发热贴)96mm*130mm*1片装
2026-05-22,拼团,1118546952,PX00280116DR02,858.4,4,非药拉新必补（热门品拉新客）,10盒包邮雅斯 血糖试纸(电化学法)GLS-77 25片*2罐 罐装
2026-05-22,拼团,1137609363,PX001011445200ZZ,77.76,1,非药拉新必补（热门品拉新客）,48盒包邮倍适威 棉签BSW-02 8cm允许偏差±1cm 200支
2026-05-22,拼团,1143228623,PX001011425400ZZ,37.0,1,非药店铺全天拼（长期链接重点报）,30包包邮海氏海诺 倍适威 医用检查手套聚乙烯(PE)型 中号(M) 100只
2026-05-22,拼团,1143230795,PX000100482000ZZ,141.12,1,云闪付专区,48袋包邮海氏海诺集团 艾暖 医用冰袋OPIS-BD-ll 120g*1袋
2026-05-22,拼团,1143671226,PX000000413200ZZ,90.0,1,【周五非药日】-长期端口提报,90小袋包邮海氏海诺 倍适威 外科纱布敷料纱布块 8cm*10cm 8层 5块
2026-05-22,拼团,1143769617,PX000000413400ZZ,48.0,1,非药新开商业成长提速（3月活动）,100片包邮艾暖 暖宝宝 暖贴(一次性发热贴)96mm*130mm*1片装
2026-05-22,拼团,1165984027,PX000000418200ZZ,0.0,0,非药拉新必补（热门品拉新客）,2套包邮三诺 安稳+血糖仪套装(血糖仪/血糖测试条/一次性使用末梢采血针)安稳+*1台+安稳+50支*1盒+Ⅰ型 28G 50支
2026-05-22,拼团,1203742500,PX000100765500ZZ,147.87,1,非药拉新必补（热门品拉新客）,3盒包邮康祝 康祝真空拔罐器B1X24
2026-05-22,拼团,1207015870,PX000100998800ZZ,242.0,3,非药店铺全天拼（长期链接重点报）,3盒包邮海氏海诺 生理氯化钠溶液(英诺威系列)5ml*21支
2026-05-22,拼团,1207017866,PX000100998800ZZ,36.9,1,云闪付专区,3盒包邮海氏海诺 生理氯化钠溶液(英诺威系列)5ml*21支
2026-05-22,拼团,1218207946,PX000000405600ZZ,902.16,4,非药周必补端口【9.12～9.18】,2台包邮鱼跃 臂式电子血压计YE655D *1台
2026-05-23,拼团,1091213751,PX001011479000ZZ,601.0,5,非药拉新必补（热门品拉新客）,10包包邮海氏海诺 倍适威 医用护理垫成人专用型 60cm×90cm 10片
2026-05-23,拼团,1113101906,PX000101163900ZZ,121.72,2,非药拉新必补（热门品拉新客）,2台包邮雅斯 臂式电子血压计JN-163D *1台
2026-05-23,拼团,1114638780,PX000101015500ZZ,962.76,18,非药拉新必补（热门品拉新客）,120卷包邮倍适威 弹性绷带BSW-04 450cm*5cm 1卷
2026-05-23,拼团,1118546952,PX00280116DR02,429.2,2,非药拉新必补（热门品拉新客）,10盒包邮雅斯 血糖试纸(电化学法)GLS-77 25片*2罐 罐装
2026-05-23,拼团,1143230795,PX000100482000ZZ,94.08,2,云闪付专区,48袋包邮海氏海诺集团 艾暖 医用冰袋OPIS-BD-ll 120g*1袋
2026-05-23,拼团,1143671226,PX000000413200ZZ,180.0,2,【周五非药日】-长期端口提报,90小袋包邮海氏海诺 倍适威 外科纱布敷料纱布块 8cm*10cm 8层 5块
2026-05-23,拼团,1143769617,PX000000413400ZZ,96.0,1,非药新开商业成长提速（3月活动）,100片包邮艾暖 暖宝宝 暖贴(一次性发热贴)96mm*130mm*1片装
2026-05-23,拼团,1207015870,PX000100998800ZZ,302.5,5,非药店铺全天拼（长期链接重点报）,3盒包邮海氏海诺 生理氯化钠溶液(英诺威系列)5ml*21支
2026-05-23,拼团,1218207946,PX000000405600ZZ,451.08,2,非药周必补端口【9.12～9.18】,2台包邮鱼跃 臂式电子血压计YE655D *1台
2026-05-24,拼团,1091213751,PX001011479000ZZ,173.0,2,非药拉新必补（热门品拉新客）,10包包邮海氏海诺 倍适威 医用护理垫成人专用型 60cm×90cm 10片
2026-05-24,拼团,1098527914,PX000000413400ZZ,92.0,1,非药拉新必补（热门品拉新客）,300片包邮艾暖 暖宝宝 暖贴(一次性发热贴)96mm*130mm*1片装
2026-05-24,拼团,1098546392,PX00000022DR02,141.16,1,非药热销起拼量曝光,4盒包邮艾科 EZIII 血糖测试条艾科?EZIII（On Call EZIII） 50人份 筒装（4盒试纸送1台机子）
2026-05-24,拼团,1099499285,PX000101293500ZZ,547.5,1,【周五非药日】-长期端口提报,20盒包邮天福 脱敏糊剂120g/支
2026-05-24,拼团,1114638780,PX000101015500ZZ,569.52,13,非药拉新必补（热门品拉新客）,120卷包邮倍适威 弹性绷带BSW-04 450cm*5cm 1卷
2026-05-24,拼团,1114659890,PX000101277000ZZ,31.3,1,非药拉新必补（热门品拉新客）,5盒包邮海氏海诺 叶黄素蒸汽眼罩A291*8cm*18.5cm*10袋
2026-05-24,拼团,1118546952,PX00280116DR02,429.2,1,非药拉新必补（热门品拉新客）,10盒包邮雅斯 血糖试纸(电化学法)GLS-77 25片*2罐 罐装
2026-05-24,拼团,1137609363,PX001011445200ZZ,90.72,1,非药拉新必补（热门品拉新客）,48盒包邮倍适威 棉签BSW-02 8cm允许偏差±1cm 200支
2026-05-24,拼团,1143671226,PX000000413200ZZ,90.0,1,【周五非药日】-长期端口提报,90小袋包邮海氏海诺 倍适威 外科纱布敷料纱布块 8cm*10cm 8层 5块
2026-05-24,拼团,1143769617,PX000000413400ZZ,48.0,1,非药新开商业成长提速（3月活动）,100片包邮艾暖 暖宝宝 暖贴(一次性发热贴)96mm*130mm*1片装
2026-05-24,拼团,1207015870,PX000100998800ZZ,363.0,5,非药店铺全天拼（长期链接重点报）,3盒包邮海氏海诺 生理氯化钠溶液(英诺威系列)5ml*21支
2026-05-24,拼团,1210825762,PX000101348400ZZ,76.95,1,非药店铺全天拼（长期链接重点报）,15盒包邮倍适威 专用洗鼻盐3.6g*40袋
2026-05-25,拼团,1091213751,PX001011479000ZZ,259.5,2,非药拉新必补（热门品拉新客）,10包包邮海氏海诺 倍适威 医用护理垫成人专用型 60cm×90cm 10片
2026-05-25,拼团,1098574836,PX001011479000ZZ,91.0,1,非药热销起拼量曝光,10包包邮海氏海诺 倍适威 医用护理垫成人专用型 60cm×90cm 10片
2026-05-25,拼团,1099548151,PX000100888400ZZ,71.65,1,非药店铺全天拼（长期链接重点报）,6包包邮海氏海诺 倍适威 医用护理垫(拉拉裤型)BKLLK-XL(69cm*80cm)*10片
2026-05-25,拼团,1104040150,PX000101259800ZZ,57.6,2,【周五非药日】-长期端口提报,120小袋包邮海氏海诺 医用棉签10cm 40支
2026-05-25,拼团,1114638780,PX000101015500ZZ,718.68,15,非药拉新必补（热门品拉新客）,120卷包邮倍适威 弹性绷带BSW-04 450cm*5cm 1卷
2026-05-25,拼团,1116511586,PX000101015500ZZ,40.68,1,夜间拼团（长期）【活动每天20点开始】,48卷包邮倍适威 弹性绷带BSW-04 450cm*5cm 1卷
2026-05-25,拼团,1137609363,PX001011445200ZZ,77.76,1,非药拉新必补（热门品拉新客）,48盒包邮倍适威 棉签BSW-02 8cm允许偏差±1cm 200支
2026-05-25,拼团,1143672262,PX000000413200ZZ,118.8,1,非药拉新必补（热门品拉新客）,120小袋包邮海氏海诺 倍适威 外科纱布敷料纱布块 8cm*10cm 8层 5块
2026-05-25,拼团,1143718286,PX000100981200ZZ,127.6,2,云闪付专区,5桶包邮金博 医用胶布A型1cm*1000cm*13卷
2026-05-25,拼团,1143802713,PX001011479000ZZ,44.35,1,非药新开商业成长提速（3月活动）,5包包邮海氏海诺 倍适威 医用护理垫成人专用型 60cm×90cm 10片
2026-05-25,拼团,1166010595,PX000101293500ZZ,217.92,1,非药拉新必补（热门品拉新客）,20盒包邮天福 脱敏糊剂120g/支
2026-05-25,拼团,1195611342,PX000101331500ZZ,81.6,1,云闪付专区,20包包邮倍适威 75%酒精卫生湿巾150mm*180mm*50片
2026-05-25,拼团,1198691136,PX00050094DR02,52.5,1,非药拉新必补（热门品拉新客）,4盒包邮康祝 真空拔罐器B1X12
2026-05-25,拼团,1203607570,PX000000405600ZZ,2478.96,8,非药拉新必补（热门品拉新客）,2台包邮鱼跃 臂式电子血压计YE655D *1台
2026-05-25,拼团,1207015870,PX000100998800ZZ,181.5,2,非药店铺全天拼（长期链接重点报）,3盒包邮海氏海诺 生理氯化钠溶液(英诺威系列)5ml*21支
2026-05-25,拼团,1210825762,PX000101348400ZZ,40.5,1,非药店铺全天拼（长期链接重点报）,15盒包邮倍适威 专用洗鼻盐3.6g*40袋
2026-05-25,拼团,1218207762,PX00010043DR02,278.76,1,非药周必补端口【9.12～9.18】,2台包邮欧姆龙 电子血压计(上臂式)HEM-7121
2026-05-26,拼团,1091213751,PX001011479000ZZ,172.1,2,非药拉新必补（热门品拉新客）,10包包邮海氏海诺 倍适威 医用护理垫成人专用型 60cm×90cm 10片
2026-05-26,拼团,1098527914,PX000000413400ZZ,92.0,1,非药拉新必补（热门品拉新客）,300片包邮艾暖 暖宝宝 暖贴(一次性发热贴)96mm*130mm*1片装
2026-05-26,拼团,1114638780,PX000101015500ZZ,636.36,10,非药拉新必补（热门品拉新客）,120卷包邮倍适威 弹性绷带BSW-04 450cm*5cm 1卷
2026-05-26,拼团,1118546952,PX00280116DR02,427.1,2,非药拉新必补（热门品拉新客）,10盒包邮雅斯 血糖试纸(电化学法)GLS-77 25片*2罐 罐装
2026-05-26,拼团,1143230795,PX000100482000ZZ,148.98,3,云闪付专区,48袋包邮海氏海诺集团 艾暖 医用冰袋OPIS-BD-ll 120g*1袋
2026-05-26,拼团,1143769617,PX000000413400ZZ,48.0,1,非药新开商业成长提速（3月活动）,100片包邮艾暖 暖宝宝 暖贴(一次性发热贴)96mm*130mm*1片装
2026-05-26,拼团,1166010595,PX000101293500ZZ,217.92,1,非药拉新必补（热门品拉新客）,20盒包邮天福 脱敏糊剂120g/支
2026-05-26,拼团,1203607570,PX000000405600ZZ,4273.93,13,非药拉新必补（热门品拉新客）,2台包邮鱼跃 臂式电子血压计YE655D *1台
2026-05-26,拼团,1203742500,PX000100765500ZZ,98.5,1,非药拉新必补（热门品拉新客）,3盒包邮康祝 康祝真空拔罐器B1X24
2026-05-26,拼团,1203746973,PX000101331500ZZ,67.2,1,1盒包邮-非药长期拼团端口,10包包邮倍适威 75%酒精卫生湿巾150mm*180mm*50片
2026-05-26,拼团,1207015870,PX000100998800ZZ,60.5,1,非药店铺全天拼（长期链接重点报）,3盒包邮海氏海诺 生理氯化钠溶液(英诺威系列)5ml*21支
2026-05-27,拼团,1091213751,PX001011479000ZZ,173.0,2,非药拉新必补（热门品拉新客）,10包包邮海氏海诺 倍适威 医用护理垫成人专用型 60cm×90cm 10片
2026-05-27,拼团,1110650914,PX000101140700ZZ,115.0,1,夜间拼团（长期）【活动每天20点开始】,10盒包邮海氏海诺 一次性使用医用外科口罩无菌耳挂式平面形 17.5cm×9.5cm *50只
2026-05-27,拼团,1113101906,PX000101163900ZZ,0.0,0,非药拉新必补（热门品拉新客）,2台包邮雅斯 臂式电子血压计JN-163D *1台
2026-05-27,拼团,1114638780,PX000101015500ZZ,772.2,18,非药拉新必补（热门品拉新客）,120卷包邮倍适威 弹性绷带BSW-04 450cm*5cm 1卷
2026-05-27,拼团,1116511586,PX000101015500ZZ,40.68,1,夜间拼团（长期）【活动每天20点开始】,48卷包邮倍适威 弹性绷带BSW-04 450cm*5cm 1卷
2026-05-27,拼团,1118546952,PX00280116DR02,214.6,1,非药拉新必补（热门品拉新客）,10盒包邮雅斯 血糖试纸(电化学法)GLS-77 25片*2罐 罐装
2026-05-27,拼团,1137609363,PX001011445200ZZ,77.76,1,非药拉新必补（热门品拉新客）,48盒包邮倍适威 棉签BSW-02 8cm允许偏差±1cm 200支
2026-05-27,拼团,1143230795,PX000100482000ZZ,393.96,8,云闪付专区,48袋包邮海氏海诺集团 艾暖 医用冰袋OPIS-BD-ll 120g*1袋
2026-05-27,拼团,1198691136,PX00050094DR02,259.62,4,非药拉新必补（热门品拉新客）,4盒包邮康祝 真空拔罐器B1X12
2026-05-27,拼团,1203607570,PX000000405600ZZ,4160.12,15,非药拉新必补（热门品拉新客）,2台包邮鱼跃 臂式电子血压计YE655D *1台
2026-05-27,拼团,1207015870,PX000100998800ZZ,96.8,1,非药店铺全天拼（长期链接重点报）,3盒包邮海氏海诺 生理氯化钠溶液(英诺威系列)5ml*21支
2026-05-27,拼团,994232997,PX00000038DR02,320.32,1,【周五非药日】-长期端口提报,8盒包邮艾科 灵睿 血糖测试条(葡萄糖氧化酶法)艾科?灵睿（On Call EZII） 25人份 单人份（8盒试纸送1台机子）
2026-05-28,拼团,1091213751,PX001011479000ZZ,258.6,3,非药拉新必补（热门品拉新客）,10包包邮海氏海诺 倍适威 医用护理垫成人专用型 60cm×90cm 10片
2026-05-28,拼团,1099548151,PX000100888400ZZ,71.65,1,非药店铺全天拼（长期链接重点报）,6包包邮海氏海诺 倍适威 医用护理垫(拉拉裤型)BKLLK-XL(69cm*80cm)*10片
2026-05-28,拼团,1113101906,PX000101163900ZZ,242.88,4,非药拉新必补（热门品拉新客）,2台包邮雅斯 臂式电子血压计JN-163D *1台
2026-05-28,拼团,1114638780,PX000101015500ZZ,325.44,8,非药拉新必补（热门品拉新客）,120卷包邮倍适威 弹性绷带BSW-04 450cm*5cm 1卷
2026-05-28,拼团,1143228623,PX001011425400ZZ,37.0,1,非药店铺全天拼（长期链接重点报）,30包包邮海氏海诺 倍适威 医用检查手套聚乙烯(PE)型 中号(M) 100只
2026-05-28,拼团,1143230795,PX000100482000ZZ,457.38,5,云闪付专区,48袋包邮海氏海诺集团 艾暖 医用冰袋OPIS-BD-ll 120g*1袋
2026-05-28,拼团,1143718286,PX000100981200ZZ,63.8,1,云闪付专区,5桶包邮金博 医用胶布A型1cm*1000cm*13卷
2026-05-28,拼团,1143769617,PX000000413400ZZ,48.0,1,非药新开商业成长提速（3月活动）,100片包邮艾暖 暖宝宝 暖贴(一次性发热贴)96mm*130mm*1片装
2026-05-28,拼团,1195611342,PX000101331500ZZ,81.6,1,云闪付专区,20包包邮倍适威 75%酒精卫生湿巾150mm*180mm*50片
2026-05-28,拼团,1198691136,PX00050094DR02,182.28,2,非药拉新必补（热门品拉新客）,4盒包邮康祝 真空拔罐器B1X12
2026-05-28,拼团,1203607570,PX000000405600ZZ,4046.31,14,非药拉新必补（热门品拉新客）,2台包邮鱼跃 臂式电子血压计YE655D *1台
2026-05-28,拼团,1207015870,PX000100998800ZZ,121.0,2,非药店铺全天拼（长期链接重点报）,3盒包邮海氏海诺 生理氯化钠溶液(英诺威系列)5ml*21支
2026-05-29,拼团,1110650914,PX000101140700ZZ,115.0,1,夜间拼团（长期）【活动每天20点开始】,10盒包邮海氏海诺 一次性使用医用外科口罩无菌耳挂式平面形 17.5cm×9.5cm *50只
2026-05-29,拼团,1113101906,PX000101163900ZZ,182.16,3,非药拉新必补（热门品拉新客）,2台包邮雅斯 臂式电子血压计JN-163D *1台
2026-05-29,拼团,1114638780,PX000101015500ZZ,771.0,18,非药拉新必补（热门品拉新客）,120卷包邮倍适威 弹性绷带BSW-04 450cm*5cm 1卷
2026-05-29,拼团,1116500953,PX000100995500ZZ,413.09,3,非药拉新必补（热门品拉新客）,40瓶包邮爱心氧吧 便携式医用供氧器SFK-3 1000mL
2026-05-29,拼团,1137609363,PX001011445200ZZ,77.76,1,非药拉新必补（热门品拉新客）,48盒包邮倍适威 棉签BSW-02 8cm允许偏差±1cm 200支
2026-05-29,拼团,1143230795,PX000100482000ZZ,332.64,5,云闪付专区,48袋包邮海氏海诺集团 艾暖 医用冰袋OPIS-BD-ll 120g*1袋
2026-05-29,拼团,1198691136,PX00050094DR02,130.2,1,非药拉新必补（热门品拉新客）,4盒包邮康祝 真空拔罐器B1X12
2026-05-29,拼团,1203607570,PX000000405600ZZ,3703.75,11,非药拉新必补（热门品拉新客）,2台包邮鱼跃 臂式电子血压计YE655D *1台
2026-05-29,拼团,974385821,PX00010043DR02,305.8,1,非药店铺全天拼（长期链接重点报）,2台包邮欧姆龙 电子血压计HEM-7121
2026-05-30,拼团,1091213751,PX001011479000ZZ,129.75,1,非药拉新必补（热门品拉新客）,10包包邮海氏海诺 倍适威 医用护理垫成人专用型 60cm×90cm 10片
2026-05-30,拼团,1104040150,PX000101259800ZZ,28.8,1,【周五非药日】-长期端口提报,120小袋包邮海氏海诺 医用棉签10cm 40支
2026-05-30,拼团,1113101906,PX000101163900ZZ,60.72,1,非药拉新必补（热门品拉新客）,2台包邮雅斯 臂式电子血压计JN-163D *1台
2026-05-30,拼团,1114638767,PX000101015500ZZ,110.4,2,【周五非药日】-长期端口提报,48卷包邮倍适威 弹性绷带BSW-04 450cm*5cm 1卷
2026-05-30,拼团,1114638780,PX000101015500ZZ,1042.56,22,非药拉新必补（热门品拉新客）,120卷包邮倍适威 弹性绷带BSW-04 450cm*5cm 1卷
2026-05-30,拼团,1137606882,PX001011445200ZZ,130.8,1,云闪付专区,48盒包邮倍适威 棉签BSW-02 8cm允许偏差±1cm 200支
2026-05-30,拼团,1137609363,PX001011445200ZZ,77.76,1,非药拉新必补（热门品拉新客）,48盒包邮倍适威 棉签BSW-02 8cm允许偏差±1cm 200支
2026-05-30,拼团,1143230795,PX000100482000ZZ,48.0,1,云闪付专区,48袋包邮海氏海诺集团 艾暖 医用冰袋OPIS-BD-ll 120g*1袋
2026-05-30,拼团,1143672262,PX000000413200ZZ,117.6,1,非药拉新必补（热门品拉新客）,120小袋包邮海氏海诺 倍适威 外科纱布敷料纱布块 8cm*10cm 8层 5块
2026-05-30,拼团,1143769617,PX000000413400ZZ,48.0,1,非药新开商业成长提速（3月活动）,100片包邮艾暖 暖宝宝 暖贴(一次性发热贴)96mm*130mm*1片装
2026-05-30,拼团,1190374932,PX000100997900ZZ,63.0,1,【周五非药日】-长期端口提报,16盒包邮安迪美格 三角绷带纱布型96cm*96cm*136cm*1只装
2026-05-30,拼团,1203607570,PX000000405600ZZ,2356.11,10,非药拉新必补（热门品拉新客）,2台包邮鱼跃 臂式电子血压计YE655D *1台
2026-05-30,拼团,1207015870,PX000100998800ZZ,60.5,1,非药店铺全天拼（长期链接重点报）,3盒包邮海氏海诺 生理氯化钠溶液(英诺威系列)5ml*21支
2026-05-30,拼团,1227176625,PX000101140700ZZ,230.0,1,周末拼团5.30-5.31常规,10盒包邮海氏海诺 一次性使用医用外科口罩无菌耳挂式平面形 17.5cm×9.5cm *50只
2026-05-30,拼团,994233008,PX00000022DR02,284.0,1,【周五非药日】-长期端口提报,4盒包邮艾科 EZIII 血糖测试条(葡萄糖氧化酶法)艾科?EZIII（On Call EZIII） 50人份 筒装（4盒试纸送
