file_name,relative_path,file_type,file_size,modified_time,possible_version_group,read_status,sheet,rows,columns,fields,preview_masked,date_candidates,date_range,possible_grain,candidate_keys,duplicate_rows,has_formula,notes
26年非药运营&商务绩效5月.pptx,绩效与商家销售额汇总\01_绩效\26年非药运营&商务绩效5月.pptx,pptx,172488,2026-07-06T19:09:04,26年非药运营&商务绩效5月,INVENTORY_ONLY,,,,,,,,,,,,Metadata inventory only; non-spreadsheet content not parsed in this pass.
商业季度绩效.eml,绩效与商家销售额汇总\01_绩效\商业季度绩效.eml,eml,154967,2026-07-10T16:46:24,商业季度绩效,INVENTORY_ONLY,,,,,,,,,,,,Metadata inventory only; non-spreadsheet content not parsed in this pass.
绩效额外附加表格.xlsx,绩效与商家销售额汇总\01_绩效\绩效额外附加表格.xlsx,xlsx,9724,2026-06-01T11:12:44,绩效额外附加表格,READABLE,绩效指标参考,16,2,绩效计算表 | <blank_2>,有效新开数 | 对应每家计件奖金（元） || Y ≥5 | 400 || Y =4 | 300,,,unknown_pending_business_confirmation,,3,False,Workbook sheet profiled locally; no source rows copied to output.
非药商务绩效+热销价+商家进度统计_2026-05-25_sub_高运.xlsx,绩效与商家销售额汇总\01_绩效\非药商务绩效+热销价+商家进度统计_2026-05-25_sub_高运.xlsx,xlsx,202791,2026-05-25T13:24:31,非药商务绩效+热销价+商家进度统计_DATE_sub_高运,READABLE,总体目标,5,19,月份 | 商务对接人 | 非重点品增量gmv | 重点品增量gmv | 开店商业数 | 首单商业数 | 有效新开数 | 当月订单数 | 当月商家原因售后订单数 | 上月订单数 | 上月商家原因售后订单数 | 当月商家原因售后订单率 | 上月商家原因售后订单率 | 当月商家原因售后订单率环比 | 售后备注 | 补充新开系数 | 新开系数 | 对应每家计件奖金 | 破峰提成系数,2026-03 | 高运 | 1823.440000000002 | 212652.33 | 7 | 4 | 0.6000000000000001 | 76348 | 1434 | 61139 | 1277 | <PHONE_MASKED> | 0.02088683164592159 | <PHONE_MASKED> | 无事发生 | 0 | 0.6 | 0 | 0 || 2026-04 | 高运 | 40631.21000000004 | 590020.43 | 4 | 5 | 0.4 | 66568 | 1196 | 76348 | 1434 | <PHONE_MASKED> | <PHONE_MASKED> | -0.04343566553813449 | 无事发生 | 0 | 0.4 | 0 | 0 || 2026-02 | 高运 | 997.2699999999531 | 49572.48 | None | 1 | 1.2 | 62084 | 1285 | 85371 | 1635 | 0.02069776431930932 | <PHONE_MASKED> | <PHONE_MASKED> | 绩效扣除10% | 0 | 1.2 | 0 | 0,月份,月份:2026-01-01..2026-05-01,unknown_pending_business_confirmation,,0,False,Workbook sheet profiled locally; no source rows copied to output.
非药商务绩效+热销价+商家进度统计_2026-05-25_sub_高运.xlsx,绩效与商家销售额汇总\01_绩效\非药商务绩效+热销价+商家进度统计_2026-05-25_sub_高运.xlsx,xlsx,202791,2026-05-25T13:24:31,非药商务绩效+热销价+商家进度统计_DATE_sub_高运,READABLE,商业售后情况统计,18,8,月份 | 商务对接人1 | 当月订单数 | 当月商家原因售后订单数 | 上月订单数 | 上月商家原因售后订单数 | 当月商家原因售后订单率 | 上月商家原因售后订单率,202504 | 高运 | 94913 | 3540 | 99465 | 3774 | 0.03729731438264516 | 0.03794299502337506 || 202509 | 高运 | 83912 | 1866 | 84192 | 1672 | 0.02223758222900181 | <PHONE_MASKED> || 202412 | 高运 | 103462 | 3982 | 0 | 0 | 0.03848756065028706 | None,月份,月份:2024-12-01..2026-05-01,unknown_pending_business_confirmation,,0,False,Workbook sheet profiled locally; no source rows copied to output.
非药商务绩效+热销价+商家进度统计_2026-05-25_sub_高运.xlsx,绩效与商家销售额汇总\01_绩效\非药商务绩效+热销价+商家进度统计_2026-05-25_sub_高运.xlsx,xlsx,202791,2026-05-25T13:24:31,非药商务绩效+热销价+商家进度统计_DATE_sub_高运,READABLE,商业售后情况,1418,17,月份 | 供应商ID | 供应商名称 | 商业开店日期 | 当月订单数 | 上月订单数 | 当月售后订单数 | 上月售后订单数 | 当月商家原因售后订单数 | 上月商家原因售后订单数 | 商务对接人 | 供应商省份 | 运营名称 | 对应人 | 当月商家原因售后订单率 | 上月商家原因售后订单率 | 商家原因售后订单率环比,202506 | 1350 | 希尔康 | 20170814 | 1762 | 2241 | 118 | 134 | 70 | 88 | None | 四川省 | 高运 | 高运 | 0.03972758229284903 | 0.0392681838464971 | <PHONE_MASKED> || 202505 | 11905 | 贰美医疗 | 20230214 | 1859 | 1877 | 53 | 49 | 30 | 33 | None | 四川省 | 高运 | 高运 | <PHONE_MASKED> | <PHONE_MASKED> | <PHONE_MASKED> || 202602 | 21964 | 四川承泰仁商贸 | 20250619 | 350 | 396 | 12 | 6 | 3 | 1 | 高运 | 四川省 | None | 高运 | <PHONE_MASKED> | <ID_MASKED> | 2.394285714285714,月份 | 商业开店日期,月份:2024-12-01..2026-05-01 | 商业开店日期:2016-12-26..2026-05-18,unknown_pending_business_confirmation,供应商ID,0,False,Workbook sheet profiled locally; no source rows copied to output.
非药商务绩效+热销价+商家进度统计_2026-05-25_sub_高运.xlsx,绩效与商家销售额汇总\01_绩效\非药商务绩效+热销价+商家进度统计_2026-05-25_sub_高运.xlsx,xlsx,202791,2026-05-25T13:24:31,非药商务绩效+热销价+商家进度统计_DATE_sub_高运,READABLE,商业每月GMV,112,56,供应商ID | 供应商名称 | 供应商证件名称 | 供应商省份 | 供应商城市 | 商业类型 | 商业开店日期 | 商业首单日期 | 状态 | a202605 | a202604 | a202603 | a202602 | a202601 | a202512 | a202511 | a202510 | a202509 | a202508 | a202507 | a202506 | a202505 | a202504 | a202503 | a202502 | a202501 | a202412 | a202411 | a202410 | a202409 | a202408 | a202407 | a202406 | a202405 | a202404 | a202403 | a202402 | a202401 | a202312 | a202311 | a202310 | a202309 | a202308 | a202307 | a202306 | a202305 | a202304 | a202303 | a202302 | a202301 | 商务对接人 | 简称 | 运营名称 | 对应人 | 主店铺ID | 合并统计店铺,720 | 丽康琴保健品 | 四川丽康琴保健用品有限公司 | 四川省 | 成都市 | None | 20161226 | 20161230 | 有效 | 45940.83 | 58840.04 | 62467.27 | 70088.97 | 73712.78 | 72230.27 | 76806.85 | 87872.37 | 80322.08 | 89271.63 | 73174.31 | 78464.7 | 97959.95 | 124454.34 | 119142.63 | 107345.95 | 216985.04 | 150581.05 | 136574.85 | 136677.4 | 117741.45 | 132710.36 | 140849.12 | 176356.95 | 185884.52 | 190726.12 | 223305.45 | 107883.01 | 204531.16 | 179684.17 | 196952.79 | 175128.9 | 203764.25 | 206641.73 | 103920.98 | 134010.7 | 173251.53 | 135352.06 | 90928.92 | 70492.37 | 42698.89 | None | 丽康琴保健品 | 高运 | 高运 | 720 | 丽康琴保健品 || 1140 | 都尔东康 | 成都市尔东康商贸有限公司 | 四川省 | 成都市 | None | 20170620 | 20170622 | 有效 | 10032.2 | 8755 | 13328.92 | 12426.74 | 17911.74 | 12727.05 | 14072.88 | 13953.8 | 21033.3 | 10524.84 | 11677.14 | 14282.8 | 14085.48 | 15196.01 | 17008.05 | 20444.08 | 17273.34 | 14806.84 | 19474.04 | 24433.22 | 26263.16 | 27668.12 | 21594.92 | 15325.17 | 27544.12 | 17629.62 | 33861.84 | 25800.44 | 31221.48 | 38456.3 | 36813.98 | 35522.49 | 21204.53 | 15569.83 | 13538.42 | 24475.04 | 19688.57 | 25896.85 | 27909 | 59331.61 | 70780.94 | None | 都尔东康 | 高运 | 高运 | 1140 | 都尔东康 || 1142 | 普宁普慈 | 普宁市普慈医疗器械有限公司 | 广东省 | 揭阳市 | None | 20170620 | 20170628 | 有效 | 91629.28 | 65136.35 | 82024.43 | 72862.61 | 149577.84 | 198022.37 | 222823.29 | 145541.41 | 134313.87 | 144887.29 | 207450.55 | 190865.97 | 257435.33 | 265300.85 | 261222.86 | 224217.26 | 225821.26 | 307224.83 | 283024.62 | 258433.73 | 322827.73 | 383287.12 | 352134.91 | 384078.32 | 262181.09 | 248564.99 | 279775.63 | 194033.84 | 291853.49 | 335202.99 | 281698.8 | 284781.81 | 243603.64 | 271599.21 | 389289.37 | 345989.87 | 446453.14 | 354956.25 | 486720.85 | 529731.56 | 367291.87 | None | 普宁普慈 | 高运 | 高运 | 1142 | 普宁普慈,商业开店日期 | 商业首单日期,商业开店日期:2016-12-26..2026-05-18 | 商业首单日期:2016-12-30..2026-05-19,unknown_pending_business_confirmation,供应商ID | 主店铺ID,0,False,Workbook sheet profiled locally; no source rows copied to output.
非药商务绩效+热销价+商家进度统计_2026-05-25_sub_高运.xlsx,绩效与商家销售额汇总\01_绩效\非药商务绩效+热销价+商家进度统计_2026-05-25_sub_高运.xlsx,xlsx,202791,2026-05-25T13:24:31,非药商务绩效+热销价+商家进度统计_DATE_sub_高运,READABLE,新开商业情况,102,44,供应商ID | 商业开店日期 | 商业首单日期 | 供应商省份 | 状态 | 商业保证金 | 保证金余额 | business_scope | 主营业务关键词 | type_scope | busi_scope | 分类经营范围 | 商品经营范围 | 冻结状态 | 实时在架sku数 | 主店铺ID | 月份 | GMV | 之前月份的峰值 | 增量gmv | 在架天数5天以上sku数 | 日期_dt | 参考月份_dt | 月份_dt | 月份差 | 商务对接人 | 简称 | 供应商证件全称 | 运营名称 | 一线品牌品类gmv | 动销店数 | 分店GMV | 新开有效 | 非重点品gmv | 之前月份的非重点品峰值 | 之前月份的重点品峰值 | 非重点品增量gmv | 重点品增量gmv | 保证金水平 | 有效计件 | 商业类型 | 开店月份 | 首单月份 | 增量分享标记,"22679 | 20250829 | 20250917.0 | 江西省 | 有效 | 100000 | 100000 | 6,7,8,12,21 | 外用,生活用品,化妆品,计生用品,消毒用品 | None | 10,11,12,9 | None | 日用品,医疗器械（一类）,消毒产品,化妆品 | 0 | 35 | 22679 | 2026-05 | 22401.9 | 36585.54 | 0 | 35 | 2025-09-17 00:00:00 | 2025-10-17 00:00:00 | 2026-05-01 00:00:00 | 7 | 高运 | 江西古戈尔商贸 | 江西古戈尔商贸有限公司 | None | None | 272 | 22401.9 | 无效 | None | 0 | 0 | 0 | 0 | 100000 | 0 | 普通店 | 2025-08 | 2025-09 | 0 || 22862 | 20250918 | 20251017.0 | 四川省 | 有效 | 100000 | 99936.6 | 0,2,6,8,21,28 | 医疗器械,生活用品,计生用品,食品,消毒用品,保健品 | None | 19,16,12,11,10,9,8,6 | None | 日用品,医疗器械（一类）,食品,医疗器械（二类）,医疗器械（二类免备案）,... | 0 | 118 | 22862 | 2026-05 | 90271.63 | 476864.78 | 0 | 118 | 2025-10-17 00:00:00 | 2025-11-17 00:00:00 | 2026-05-01 00:00:00 | 6 | 高运 | 四川众恩德科技 | 四川众恩德科技有限公司 | None | 78043.93 | 794 | 90271.63 | 无效 | 12227.70000000001 | 40898.06 | 443561.94 | 0 | 0 | 100000 | 0 | 普通店 | 2025-09 | 2025-10 | 0 || 22917 | 20250925 | 20250926.0 | 四川省 | 有效 | 100000 | 98898.52 | 0,2,3,6,7,8 | 医疗器械,生活用品,化妆品,计生用品,营养品,保健品 | None | 19,16,12,11,10,9,8,6 | None | 日用品,医疗器械（一类）,食品,医疗器械（二类）,医疗器械（二类免备案）,... | 0 | 940 | 22917 | 2026-05 | 293830.81 | 558654.71 | 0 | 962 | 2025-09-26 00:00:00 | 2025-10-26 00:00:00 | 2026-05-01 00:00:00 | 7 | 高运 | 成都天蕊贸易 | 成都天蕊贸易有限公司 | None | 246644.21 | 1488 | 209784.72 | 无效 | 47186.60000000001 | 73409.32999999996 | 485245.38 | 0 | 0 | 100000 | 0 | 普通店 | 2025-09 | 2025-09 | 0",商业开店日期 | 商业首单日期 | 月份 | 日期_dt | 参考月份_dt | 月份_dt | 开店月份 | 首单月份,商业开店日期:2025-08-29..2026-05-21 | 商业首单日期:2025-09-17..2026-05-19 | 月份:2025-01-01..2026-05-01 | 日期_dt:2025-09-17..2026-05-19 | 参考月份_dt:2025-10-17..2026-06-19 | 月份_dt:2025-01-01..2026-05-01 | 开店月份:2025-08-01..2026-05-01 | 首单月份:2025-09-01..2026-05-01,unknown_pending_business_confirmation,供应商ID | 主店铺ID,0,False,Workbook sheet profiled locally; no source rows copied to output.
非药商务绩效+热销价+商家进度统计_2026-05-25_sub_高运.xlsx,绩效与商家销售额汇总\01_绩效\非药商务绩效+热销价+商家进度统计_2026-05-25_sub_高运.xlsx,xlsx,202791,2026-05-25T13:24:31,非药商务绩效+热销价+商家进度统计_DATE_sub_高运,READABLE,新开商业补充保证金情况,1,9,供应商ID | 月份 | 简称 | 状态 | 商务对接人 | 最新保证金水平 | 过去保证金水平 | 过去有效计件 | 补充新开系数,24732 | 2026-04 | 四川康福达医疗科技 | 有效 | 高运 | 20000 | 10000 | 0 | 0,月份,月份:2026-04-01..2026-04-01,unknown_pending_business_confirmation,供应商ID,0,False,Workbook sheet profiled locally; no source rows copied to output.
非药商务绩效+热销价+商家进度统计_2026-05-28_sub_高运.xlsx,绩效与商家销售额汇总\01_绩效\非药商务绩效+热销价+商家进度统计_2026-05-28_sub_高运.xlsx,xlsx,197434,2026-05-28T09:41:41,非药商务绩效+热销价+商家进度统计_DATE_sub_高运,READABLE,总体目标,5,21,月份 | 商务对接人 | 非重点品增量gmv | 重点品增量gmv | 新开6个月内5万商家数 | 开店商业数 | 首单商业数 | 品牌店开店商业数 | 有效新开数 | 当月订单数 | 当月商家原因售后订单数 | 上月订单数 | 上月商家原因售后订单数 | 当月商家原因售后订单率 | 上月商家原因售后订单率 | 当月商家原因售后订单率环比 | 售后备注 | 补充新开系数 | 新开系数 | 对应每家计件奖金 | 破峰提成系数,2026-04 | 高运 | 47499.22000000004 | 590020.43 | 5 | 4 | 5 | 1 | 0.4 | 66568 | 1203 | 76348 | 1440 | <PHONE_MASKED> | <PHONE_MASKED> | <PHONE_MASKED> | 无事发生 | 0 | 0.4 | 0 | 0 || 2026-03 | 高运 | 17360.19 | 212652.33 | 5 | 7 | 4 | None | 0.6000000000000001 | 76348 | 1440 | 61139 | 1279 | <PHONE_MASKED> | <PHONE_MASKED> | -0.09840267639150191 | 无事发生 | 0 | 0.6 | 0 | 0 || 2026-02 | 高运 | 11516.68999999996 | 49572.48 | 4 | None | 1 | None | 1.2 | 62084 | 1287 | 85371 | 1637 | 0.02072997873848334 | <PHONE_MASKED> | <PHONE_MASKED> | 绩效扣除10% | 0 | 1.2 | 0 | 0,月份,月份:2026-01-01..2026-05-01,unknown_pending_business_confirmation,,0,False,Workbook sheet profiled locally; no source rows copied to output.
非药商务绩效+热销价+商家进度统计_2026-05-28_sub_高运.xlsx,绩效与商家销售额汇总\01_绩效\非药商务绩效+热销价+商家进度统计_2026-05-28_sub_高运.xlsx,xlsx,197434,2026-05-28T09:41:41,非药商务绩效+热销价+商家进度统计_DATE_sub_高运,READABLE,商业售后情况统计,18,8,月份 | 商务对接人1 | 当月订单数 | 当月商家原因售后订单数 | 上月订单数 | 上月商家原因售后订单数 | 当月商家原因售后订单率 | 上月商家原因售后订单率,202605 | 高运 | 59984 | 805 | 66559 | 1203 | <PHONE_MASKED> | <PHONE_MASKED> || 202601 | 高运 | 85760 | 1643 | 88085 | 1815 | <PHONE_MASKED> | 0.02060509734915139 || 202501 | 高运 | 94405 | 3681 | 103402 | 3980 | <PHONE_MASKED> | 0.03849055144001083,月份,月份:2024-12-01..2026-05-01,unknown_pending_business_confirmation,,0,False,Workbook sheet profiled locally; no source rows copied to output.
非药商务绩效+热销价+商家进度统计_2026-05-28_sub_高运.xlsx,绩效与商家销售额汇总\01_绩效\非药商务绩效+热销价+商家进度统计_2026-05-28_sub_高运.xlsx,xlsx,197434,2026-05-28T09:41:41,非药商务绩效+热销价+商家进度统计_DATE_sub_高运,READABLE,商业售后情况,1418,17,月份 | 供应商ID | 供应商名称 | 商业开店日期 | 当月订单数 | 上月订单数 | 当月售后订单数 | 上月售后订单数 | 当月商家原因售后订单数 | 上月商家原因售后订单数 | 商务对接人 | 供应商省份 | 运营名称 | 对应人 | 当月商家原因售后订单率 | 上月商家原因售后订单率 | 商家原因售后订单率环比,202506 | 15756 | 四川瑾辉医疗器械 | 20231201 | 550 | 505 | 30 | 19 | 16 | 9 | None | 四川省 | 高运 | 高运 | 0.02909090909090909 | <PHONE_MASKED> | 0.6323232323232324 || 202505 | 3787 | 蓉易购 | 20200402 | 134 | 183 | 16 | 18 | 8 | 13 | None | 四川省 | 高运 | 高运 | <PHONE_MASKED> | <PHONE_MASKED> | <PHONE_MASKED> || 202605 | 2245 | 蒙特生物 | 20180613 | 440 | 550 | 14 | 14 | 7 | 11 | None | 四川省 | 高运 | 高运 | <PHONE_MASKED> | 0.02 | -0.2045454545454547,月份 | 商业开店日期,月份:2024-12-01..2026-05-01 | 商业开店日期:2016-12-26..2026-05-18,unknown_pending_business_confirmation,供应商ID,0,False,Workbook sheet profiled locally; no source rows copied to output.
非药商务绩效+热销价+商家进度统计_2026-05-28_sub_高运.xlsx,绩效与商家销售额汇总\01_绩效\非药商务绩效+热销价+商家进度统计_2026-05-28_sub_高运.xlsx,xlsx,197434,2026-05-28T09:41:41,非药商务绩效+热销价+商家进度统计_DATE_sub_高运,READABLE,商业每月GMV,112,56,供应商ID | 供应商名称 | 供应商证件名称 | 供应商省份 | 供应商城市 | 商业类型 | 商业开店日期 | 商业首单日期 | 状态 | a202605 | a202604 | a202603 | a202602 | a202601 | a202512 | a202511 | a202510 | a202509 | a202508 | a202507 | a202506 | a202505 | a202504 | a202503 | a202502 | a202501 | a202412 | a202411 | a202410 | a202409 | a202408 | a202407 | a202406 | a202405 | a202404 | a202403 | a202402 | a202401 | a202312 | a202311 | a202310 | a202309 | a202308 | a202307 | a202306 | a202305 | a202304 | a202303 | a202302 | a202301 | 商务对接人 | 简称 | 运营名称 | 对应人 | 主店铺ID | 合并统计店铺,720 | 丽康琴保健品 | 四川丽康琴保健用品有限公司 | 四川省 | 成都市 | None | 20161226 | 20161230 | 有效 | 51486.31 | 58840.04 | 62467.27 | 70088.97 | 73712.78 | 72230.27 | 76806.85 | 87872.37 | 80322.08 | 89271.63 | 73174.31 | 78464.7 | 97959.95 | 124454.34 | 119142.63 | 107345.95 | 216985.04 | 150581.05 | 136574.85 | 136677.4 | 117741.45 | 132710.36 | 140849.12 | 176356.95 | 185884.52 | 190726.12 | 223305.45 | 107883.01 | 204531.16 | 179684.17 | 196952.79 | 175128.9 | 203764.25 | 206641.73 | 103920.98 | 134010.7 | 173251.53 | 135352.06 | 90928.92 | 70492.37 | 42698.89 | None | 丽康琴保健品 | 高运 | 高运 | 720 | 丽康琴保健品 || 1140 | 都尔东康 | 成都市尔东康商贸有限公司 | 四川省 | 成都市 | None | 20170620 | 20170622 | 有效 | 10574.2 | 8755 | 13328.92 | 12426.74 | 17911.74 | 12727.05 | 14072.88 | 13953.8 | 21033.3 | 10524.84 | 11677.14 | 14282.8 | 14085.48 | 15196.01 | 17008.05 | 20444.08 | 17273.34 | 14806.84 | 19474.04 | 24433.22 | 26263.16 | 27668.12 | 21594.92 | 15325.17 | 27544.12 | 17629.62 | 33861.84 | 25800.44 | 31221.48 | 38456.3 | 36813.98 | 35522.49 | 21204.53 | 15569.83 | 13538.42 | 24475.04 | 19688.57 | 25896.85 | 27909 | 59331.61 | 70780.94 | None | 都尔东康 | 高运 | 高运 | 1140 | 都尔东康 || 1142 | 普宁普慈 | 普宁市普慈医疗器械有限公司 | 广东省 | 揭阳市 | None | 20170620 | 20170628 | 有效 | 103929.98 | 65136.35 | 82024.43 | 72862.61 | 149577.84 | 198022.37 | 222823.29 | 145541.41 | 134313.87 | 144887.29 | 207450.55 | 190865.97 | 257435.33 | 265300.85 | 261222.86 | 224217.26 | 225821.26 | 307224.83 | 283024.62 | 258433.73 | 322827.73 | 383287.12 | 352134.91 | 384078.32 | 262181.09 | 248564.99 | 279775.63 | 194033.84 | 291853.49 | 335202.99 | 281698.8 | 284781.81 | 243603.64 | 271599.21 | 389289.37 | 345989.87 | 446453.14 | 354956.25 | 486720.85 | 529731.56 | 367291.87 | None | 普宁普慈 | 高运 | 高运 | 1142 | 普宁普慈,商业开店日期 | 商业首单日期,商业开店日期:2016-12-26..2026-05-18 | 商业首单日期:2016-12-30..2026-05-19,unknown_pending_business_confirmation,供应商ID | 主店铺ID,0,False,Workbook sheet profiled locally; no source rows copied to output.
非药商务绩效+热销价+商家进度统计_2026-05-28_sub_高运.xlsx,绩效与商家销售额汇总\01_绩效\非药商务绩效+热销价+商家进度统计_2026-05-28_sub_高运.xlsx,xlsx,197434,2026-05-28T09:41:41,非药商务绩效+热销价+商家进度统计_DATE_sub_高运,READABLE,新开商业情况,102,29,供应商ID | 简称 | 供应商省份 | 状态 | 商业保证金 | 实时在架sku数 | 主店铺ID | 月份 | GMV | 之前月份的峰值 | 在架天数5天以上sku数 | 月份差 | 商务对接人 | 动销店数 | 分店GMV | 当月是否5万 | 新开有效 | 一线品牌品类gmv | 非重点品gmv | 之前月份的非重点品峰值 | 之前月份的重点品峰值 | 非重点品增量gmv | 重点品增量gmv | 保证金水平 | 有效计件 | 商业类型 | 开店月份 | 首单月份 | 增量分享标记,22679 | 江西古戈尔商贸 | 江西省 | 有效 | 100000 | 34 | 22679 | 2026-05 | 25373.1 | 36585.54 | 35 | 7 | 高运 | 297 | 25373.1 | 0 | 无效 | 0 | 25373.1 | 36585.54 | 0 | 0 | 0 | 100000 | 0 | 普通店 | 2025-08 | 2025-09 | 0 || 22862 | 四川众恩德科技 | 四川省 | 有效 | 100000 | 117 | 22862 | 2026-05 | 108114.19 | 476864.78 | 118 | 6 | 高运 | 925 | 108114.19 | 1 | 无效 | 92853.48999999999 | 15260.70000000001 | 40898.06 | 443561.94 | 0 | 0 | 100000 | 0 | 普通店 | 2025-09 | 2025-10 | 0 || 22917 | 成都天蕊贸易 | 四川省 | 有效 | 100000 | 944 | 22917 | 2026-05 | 325999.72 | 558654.71 | 965 | 7 | 高运 | 1639 | 232938.72 | 1 | 无效 | 273311.06 | 52688.65999999997 | 73409.32999999996 | 485245.38 | 0 | 0 | 100000 | 0 | 普通店 | 2025-09 | 2025-09 | 0,月份 | 开店月份 | 首单月份,月份:2025-01-01..2026-05-01 | 开店月份:2025-08-01..2026-05-01 | 首单月份:2025-09-01..2026-05-01,unknown_pending_business_confirmation,供应商ID | 主店铺ID,0,False,Workbook sheet profiled locally; no source rows copied to output.
非药商务绩效+热销价+商家进度统计_2026-05-28_sub_高运.xlsx,绩效与商家销售额汇总\01_绩效\非药商务绩效+热销价+商家进度统计_2026-05-28_sub_高运.xlsx,xlsx,197434,2026-05-28T09:41:41,非药商务绩效+热销价+商家进度统计_DATE_sub_高运,READABLE,医疗器械经营店,1,23,药店ID | 省份 | 市区 | full_name | 在药师帮注册日期 | 启用日期 | 药店首单日期 | BD | 是否添加微信 | 药采购权限审核通过日期 | 最近一次申请药采购权限时间 | 商务对接人 | 美团评级 | 商家组负责人 | 线索提供人* | 激励 | BD线索 | a202601 | a202602 | a202603 | a202604 | a202605 | 新开标签,3389366 | 重庆市 | 重庆市 | 重庆康美迪贸易有限公司 | 2024-08-27 14:21:20 | 2025-09-13 11:04:56 | 2025-11-13 14:23:27 | 唐雯琦 | 0 | 2025-09-13 11:04:56 | 2025-09-13 11:04:56 | 高运 | 0 | nan | nan | nan | nan | 0 | 0 | 0 | 0 | 0 | None,在药师帮注册日期 | 启用日期 | 药店首单日期 | 药采购权限审核通过日期 | 最近一次申请药采购权限时间,在药师帮注册日期:2024-08-27..2024-08-27 | 启用日期:2025-09-13..2025-09-13 | 药店首单日期:2025-11-13..2025-11-13 | 药采购权限审核通过日期:2025-09-13..2025-09-13 | 最近一次申请药采购权限时间:2025-09-13..2025-09-13,unknown_pending_business_confirmation,药店ID,0,False,Workbook sheet profiled locally; no source rows copied to output.
非药商务绩效+热销价+商家进度统计_2026-05-28_sub_高运.xlsx,绩效与商家销售额汇总\01_绩效\非药商务绩效+热销价+商家进度统计_2026-05-28_sub_高运.xlsx,xlsx,197434,2026-05-28T09:41:41,非药商务绩效+热销价+商家进度统计_DATE_sub_高运,READABLE,新开商业补充保证金情况,1,9,供应商ID | 月份 | 简称 | 状态 | 商务对接人 | 最新保证金水平 | 过去保证金水平 | 过去有效计件 | 补充新开系数,24732 | 2026-04 | 四川康福达医疗科技 | 有效 | 高运 | 20000 | 10000 | 0 | 0,月份,月份:2026-04-01..2026-04-01,unknown_pending_business_confirmation,供应商ID,0,False,Workbook sheet profiled locally; no source rows copied to output.
非药商务绩效+热销价+商家进度统计_2026-06-01_sub_高运.xlsx,绩效与商家销售额汇总\01_绩效\非药商务绩效+热销价+商家进度统计_2026-06-01_sub_高运.xlsx,xlsx,199272,2026-06-01T11:13:02,非药商务绩效+热销价+商家进度统计_DATE_sub_高运,READABLE,总体目标,6,21,月份 | 商务对接人 | 非重点品增量gmv | 重点品增量gmv | 新开6个月内5万商家数 | 开店商业数 | 首单商业数 | 品牌店开店商业数 | 有效新开数 | 当月订单数 | 当月商家原因售后订单数 | 上月订单数 | 上月商家原因售后订单数 | 当月商家原因售后订单率 | 上月商家原因售后订单率 | 当月商家原因售后订单率环比 | 售后备注 | 补充新开系数 | 新开系数 | 对应每家计件奖金 | 破峰提成系数,2026-04 | 高运 | 47499.22000000004 | 590020.43 | 5 | 4 | 5 | 1 | 0.4 | 66568 | 1215 | 76348 | 1445 | <PHONE_MASKED> | <PHONE_MASKED> | -0.03563689485351818 | 无事发生 | 0 | 0.4 | 0 | 0 || 2026-06 | 高运 | 700 | 0 | None | None | None | None | 0 | None | None | None | None | None | None | None | 0 | 0 | 0 | 0 | 0 || 2026-01 | 高运 | 66687.72000000003 | 268289.8700000001 | 3 | 2 | 1 | 1 | 0 | 85760 | 1646 | 88085 | 1815 | <PHONE_MASKED> | 0.02060509734915139 | -0.06852674900291933 | 无事发生 | 0 | 0 | 0 | 0,月份,月份:2026-01-01..2026-06-01,unknown_pending_business_confirmation,,0,False,Workbook sheet profiled locally; no source rows copied to output.
非药商务绩效+热销价+商家进度统计_2026-06-01_sub_高运.xlsx,绩效与商家销售额汇总\01_绩效\非药商务绩效+热销价+商家进度统计_2026-06-01_sub_高运.xlsx,xlsx,199272,2026-06-01T11:13:02,非药商务绩效+热销价+商家进度统计_DATE_sub_高运,READABLE,商业售后情况统计,18,8,月份 | 商务对接人1 | 当月订单数 | 当月商家原因售后订单数 | 上月订单数 | 上月商家原因售后订单数 | 当月商家原因售后订单率 | 上月商家原因售后订单率,202501 | 高运 | 94405 | 3681 | 103402 | 3980 | <PHONE_MASKED> | 0.03849055144001083 || 202605 | 高运 | 67892 | 964 | 66559 | 1215 | <PHONE_MASKED> | <PHONE_MASKED> || 202601 | 高运 | 85760 | 1646 | 88085 | 1815 | <PHONE_MASKED> | 0.02060509734915139,月份,月份:2024-12-01..2026-05-01,unknown_pending_business_confirmation,,0,False,Workbook sheet profiled locally; no source rows copied to output.
非药商务绩效+热销价+商家进度统计_2026-06-01_sub_高运.xlsx,绩效与商家销售额汇总\01_绩效\非药商务绩效+热销价+商家进度统计_2026-06-01_sub_高运.xlsx,xlsx,199272,2026-06-01T11:13:02,非药商务绩效+热销价+商家进度统计_DATE_sub_高运,READABLE,商业售后情况,1419,17,月份 | 供应商ID | 供应商名称 | 商业开店日期 | 当月订单数 | 上月订单数 | 当月售后订单数 | 上月售后订单数 | 当月商家原因售后订单数 | 上月商家原因售后订单数 | 商务对接人 | 供应商省份 | 运营名称 | 对应人 | 当月商家原因售后订单率 | 上月商家原因售后订单率 | 商家原因售后订单率环比,202506 | 2084 | 鲁鸿医疗 | 20180427 | 1893 | 2361 | 77 | 137 | 42 | 92 | None | 四川省 | 高运 | 高运 | <PHONE_MASKED> | 0.03896653960186362 | <PHONE_MASKED> || 202507 | 5379 | 四川长生康 | 20210915 | 682 | 753 | 26 | 33 | 9 | 13 | None | 四川省 | 高运 | 高运 | <PHONE_MASKED> | <PHONE_MASKED> | <PHONE_MASKED> || 202504 | 5379 | 四川长生康 | 20210915 | 1079 | 728 | 75 | 52 | 36 | 24 | None | 四川省 | 高运 | 高运 | 0.03336422613531047 | 0.03296703296703297 | <PHONE_MASKED>,月份 | 商业开店日期,月份:2024-12-01..2026-05-01 | 商业开店日期:2016-12-26..2026-05-28,unknown_pending_business_confirmation,供应商ID,0,False,Workbook sheet profiled locally; no source rows copied to output.
非药商务绩效+热销价+商家进度统计_2026-06-01_sub_高运.xlsx,绩效与商家销售额汇总\01_绩效\非药商务绩效+热销价+商家进度统计_2026-06-01_sub_高运.xlsx,xlsx,199272,2026-06-01T11:13:02,非药商务绩效+热销价+商家进度统计_DATE_sub_高运,READABLE,商业每月GMV,113,56,供应商ID | 供应商名称 | 供应商证件名称 | 供应商省份 | 供应商城市 | 商业类型 | 商业开店日期 | 商业首单日期 | 状态 | a202605 | a202604 | a202603 | a202602 | a202601 | a202512 | a202511 | a202510 | a202509 | a202508 | a202507 | a202506 | a202505 | a202504 | a202503 | a202502 | a202501 | a202412 | a202411 | a202410 | a202409 | a202408 | a202407 | a202406 | a202405 | a202404 | a202403 | a202402 | a202401 | a202312 | a202311 | a202310 | a202309 | a202308 | a202307 | a202306 | a202305 | a202304 | a202303 | a202302 | a202301 | 商务对接人 | 简称 | 运营名称 | 对应人 | 主店铺ID | 合并统计店铺,720 | 丽康琴保健品 | 四川丽康琴保健用品有限公司 | 四川省 | 成都市 | None | 20161226 | 20161230 | 有效 | 57593.14 | 58840.04 | 62467.27 | 70088.97 | 73712.78 | 72230.27 | 76806.85 | 87872.37 | 80322.08 | 89271.63 | 73174.31 | 78464.7 | 97959.95 | 124454.34 | 119142.63 | 107345.95 | 216985.04 | 150581.05 | 136574.85 | 136677.4 | 117741.45 | 132710.36 | 140849.12 | 176356.95 | 185884.52 | 190726.12 | 223305.45 | 107883.01 | 204531.16 | 179684.17 | 196952.79 | 175128.9 | 203764.25 | 206641.73 | 103920.98 | 134010.7 | 173251.53 | 135352.06 | 90928.92 | 70492.37 | 42698.89 | None | 丽康琴保健品 | 高运 | 高运 | 720 | 丽康琴保健品 || 1140 | 都尔东康 | 成都市尔东康商贸有限公司 | 四川省 | 成都市 | None | 20170620 | 20170622 | 有效 | 11236.7 | 8755 | 13328.92 | 12426.74 | 17911.74 | 12727.05 | 14072.88 | 13953.8 | 21033.3 | 10524.84 | 11677.14 | 14282.8 | 14085.48 | 15196.01 | 17008.05 | 20444.08 | 17273.34 | 14806.84 | 19474.04 | 24433.22 | 26263.16 | 27668.12 | 21594.92 | 15325.17 | 27544.12 | 17629.62 | 33861.84 | 25800.44 | 31221.48 | 38456.3 | 36813.98 | 35522.49 | 21204.53 | 15569.83 | 13538.42 | 24475.04 | 19688.57 | 25896.85 | 27909 | 59331.61 | 70780.94 | None | 都尔东康 | 高运 | 高运 | 1140 | 都尔东康 || 1142 | 普宁普慈 | 普宁市普慈医疗器械有限公司 | 广东省 | 揭阳市 | None | 20170620 | 20170628 | 有效 | 114177.14 | 65136.35 | 82024.43 | 72862.61 | 149577.84 | 198022.37 | 222823.29 | 145541.41 | 134313.87 | 144887.29 | 207450.55 | 190865.97 | 257435.33 | 265300.85 | 261222.86 | 224217.26 | 225821.26 | 307224.83 | 283024.62 | 258433.73 | 322827.73 | 383287.12 | 352134.91 | 384078.32 | 262181.09 | 248564.99 | 279775.63 | 194033.84 | 291853.49 | 335202.99 | 281698.8 | 284781.81 | 243603.64 | 271599.21 | 389289.37 | 345989.87 | 446453.14 | 354956.25 | 486720.85 | 529731.56 | 367291.87 | None | 普宁普慈 | 高运 | 高运 | 1142 | 普宁普慈,商业开店日期 | 商业首单日期,商业开店日期:2016-12-26..2026-05-28 | 商业首单日期:2016-12-30..2026-05-29,unknown_pending_business_confirmation,供应商ID | 主店铺ID,0,False,Workbook sheet profiled locally; no source rows copied to output.
非药商务绩效+热销价+商家进度统计_2026-06-01_sub_高运.xlsx,绩效与商家销售额汇总\01_绩效\非药商务绩效+热销价+商家进度统计_2026-06-01_sub_高运.xlsx,xlsx,199272,2026-06-01T11:13:02,非药商务绩效+热销价+商家进度统计_DATE_sub_高运,READABLE,新开商业情况,115,29,供应商ID | 简称 | 供应商省份 | 状态 | 商业保证金 | 实时在架sku数 | 主店铺ID | 月份 | GMV | 之前月份的峰值 | 在架天数5天以上sku数 | 月份差 | 商务对接人 | 动销店数 | 分店GMV | 当月是否5万 | 新开有效 | 一线品牌品类gmv | 非重点品gmv | 之前月份的非重点品峰值 | 之前月份的重点品峰值 | 非重点品增量gmv | 重点品增量gmv | 保证金水平 | 有效计件 | 商业类型 | 开店月份 | 首单月份 | 增量分享标记,22679 | 江西古戈尔商贸 | 江西省 | 有效 | 100000 | 34 | 22679 | 2026-06 | 61.6 | 36585.54 | None | 8 | 高运 | 1 | 61.6 | 0 | 无效 | 0 | 61.6 | 36585.54 | 0 | 0 | 0 | 100000 | 0 | 普通店 | 2025-08 | 2025-09 | 0 || 22862 | 四川众恩德科技 | 四川省 | 有效 | 100000 | 117 | 22862 | 2026-06 | 165.48 | 476864.78 | None | 7 | 高运 | 4 | 165.48 | 0 | 无效 | 0 | 165.48 | 40898.06 | 443561.94 | 0 | 0 | 100000 | 0 | 普通店 | 2025-09 | 2025-10 | 0 || 22917 | 成都天蕊贸易 | 四川省 | 有效 | 100000 | 951 | 22917 | 2026-06 | 1386.5 | 558654.71 | None | 8 | 高运 | 4 | 1117 | 0 | 无效 | 0 | 1386.5 | 73409.32999999996 | 485245.38 | 0 | 0 | 100000 | 0 | 普通店 | 2025-09 | 2025-09 | 0,月份 | 开店月份 | 首单月份,月份:2025-01-01..2026-06-01 | 开店月份:2025-08-01..2026-05-01 | 首单月份:2025-09-01..2026-05-01,unknown_pending_business_confirmation,供应商ID | 主店铺ID,0,False,Workbook sheet profiled locally; no source rows copied to output.
非药商务绩效+热销价+商家进度统计_2026-06-01_sub_高运.xlsx,绩效与商家销售额汇总\01_绩效\非药商务绩效+热销价+商家进度统计_2026-06-01_sub_高运.xlsx,xlsx,199272,2026-06-01T11:13:02,非药商务绩效+热销价+商家进度统计_DATE_sub_高运,READABLE,医疗器械经营店,1,23,药店ID | 省份 | 市区 | full_name | 在药师帮注册日期 | 启用日期 | 药店首单日期 | BD | 是否添加微信 | 药采购权限审核通过日期 | 最近一次申请药采购权限时间 | 商务对接人 | 美团评级 | 商家组负责人 | 线索提供人* | 激励 | BD线索 | a202601 | a202602 | a202603 | a202604 | a202605 | 新开标签,3389366 | 重庆市 | 重庆市 | 重庆康美迪贸易有限公司 | 2024-08-27 14:21:20 | 2025-09-13 11:04:56 | 2025-11-13 14:23:27 | 唐雯琦 | 0 | 2025-09-13 11:04:56 | 2025-09-13 11:04:56 | 高运 | 0 | nan | nan | nan | nan | 0 | 0 | 0 | 0 | 0 | None,在药师帮注册日期 | 启用日期 | 药店首单日期 | 药采购权限审核通过日期 | 最近一次申请药采购权限时间,在药师帮注册日期:2024-08-27..2024-08-27 | 启用日期:2025-09-13..2025-09-13 | 药店首单日期:2025-11-13..2025-11-13 | 药采购权限审核通过日期:2025-09-13..2025-09-13 | 最近一次申请药采购权限时间:2025-09-13..2025-09-13,unknown_pending_business_confirmation,药店ID,0,False,Workbook sheet profiled locally; no source rows copied to output.
非药商务绩效+热销价+商家进度统计_2026-06-01_sub_高运.xlsx,绩效与商家销售额汇总\01_绩效\非药商务绩效+热销价+商家进度统计_2026-06-01_sub_高运.xlsx,xlsx,199272,2026-06-01T11:13:02,非药商务绩效+热销价+商家进度统计_DATE_sub_高运,READABLE,新开商业补充保证金情况,1,9,供应商ID | 月份 | 简称 | 状态 | 商务对接人 | 最新保证金水平 | 过去保证金水平 | 过去有效计件 | 补充新开系数,24732 | 2026-04 | 四川康福达医疗科技 | 有效 | 高运 | 20000 | 10000 | 0 | 0,月份,月份:2026-04-01..2026-04-01,unknown_pending_business_confirmation,供应商ID,0,False,Workbook sheet profiled locally; no source rows copied to output.
非药商务绩效+热销价+商家进度统计_2026-07-01_sub_高运 (1).xlsx,绩效与商家销售额汇总\01_绩效\非药商务绩效+热销价+商家进度统计_2026-07-01_sub_高运 (1).xlsx,xlsx,78475,2026-07-06T16:49:29,非药商务绩效+热销价+商家进度统计_DATE_sub_高运,READABLE,总体目标,7,21,月份 | 商务对接人 | 非重点品增量gmv | 重点品增量gmv | 新开6个月内5万商家数 | 开店商业数 | 首单商业数 | 品牌店开店商业数 | 有效新开数 | 当月订单数 | 当月商家原因售后订单数 | 上月订单数 | 上月商家原因售后订单数 | 当月商家原因售后订单率 | 上月商家原因售后订单率 | 当月商家原因售后订单率环比 | 售后备注 | 补充新开系数 | 新开系数 | 对应每家计件奖金 | 破峰提成系数,2026-03 | 高运 | 16811.79 | 188012.21 | 5 | 7 | 4 | None | 0.6000000000000001 | 13028 | 190 | 9071 | 149 | <PHONE_MASKED> | <PHONE_MASKED> | <PHONE_MASKED> | 无事发生 | 0 | 0.6 | 0 | 0 || 2026-06 | 高运 | 73639.70000000001 | 338285.41 | 7 | 6 | 7 | 1 | 3.600000000000001 | 18602 | 362 | 15661 | 341 | <PHONE_MASKED> | <PHONE_MASKED> | <PHONE_MASKED> | 无事发生 | 0 | 3.6 | 200 | 0.5 || 2026-01 | 高运 | 66843.96000000004 | 268649.8700000001 | 3 | 2 | 1 | 1 | 0 | 9013 | 115 | 5854 | 81 | <PHONE_MASKED> | <PHONE_MASKED> | <PHONE_MASKED> | 无事发生 | 0 | 0 | 0 | 0,月份,月份:2026-01-01..2026-07-01,unknown_pending_business_confirmation,,0,False,Workbook sheet profiled locally; no source rows copied to output.
非药商务绩效+热销价+商家进度统计_2026-07-01_sub_高运 (1).xlsx,绩效与商家销售额汇总\01_绩效\非药商务绩效+热销价+商家进度统计_2026-07-01_sub_高运 (1).xlsx,xlsx,78475,2026-07-06T16:49:29,非药商务绩效+热销价+商家进度统计_DATE_sub_高运,READABLE,商业售后情况统计,19,8,月份 | 商务对接人1 | 当月订单数 | 当月商家原因售后订单数 | 上月订单数 | 上月商家原因售后订单数 | 当月商家原因售后订单率 | 上月商家原因售后订单率,202509 | 高运 | 1268 | 28 | 1275 | 23 | 0.0220820189274448 | <PHONE_MASKED> || 202412 | 高运 | 596 | 26 | 0 | 0 | 0.0436241610738255 | None || 202504 | 高运 | 398 | 32 | 324 | 19 | 0.08040201005025126 | <PHONE_MASKED>,月份,月份:2024-12-01..2026-06-01,unknown_pending_business_confirmation,,0,False,Workbook sheet profiled locally; no source rows copied to output.
非药商务绩效+热销价+商家进度统计_2026-07-01_sub_高运 (1).xlsx,绩效与商家销售额汇总\01_绩效\非药商务绩效+热销价+商家进度统计_2026-07-01_sub_高运 (1).xlsx,xlsx,78475,2026-07-06T16:49:29,非药商务绩效+热销价+商家进度统计_DATE_sub_高运,READABLE,商业售后情况,195,17,月份 | 供应商ID | 供应商名称 | 商业开店日期 | 当月订单数 | 上月订单数 | 当月售后订单数 | 上月售后订单数 | 当月商家原因售后订单数 | 上月商家原因售后订单数 | 商务对接人 | 供应商省份 | 运营名称 | 对应人 | 当月商家原因售后订单率 | 上月商家原因售后订单率 | 商家原因售后订单率环比,202605 | 22940 | 四川壹贝佳健康咨询 | 20250928 | 1319 | 1199 | 37 | 52 | 3 | 13 | 高运 | 四川省 | 高运 | 高运 | <ID_MASKED> | <PHONE_MASKED> | -0.7902256954569312 || 202509 | 21117 | 四川赤泉甘木生物科技 | 20250407 | 8 | 10 | 0 | 0 | 0 | 0 | 高运 | 四川省 | 高运 | 高运 | 0 | 0 | 0 || 202602 | 21964 | 四川承泰仁商贸 | 20250619 | 350 | 396 | 12 | 6 | 3 | 1 | 高运 | 四川省 | 高运 | 高运 | <PHONE_MASKED> | <ID_MASKED> | 2.394285714285714,月份 | 商业开店日期,月份:2024-12-01..2026-06-01 | 商业开店日期:2023-01-12..2026-06-23,unknown_pending_business_confirmation,供应商ID,0,False,Workbook sheet profiled locally; no source rows copied to output.
非药商务绩效+热销价+商家进度统计_2026-07-01_sub_高运 (1).xlsx,绩效与商家销售额汇总\01_绩效\非药商务绩效+热销价+商家进度统计_2026-07-01_sub_高运 (1).xlsx,xlsx,78475,2026-07-06T16:49:29,非药商务绩效+热销价+商家进度统计_DATE_sub_高运,READABLE,商业每月GMV,35,57,供应商ID | 供应商名称 | 供应商证件名称 | 供应商省份 | 供应商城市 | 商业类型 | 商业开店日期 | 商业首单日期 | 状态 | a202606 | a202605 | a202604 | a202603 | a202602 | a202601 | a202512 | a202511 | a202510 | a202509 | a202508 | a202507 | a202506 | a202505 | a202504 | a202503 | a202502 | a202501 | a202412 | a202411 | a202410 | a202409 | a202408 | a202407 | a202406 | a202405 | a202404 | a202403 | a202402 | a202401 | a202312 | a202311 | a202310 | a202309 | a202308 | a202307 | a202306 | a202305 | a202304 | a202303 | a202302 | a202301 | 商务对接人 | 简称 | 运营名称 | 对应人 | 主店铺ID | 合并统计店铺,11628 | 子钦医疗 | 子钦医疗器械（重庆）股份有限公司 | 重庆市 | 重庆市 | None | 20230112 | 20230707 | 有效 | 1181 | 300 | 528 | 2176 | 1478 | 664 | 984 | 210 | 210 | 64 | 845 | 1398 | 906 | 175 | 745 | 613 | 1345 | 2055 | 175 | 1763 | 3198.8 | 2267 | 2305.9 | 4457.9 | 3969.42 | 1632.9 | 1848.9 | 1900.9 | 2435.34 | 4624.75 | 849.54 | 977.58 | 325.24 | 314.95 | 0 | 100 | 0 | 0 | 0 | 0 | 0 | 0 | 高运 | 子钦医疗 | None | 高运 | 11628 | 子钦医疗 || 21117 | 四川赤泉甘木生物科技 | 四川赤泉甘木生物科技有限公司 | 四川省 | 成都市 | None | 20250407 | 20250806 | 即将上架 | None | None | None | None | None | 753.97 | 812 | 3305.95 | 6072.6 | 1740 | 2950 | 0 | 0 | 0 | 0 | 0 | 0 | 0 | 0 | 0 | 0 | 0 | 0 | 0 | 0 | 0 | 0 | 0 | 0 | 0 | 0 | 0 | 0 | 0 | 0 | 0 | 0 | 0 | 0 | 0 | 0 | 0 | 高运 | 四川赤泉甘木生物科技 | 高运 | 高运 | 21117 | 四川赤泉甘木生物科技 || 21206 | 四川共创盛世商贸 | 四川共创盛世商贸有限公司 | 四川省 | 成都市 | None | 20250414 | 20250513 | 有效 | 318981.91 | 288037.08 | 208811.94 | 292587.04 | 120386.2 | 106946.81 | 52606 | 89642.26 | 39036.46 | 58450.55 | 126189.06 | 94487.05 | 16273.3 | 280.4 | 0 | 0 | 0 | 0 | 0 | 0 | 0 | 0 | 0 | 0 | 0 | 0 | 0 | 0 | 0 | 0 | 0 | 0 | 0 | 0 | 0 | 0 | 0 | 0 | 0 | 0 | 0 | 0 | 高运 | 四川共创盛世商贸 | None | 高运 | 21206 | 四川共创盛世商贸,商业开店日期 | 商业首单日期,商业开店日期:2023-01-12..2026-06-23 | 商业首单日期:2023-07-07..2026-06-27,unknown_pending_business_confirmation,供应商ID | 主店铺ID,0,False,Workbook sheet profiled locally; no source rows copied to output.
非药商务绩效+热销价+商家进度统计_2026-07-01_sub_高运 (1).xlsx,绩效与商家销售额汇总\01_绩效\非药商务绩效+热销价+商家进度统计_2026-07-01_sub_高运 (1).xlsx,xlsx,78475,2026-07-06T16:49:29,非药商务绩效+热销价+商家进度统计_DATE_sub_高运,READABLE,新开商业情况,23,30,供应商ID | 简称 | 供应商省份 | 状态 | 商业保证金 | 实时在架sku数 | 主店铺ID | 月份 | GMV | 之前月份的峰值 | 在架天数5天以上sku数 | 月份差 | 商务对接人 | 动销店数 | 分店GMV | 新开有效 | 一线品牌品类gmv | 非重点品gmv | 之前月份的非重点品峰值 | 之前月份的重点品峰值 | 非重点品增量gmv | 重点品增量gmv | 保证金水平 | 有效计件 | 商业类型 | 开店月份 | 首单月份 | 增量分享标记 | 当月是否5万 | 预估五万达成,23871 | 好品惠 | 广东省 | 有效 | 50000 | 37 | 23871 | 2026-06 | 1797.86 | 9930.24 | 34 | 4 | 高运 | 8 | 1797.86 | 无效 | 895.54 | <PHONE_MASKED> | 1128.6 | 8801.64 | 0 | 0 | 50000 | 0 | 品牌店 | 2026-01 | 2026-02 | 0 | 0 | 1 || 24236 | 重庆即美购供应链管理 | 重庆市 | 有效 | 100000 | 32 | 24236 | 2026-06 | 478.32 | 1496.82 | 37 | 2 | 高运 | 7 | 478.32 | 无效 | 0 | 478.32 | 702.5 | 1264.06 | 0 | 0 | 20000 | 0 | 特殊政策新店 | 2026-03 | 2026-03 | 0 | 0 | 1 || 24287 | 四川美恩堂医药 | 四川省 | 有效 | 20000 | 302 | 20204 | 2026-06 | 238603.63 | 409228.99 | 302 | 3 | 高运 | 262 | 55992.96 | 无效 | 179007.55 | 59596.08000000002 | <PHONE_MASKED> | 373140.34 | 0 | 0 | 20000 | 0 | 分店 | 2026-03 | 2026-03 | 0 | 1 | 1,月份 | 开店月份 | 首单月份,月份:2026-06-01..2026-06-01 | 开店月份:2026-01-01..2026-06-01 | 首单月份:2026-01-01..2026-06-01,unknown_pending_business_confirmation,供应商ID | 主店铺ID,0,False,Workbook sheet profiled locally; no source rows copied to output.
非药商务绩效+热销价+商家进度统计_2026-07-01_sub_高运 (1).xlsx,绩效与商家销售额汇总\01_绩效\非药商务绩效+热销价+商家进度统计_2026-07-01_sub_高运 (1).xlsx,xlsx,78475,2026-07-06T16:49:29,非药商务绩效+热销价+商家进度统计_DATE_sub_高运,READABLE,新开商业情况历史版,199,47,供应商ID | 商业开店日期 | 商业首单日期 | 供应商省份 | 状态 | 商业保证金 | 保证金余额 | business_scope | 主营业务关键词 | type_scope | busi_scope | 分类经营范围 | 商品经营范围 | 冻结状态 | 实时在架sku数 | 主店铺ID | 月份 | GMV | 之前月份的峰值 | 增量gmv | 在架天数5天以上sku数 | 日期_dt | 参考月份_dt | 月份_dt | 月份差 | 商务对接人 | 简称 | 供应商证件全称 | 运营名称 | 一线品牌品类gmv | 动销店数 | 分店GMV | 新开有效 | 非重点品gmv | 之前月份的非重点品峰值 | 之前月份的重点品峰值 | 非重点品增量gmv | 重点品增量gmv | 保证金水平 | 有效计件 | 商业类型 | 开店月份 | 首单月份 | 增量分享标记 | 当月是否5万 | 日均gmv | 预估五万达成,"22679 | 20250829 | 20250917.0 | 江西省 | 有效 | 100000 | 100000 | 6,7,8,12,21 | 生活用品,外用,消毒用品,计生用品,化妆品 | None | 10,11,12,9 | None | 医疗器械（一类）,日用品,化妆品,消毒产品 | 0 | 33 | 22679 | 2026-06 | 27112.36 | 36585.54 | 0 | 34 | 2025-09-17 00:00:00 | 2025-10-17 00:00:00 | 2026-06-01 00:00:00 | 8 | 高运 | 江西古戈尔商贸 | 江西古戈尔商贸有限公司 | 高运 | 0 | 322 | 27112.36 | 无效 | 27112.36 | 36585.54 | 0 | 0 | 0 | 100000 | 0 | 普通店 | 2025-08 | 2025-09 | 0 | 0 | inf | 1 || 22862 | 20250918 | 20251017.0 | 四川省 | 有效 | 100000 | 99926.6 | 0,2,6,8,21,28 | 生活用品,医疗器械,保健品,消毒用品,食品,计生用品 | None | 19,16,12,11,10,9,8,6 | None | 医疗器械（一类）,日用品,化妆品,消毒产品,保健食品,医疗器械（二类免备案... | 0 | 142 | 22862 | 2026-07 | 47 | 476864.78 | 0 | None | 2025-10-17 00:00:00 | 2025-11-17 00:00:00 | 2026-07-01 00:00:00 | 8 | 高运 | 四川众恩德科技 | 四川众恩德科技有限公司 | 高运 | 0 | 1 | 47 | 无效 | 47 | 40898.06 | 442572.18 | 0 | 0 | 100000 | 0 | 普通店 | 2025-09 | 2025-10 | 0 | 0 | inf | 1 || 22917 | 20250925 | 20250926.0 | 四川省 | 有效 | 100000 | 98798.52 | 0,2,3,6,7,8 | 生活用品,医疗器械,保健品,营养品,计生用品,化妆品 | None | 19,16,12,11,10,9,8,6 | None | 医疗器械（一类）,日用品,化妆品,消毒产品,保健食品,医疗器械（二类免备案... | 0 | 956 | 22917 | 2026-07 | 154.5 | 558654.71 | 0 | None | 2025-09-26 00:00:00 | 2025-10-26 00:00:00 | 2026-07-01 00:00:00 | 9 | 高运 | 成都天蕊贸易 | 成都天蕊贸易有限公司 | 高运 | 0 | 2 | 154.5 | 无效 | 154.5 | 73409.32999999996 | 485245.38 | 0 | 0 | 100000 | 0 | 普通店 | 2025-09 | 2025-09 | 0 | 0 | inf | 1",商业开店日期 | 商业首单日期 | 月份 | 日期_dt | 参考月份_dt | 月份_dt | 开店月份 | 首单月份,商业开店日期:2025-08-29..2026-06-29 | 商业首单日期:2025-09-17..2026-06-27 | 月份:2025-01-01..2026-07-01 | 日期_dt:2025-09-17..2026-06-27 | 参考月份_dt:2025-10-17..2026-07-27 | 月份_dt:2025-01-01..2026-07-01 | 开店月份:2025-08-01..2026-06-01 | 首单月份:2025-09-01..2026-06-01,unknown_pending_business_confirmation,供应商ID | 主店铺ID,0,False,Workbook sheet profiled locally; no source rows copied to output.
非药商务绩效+热销价+商家进度统计_2026-07-01_sub_高运 (1).xlsx,绩效与商家销售额汇总\01_绩效\非药商务绩效+热销价+商家进度统计_2026-07-01_sub_高运 (1).xlsx,xlsx,78475,2026-07-06T16:49:29,非药商务绩效+热销价+商家进度统计_DATE_sub_高运,READABLE,医疗器械经营店,1,26,药店ID | 省份 | 市区 | full_name | 在药师帮注册日期 | 启用日期 | 药店首单日期 | BD | 是否添加微信 | 药采购权限审核通过日期 | 最近一次申请药采购权限时间 | 商务对接人 | 美团评级 | 负责人1 | 负责人2 | 商家组负责人 | 线索提供人* | 激励 | BD线索 | a202601 | a202602 | a202603 | a202604 | a202605 | a202606 | 新开标签,3389366 | 重庆市 | 重庆市 | 重庆康美迪贸易有限公司 | 2024-08-27 14:21:20 | 2025-09-13 11:04:56 | 2025-11-13 14:23:27 | 唐雯琦 | 0 | 2025-09-13 11:04:56 | 2025-09-13 11:04:56 | 高运 | 0 | None | None | nan | nan | nan | nan | 0 | 0 | 0 | 0 | 0 | 0 | None,在药师帮注册日期 | 启用日期 | 药店首单日期 | 药采购权限审核通过日期 | 最近一次申请药采购权限时间,在药师帮注册日期:2024-08-27..2024-08-27 | 启用日期:2025-09-13..2025-09-13 | 药店首单日期:2025-11-13..2025-11-13 | 药采购权限审核通过日期:2025-09-13..2025-09-13 | 最近一次申请药采购权限时间:2025-09-13..2025-09-13,unknown_pending_business_confirmation,药店ID,0,False,Workbook sheet profiled locally; no source rows copied to output.
非药商务绩效+热销价+商家进度统计_2026-07-01_sub_高运 (1).xlsx,绩效与商家销售额汇总\01_绩效\非药商务绩效+热销价+商家进度统计_2026-07-01_sub_高运 (1).xlsx,xlsx,78475,2026-07-06T16:49:29,非药商务绩效+热销价+商家进度统计_DATE_sub_高运,READABLE,新开商业补充保证金情况,1,10,供应商ID | 月份 | 简称 | 状态 | 商务对接人 | 最新保证金水平 | 过去保证金水平 | 过去有效计件 | 补充新开系数 | 最新当月有效计件,24447 | 2026-04 | 成都德善堂生物科技 | 有效 | 高运 | 100000 | 10000 | 0.2 | 0 | 0,月份,月份:2026-04-01..2026-04-01,unknown_pending_business_confirmation,供应商ID,0,False,Workbook sheet profiled locally; no source rows copied to output.
非药商务绩效+热销价+商家进度统计_2026-07-01_sub_高运.xlsx,绩效与商家销售额汇总\01_绩效\非药商务绩效+热销价+商家进度统计_2026-07-01_sub_高运.xlsx,xlsx,78475,2026-07-01T09:50:35,非药商务绩效+热销价+商家进度统计_DATE_sub_高运,READABLE,总体目标,7,21,月份 | 商务对接人 | 非重点品增量gmv | 重点品增量gmv | 新开6个月内5万商家数 | 开店商业数 | 首单商业数 | 品牌店开店商业数 | 有效新开数 | 当月订单数 | 当月商家原因售后订单数 | 上月订单数 | 上月商家原因售后订单数 | 当月商家原因售后订单率 | 上月商家原因售后订单率 | 当月商家原因售后订单率环比 | 售后备注 | 补充新开系数 | 新开系数 | 对应每家计件奖金 | 破峰提成系数,2026-03 | 高运 | 16811.79 | 188012.21 | 5 | 7 | 4 | None | 0.6000000000000001 | 13028 | 190 | 9071 | 149 | <PHONE_MASKED> | <PHONE_MASKED> | <PHONE_MASKED> | 无事发生 | 0 | 0.6 | 0 | 0 || 2026-06 | 高运 | 73639.70000000001 | 338285.41 | 7 | 6 | 7 | 1 | 3.600000000000001 | 18602 | 362 | 15661 | 341 | <PHONE_MASKED> | <PHONE_MASKED> | <PHONE_MASKED> | 无事发生 | 0 | 3.6 | 200 | 0.5 || 2026-01 | 高运 | 66843.96000000004 | 268649.8700000001 | 3 | 2 | 1 | 1 | 0 | 9013 | 115 | 5854 | 81 | <PHONE_MASKED> | <PHONE_MASKED> | <PHONE_MASKED> | 无事发生 | 0 | 0 | 0 | 0,月份,月份:2026-01-01..2026-07-01,unknown_pending_business_confirmation,,0,False,Workbook sheet profiled locally; no source rows copied to output.
非药商务绩效+热销价+商家进度统计_2026-07-01_sub_高运.xlsx,绩效与商家销售额汇总\01_绩效\非药商务绩效+热销价+商家进度统计_2026-07-01_sub_高运.xlsx,xlsx,78475,2026-07-01T09:50:35,非药商务绩效+热销价+商家进度统计_DATE_sub_高运,READABLE,商业售后情况统计,19,8,月份 | 商务对接人1 | 当月订单数 | 当月商家原因售后订单数 | 上月订单数 | 上月商家原因售后订单数 | 当月商家原因售后订单率 | 上月商家原因售后订单率,202509 | 高运 | 1268 | 28 | 1275 | 23 | 0.0220820189274448 | <PHONE_MASKED> || 202412 | 高运 | 596 | 26 | 0 | 0 | 0.0436241610738255 | None || 202504 | 高运 | 398 | 32 | 324 | 19 | 0.08040201005025126 | <PHONE_MASKED>,月份,月份:2024-12-01..2026-06-01,unknown_pending_business_confirmation,,0,False,Workbook sheet profiled locally; no source rows copied to output.
非药商务绩效+热销价+商家进度统计_2026-07-01_sub_高运.xlsx,绩效与商家销售额汇总\01_绩效\非药商务绩效+热销价+商家进度统计_2026-07-01_sub_高运.xlsx,xlsx,78475,2026-07-01T09:50:35,非药商务绩效+热销价+商家进度统计_DATE_sub_高运,READABLE,商业售后情况,195,17,月份 | 供应商ID | 供应商名称 | 商业开店日期 | 当月订单数 | 上月订单数 | 当月售后订单数 | 上月售后订单数 | 当月商家原因售后订单数 | 上月商家原因售后订单数 | 商务对接人 | 供应商省份 | 运营名称 | 对应人 | 当月商家原因售后订单率 | 上月商家原因售后订单率 | 商家原因售后订单率环比,202605 | 22940 | 四川壹贝佳健康咨询 | 20250928 | 1319 | 1199 | 37 | 52 | 3 | 13 | 高运 | 四川省 | 高运 | 高运 | <ID_MASKED> | <PHONE_MASKED> | -0.7902256954569312 || 202509 | 21117 | 四川赤泉甘木生物科技 | 20250407 | 8 | 10 | 0 | 0 | 0 | 0 | 高运 | 四川省 | 高运 | 高运 | 0 | 0 | 0 || 202602 | 21964 | 四川承泰仁商贸 | 20250619 | 350 | 396 | 12 | 6 | 3 | 1 | 高运 | 四川省 | 高运 | 高运 | <PHONE_MASKED> | <ID_MASKED> | 2.394285714285714,月份 | 商业开店日期,月份:2024-12-01..2026-06-01 | 商业开店日期:2023-01-12..2026-06-23,unknown_pending_business_confirmation,供应商ID,0,False,Workbook sheet profiled locally; no source rows copied to output.
非药商务绩效+热销价+商家进度统计_2026-07-01_sub_高运.xlsx,绩效与商家销售额汇总\01_绩效\非药商务绩效+热销价+商家进度统计_2026-07-01_sub_高运.xlsx,xlsx,78475,2026-07-01T09:50:35,非药商务绩效+热销价+商家进度统计_DATE_sub_高运,READABLE,商业每月GMV,35,57,供应商ID | 供应商名称 | 供应商证件名称 | 供应商省份 | 供应商城市 | 商业类型 | 商业开店日期 | 商业首单日期 | 状态 | a202606 | a202605 | a202604 | a202603 | a202602 | a202601 | a202512 | a202511 | a202510 | a202509 | a202508 | a202507 | a202506 | a202505 | a202504 | a202503 | a202502 | a202501 | a202412 | a202411 | a202410 | a202409 | a202408 | a202407 | a202406 | a202405 | a202404 | a202403 | a202402 | a202401 | a202312 | a202311 | a202310 | a202309 | a202308 | a202307 | a202306 | a202305 | a202304 | a202303 | a202302 | a202301 | 商务对接人 | 简称 | 运营名称 | 对应人 | 主店铺ID | 合并统计店铺,11628 | 子钦医疗 | 子钦医疗器械（重庆）股份有限公司 | 重庆市 | 重庆市 | None | 20230112 | 20230707 | 有效 | 1181 | 300 | 528 | 2176 | 1478 | 664 | 984 | 210 | 210 | 64 | 845 | 1398 | 906 | 175 | 745 | 613 | 1345 | 2055 | 175 | 1763 | 3198.8 | 2267 | 2305.9 | 4457.9 | 3969.42 | 1632.9 | 1848.9 | 1900.9 | 2435.34 | 4624.75 | 849.54 | 977.58 | 325.24 | 314.95 | 0 | 100 | 0 | 0 | 0 | 0 | 0 | 0 | 高运 | 子钦医疗 | None | 高运 | 11628 | 子钦医疗 || 21117 | 四川赤泉甘木生物科技 | 四川赤泉甘木生物科技有限公司 | 四川省 | 成都市 | None | 20250407 | 20250806 | 即将上架 | None | None | None | None | None | 753.97 | 812 | 3305.95 | 6072.6 | 1740 | 2950 | 0 | 0 | 0 | 0 | 0 | 0 | 0 | 0 | 0 | 0 | 0 | 0 | 0 | 0 | 0 | 0 | 0 | 0 | 0 | 0 | 0 | 0 | 0 | 0 | 0 | 0 | 0 | 0 | 0 | 0 | 0 | 高运 | 四川赤泉甘木生物科技 | 高运 | 高运 | 21117 | 四川赤泉甘木生物科技 || 21206 | 四川共创盛世商贸 | 四川共创盛世商贸有限公司 | 四川省 | 成都市 | None | 20250414 | 20250513 | 有效 | 318981.91 | 288037.08 | 208811.94 | 292587.04 | 120386.2 | 106946.81 | 52606 | 89642.26 | 39036.46 | 58450.55 | 126189.06 | 94487.05 | 16273.3 | 280.4 | 0 | 0 | 0 | 0 | 0 | 0 | 0 | 0 | 0 | 0 | 0 | 0 | 0 | 0 | 0 | 0 | 0 | 0 | 0 | 0 | 0 | 0 | 0 | 0 | 0 | 0 | 0 | 0 | 高运 | 四川共创盛世商贸 | None | 高运 | 21206 | 四川共创盛世商贸,商业开店日期 | 商业首单日期,商业开店日期:2023-01-12..2026-06-23 | 商业首单日期:2023-07-07..2026-06-27,unknown_pending_business_confirmation,供应商ID | 主店铺ID,0,False,Workbook sheet profiled locally; no source rows copied to output.
非药商务绩效+热销价+商家进度统计_2026-07-01_sub_高运.xlsx,绩效与商家销售额汇总\01_绩效\非药商务绩效+热销价+商家进度统计_2026-07-01_sub_高运.xlsx,xlsx,78475,2026-07-01T09:50:35,非药商务绩效+热销价+商家进度统计_DATE_sub_高运,READABLE,新开商业情况,23,30,供应商ID | 简称 | 供应商省份 | 状态 | 商业保证金 | 实时在架sku数 | 主店铺ID | 月份 | GMV | 之前月份的峰值 | 在架天数5天以上sku数 | 月份差 | 商务对接人 | 动销店数 | 分店GMV | 新开有效 | 一线品牌品类gmv | 非重点品gmv | 之前月份的非重点品峰值 | 之前月份的重点品峰值 | 非重点品增量gmv | 重点品增量gmv | 保证金水平 | 有效计件 | 商业类型 | 开店月份 | 首单月份 | 增量分享标记 | 当月是否5万 | 预估五万达成,23871 | 好品惠 | 广东省 | 有效 | 50000 | 37 | 23871 | 2026-06 | 1797.86 | 9930.24 | 34 | 4 | 高运 | 8 | 1797.86 | 无效 | 895.54 | <PHONE_MASKED> | 1128.6 | 8801.64 | 0 | 0 | 50000 | 0 | 品牌店 | 2026-01 | 2026-02 | 0 | 0 | 1 || 24236 | 重庆即美购供应链管理 | 重庆市 | 有效 | 100000 | 32 | 24236 | 2026-06 | 478.32 | 1496.82 | 37 | 2 | 高运 | 7 | 478.32 | 无效 | 0 | 478.32 | 702.5 | 1264.06 | 0 | 0 | 20000 | 0 | 特殊政策新店 | 2026-03 | 2026-03 | 0 | 0 | 1 || 24287 | 四川美恩堂医药 | 四川省 | 有效 | 20000 | 302 | 20204 | 2026-06 | 238603.63 | 409228.99 | 302 | 3 | 高运 | 262 | 55992.96 | 无效 | 179007.55 | 59596.08000000002 | <PHONE_MASKED> | 373140.34 | 0 | 0 | 20000 | 0 | 分店 | 2026-03 | 2026-03 | 0 | 1 | 1,月份 | 开店月份 | 首单月份,月份:2026-06-01..2026-06-01 | 开店月份:2026-01-01..2026-06-01 | 首单月份:2026-01-01..2026-06-01,unknown_pending_business_confirmation,供应商ID | 主店铺ID,0,False,Workbook sheet profiled locally; no source rows copied to output.
非药商务绩效+热销价+商家进度统计_2026-07-01_sub_高运.xlsx,绩效与商家销售额汇总\01_绩效\非药商务绩效+热销价+商家进度统计_2026-07-01_sub_高运.xlsx,xlsx,78475,2026-07-01T09:50:35,非药商务绩效+热销价+商家进度统计_DATE_sub_高运,READABLE,新开商业情况历史版,199,47,供应商ID | 商业开店日期 | 商业首单日期 | 供应商省份 | 状态 | 商业保证金 | 保证金余额 | business_scope | 主营业务关键词 | type_scope | busi_scope | 分类经营范围 | 商品经营范围 | 冻结状态 | 实时在架sku数 | 主店铺ID | 月份 | GMV | 之前月份的峰值 | 增量gmv | 在架天数5天以上sku数 | 日期_dt | 参考月份_dt | 月份_dt | 月份差 | 商务对接人 | 简称 | 供应商证件全称 | 运营名称 | 一线品牌品类gmv | 动销店数 | 分店GMV | 新开有效 | 非重点品gmv | 之前月份的非重点品峰值 | 之前月份的重点品峰值 | 非重点品增量gmv | 重点品增量gmv | 保证金水平 | 有效计件 | 商业类型 | 开店月份 | 首单月份 | 增量分享标记 | 当月是否5万 | 日均gmv | 预估五万达成,"22679 | 20250829 | 20250917.0 | 江西省 | 有效 | 100000 | 100000 | 6,7,8,12,21 | 生活用品,外用,消毒用品,计生用品,化妆品 | None | 10,11,12,9 | None | 医疗器械（一类）,日用品,化妆品,消毒产品 | 0 | 33 | 22679 | 2026-06 | 27112.36 | 36585.54 | 0 | 34 | 2025-09-17 00:00:00 | 2025-10-17 00:00:00 | 2026-06-01 00:00:00 | 8 | 高运 | 江西古戈尔商贸 | 江西古戈尔商贸有限公司 | 高运 | 0 | 322 | 27112.36 | 无效 | 27112.36 | 36585.54 | 0 | 0 | 0 | 100000 | 0 | 普通店 | 2025-08 | 2025-09 | 0 | 0 | inf | 1 || 22862 | 20250918 | 20251017.0 | 四川省 | 有效 | 100000 | 99926.6 | 0,2,6,8,21,28 | 生活用品,医疗器械,保健品,消毒用品,食品,计生用品 | None | 19,16,12,11,10,9,8,6 | None | 医疗器械（一类）,日用品,化妆品,消毒产品,保健食品,医疗器械（二类免备案... | 0 | 142 | 22862 | 2026-07 | 47 | 476864.78 | 0 | None | 2025-10-17 00:00:00 | 2025-11-17 00:00:00 | 2026-07-01 00:00:00 | 8 | 高运 | 四川众恩德科技 | 四川众恩德科技有限公司 | 高运 | 0 | 1 | 47 | 无效 | 47 | 40898.06 | 442572.18 | 0 | 0 | 100000 | 0 | 普通店 | 2025-09 | 2025-10 | 0 | 0 | inf | 1 || 22917 | 20250925 | 20250926.0 | 四川省 | 有效 | 100000 | 98798.52 | 0,2,3,6,7,8 | 生活用品,医疗器械,保健品,营养品,计生用品,化妆品 | None | 19,16,12,11,10,9,8,6 | None | 医疗器械（一类）,日用品,化妆品,消毒产品,保健食品,医疗器械（二类免备案... | 0 | 956 | 22917 | 2026-07 | 154.5 | 558654.71 | 0 | None | 2025-09-26 00:00:00 | 2025-10-26 00:00:00 | 2026-07-01 00:00:00 | 9 | 高运 | 成都天蕊贸易 | 成都天蕊贸易有限公司 | 高运 | 0 | 2 | 154.5 | 无效 | 154.5 | 73409.32999999996 | 485245.38 | 0 | 0 | 100000 | 0 | 普通店 | 2025-09 | 2025-09 | 0 | 0 | inf | 1",商业开店日期 | 商业首单日期 | 月份 | 日期_dt | 参考月份_dt | 月份_dt | 开店月份 | 首单月份,商业开店日期:2025-08-29..2026-06-29 | 商业首单日期:2025-09-17..2026-06-27 | 月份:2025-01-01..2026-07-01 | 日期_dt:2025-09-17..2026-06-27 | 参考月份_dt:2025-10-17..2026-07-27 | 月份_dt:2025-01-01..2026-07-01 | 开店月份:2025-08-01..2026-06-01 | 首单月份:2025-09-01..2026-06-01,unknown_pending_business_confirmation,供应商ID | 主店铺ID,0,False,Workbook sheet profiled locally; no source rows copied to output.
非药商务绩效+热销价+商家进度统计_2026-07-01_sub_高运.xlsx,绩效与商家销售额汇总\01_绩效\非药商务绩效+热销价+商家进度统计_2026-07-01_sub_高运.xlsx,xlsx,78475,2026-07-01T09:50:35,非药商务绩效+热销价+商家进度统计_DATE_sub_高运,READABLE,医疗器械经营店,1,26,药店ID | 省份 | 市区 | full_name | 在药师帮注册日期 | 启用日期 | 药店首单日期 | BD | 是否添加微信 | 药采购权限审核通过日期 | 最近一次申请药采购权限时间 | 商务对接人 | 美团评级 | 负责人1 | 负责人2 | 商家组负责人 | 线索提供人* | 激励 | BD线索 | a202601 | a202602 | a202603 | a202604 | a202605 | a202606 | 新开标签,3389366 | 重庆市 | 重庆市 | 重庆康美迪贸易有限公司 | 2024-08-27 14:21:20 | 2025-09-13 11:04:56 | 2025-11-13 14:23:27 | 唐雯琦 | 0 | 2025-09-13 11:04:56 | 2025-09-13 11:04:56 | 高运 | 0 | None | None | nan | nan | nan | nan | 0 | 0 | 0 | 0 | 0 | 0 | None,在药师帮注册日期 | 启用日期 | 药店首单日期 | 药采购权限审核通过日期 | 最近一次申请药采购权限时间,在药师帮注册日期:2024-08-27..2024-08-27 | 启用日期:2025-09-13..2025-09-13 | 药店首单日期:2025-11-13..2025-11-13 | 药采购权限审核通过日期:2025-09-13..2025-09-13 | 最近一次申请药采购权限时间:2025-09-13..2025-09-13,unknown_pending_business_confirmation,药店ID,0,False,Workbook sheet profiled locally; no source rows copied to output.
非药商务绩效+热销价+商家进度统计_2026-07-01_sub_高运.xlsx,绩效与商家销售额汇总\01_绩效\非药商务绩效+热销价+商家进度统计_2026-07-01_sub_高运.xlsx,xlsx,78475,2026-07-01T09:50:35,非药商务绩效+热销价+商家进度统计_DATE_sub_高运,READABLE,新开商业补充保证金情况,1,10,供应商ID | 月份 | 简称 | 状态 | 商务对接人 | 最新保证金水平 | 过去保证金水平 | 过去有效计件 | 补充新开系数 | 最新当月有效计件,24447 | 2026-04 | 成都德善堂生物科技 | 有效 | 高运 | 100000 | 10000 | 0.2 | 0 | 0,月份,月份:2026-04-01..2026-04-01,unknown_pending_business_confirmation,供应商ID,0,False,Workbook sheet profiled locally; no source rows copied to output.
非药商务绩效+热销价+商家进度统计_2026-07-03_sub_高运.xlsx,绩效与商家销售额汇总\01_绩效\非药商务绩效+热销价+商家进度统计_2026-07-03_sub_高运.xlsx,xlsx,101899,2026-07-06T16:49:57,非药商务绩效+热销价+商家进度统计_DATE_sub_高运,READABLE,总体目标,7,21,月份 | 商务对接人 | 非重点品增量gmv | 重点品增量gmv | 新开6个月内5万商家数 | 开店商业数 | 首单商业数 | 品牌店开店商业数 | 有效新开数 | 当月订单数 | 当月商家原因售后订单数 | 上月订单数 | 上月商家原因售后订单数 | 当月商家原因售后订单率 | 上月商家原因售后订单率 | 当月商家原因售后订单率环比 | 售后备注 | 补充新开系数 | 新开系数 | 对应每家计件奖金 | 破峰提成系数,2026-03 | 高运 | 16811.79 | 146674.96 | 5 | 7 | 4 | None | 0.6000000000000001 | 13028 | 190 | 9071 | 149 | <PHONE_MASKED> | <PHONE_MASKED> | <PHONE_MASKED> | 无事发生 | 0 | 0.6 | 0 | 0 || 2026-06 | 高运 | 20443.19 | 371473.53 | 7 | 6 | 7 | 1 | 4.4 | 18602 | 401 | 15661 | 342 | <PHONE_MASKED> | <PHONE_MASKED> | <PHONE_MASKED> | 无事发生 | 0 | 4.4 | 300 | 0.5 || 2026-02 | 高运 | 12712.09999999995 | 49572.48 | 4 | None | 1 | None | 1.2 | 9071 | 149 | 9006 | 115 | <PHONE_MASKED> | <PHONE_MASKED> | 0.2863679283718299 | 绩效扣除10% | 0 | 1.2 | 0 | 0,月份,月份:2026-01-01..2026-07-01,unknown_pending_business_confirmation,,0,False,Workbook sheet profiled locally; no source rows copied to output.
非药商务绩效+热销价+商家进度统计_2026-07-03_sub_高运.xlsx,绩效与商家销售额汇总\01_绩效\非药商务绩效+热销价+商家进度统计_2026-07-03_sub_高运.xlsx,xlsx,101899,2026-07-06T16:49:57,非药商务绩效+热销价+商家进度统计_DATE_sub_高运,READABLE,商业售后情况统计,20,8,月份 | 商务对接人1 | 当月订单数 | 当月商家原因售后订单数 | 上月订单数 | 上月商家原因售后订单数 | 当月商家原因售后订单率 | 上月商家原因售后订单率,202509 | 高运 | 1268 | 28 | 1275 | 23 | 0.0220820189274448 | <PHONE_MASKED> || 202412 | 高运 | 596 | 26 | 0 | 0 | 0.0436241610738255 | None || 202504 | 高运 | 398 | 32 | 324 | 19 | 0.08040201005025126 | <PHONE_MASKED>,月份,月份:2024-12-01..2026-07-01,unknown_pending_business_confirmation,,0,False,Workbook sheet profiled locally; no source rows copied to output.
非药商务绩效+热销价+商家进度统计_2026-07-03_sub_高运.xlsx,绩效与商家销售额汇总\01_绩效\非药商务绩效+热销价+商家进度统计_2026-07-03_sub_高运.xlsx,xlsx,101899,2026-07-06T16:49:57,非药商务绩效+热销价+商家进度统计_DATE_sub_高运,READABLE,商业售后情况,225,17,月份 | 供应商ID | 供应商名称 | 商业开店日期 | 当月订单数 | 上月订单数 | 当月售后订单数 | 上月售后订单数 | 当月商家原因售后订单数 | 上月商家原因售后订单数 | 商务对接人 | 供应商省份 | 运营名称 | 对应人 | 当月商家原因售后订单率 | 上月商家原因售后订单率 | 商家原因售后订单率环比,202511 | 22033 | 重庆铃宇消费品供应链 | 20250627 | 52 | 16 | 2 | 2 | 0 | 2 | 高运 | 四川省 | 高运 | 高运 | 0 | 0.125 | -1 || 202512 | 22033 | 重庆铃宇消费品供应链 | 20250627 | 25 | 52 | 1 | 2 | 1 | 0 | 高运 | 四川省 | 高运 | 高运 | 0.04 | 0 | 0 || 202512 | 21117 | 四川赤泉甘木生物科技 | 20250407 | 6 | 21 | 0 | 0 | 0 | 0 | 高运 | 四川省 | 高运 | 高运 | 0 | 0 | 0,月份 | 商业开店日期,月份:2024-12-01..2026-07-01 | 商业开店日期:2023-01-12..2026-06-23,unknown_pending_business_confirmation,供应商ID,0,False,Workbook sheet profiled locally; no source rows copied to output.
非药商务绩效+热销价+商家进度统计_2026-07-03_sub_高运.xlsx,绩效与商家销售额汇总\01_绩效\非药商务绩效+热销价+商家进度统计_2026-07-03_sub_高运.xlsx,xlsx,101899,2026-07-06T16:49:57,非药商务绩效+热销价+商家进度统计_DATE_sub_高运,READABLE,商业每月GMV,35,57,供应商ID | 供应商名称 | 供应商证件名称 | 供应商省份 | 供应商城市 | 商业类型 | 商业开店日期 | 商业首单日期 | 状态 | a202606 | a202605 | a202604 | a202603 | a202602 | a202601 | a202512 | a202511 | a202510 | a202509 | a202508 | a202507 | a202506 | a202505 | a202504 | a202503 | a202502 | a202501 | a202412 | a202411 | a202410 | a202409 | a202408 | a202407 | a202406 | a202405 | a202404 | a202403 | a202402 | a202401 | a202312 | a202311 | a202310 | a202309 | a202308 | a202307 | a202306 | a202305 | a202304 | a202303 | a202302 | a202301 | 商务对接人 | 简称 | 运营名称 | 对应人 | 主店铺ID | 合并统计店铺,11628 | 子钦医疗 | 子钦医疗器械（重庆）股份有限公司 | 重庆市 | 重庆市 | None | 20230112 | 20230707 | 有效 | 1181 | 300 | 528 | 2176 | 1478 | 664 | 984 | 210 | 210 | 64 | 845 | 1398 | 906 | 175 | 745 | 613 | 1345 | 2055 | 175 | 1763 | 3198.8 | 2267 | 2305.9 | 4457.9 | 3969.42 | 1632.9 | 1848.9 | 1900.9 | 2435.34 | 4624.75 | 849.54 | 977.58 | 325.24 | 314.95 | 0 | 100 | 0 | 0 | 0 | 0 | 0 | 0 | 高运 | 子钦医疗 | None | 高运 | 11628 | 子钦医疗 || 21117 | 四川赤泉甘木生物科技 | 四川赤泉甘木生物科技有限公司 | 四川省 | 成都市 | None | 20250407 | 20250806 | 即将上架 | None | None | None | None | None | 753.97 | 812 | 3305.95 | 6072.6 | 1740 | 2950 | 0 | 0 | 0 | 0 | 0 | 0 | 0 | 0 | 0 | 0 | 0 | 0 | 0 | 0 | 0 | 0 | 0 | 0 | 0 | 0 | 0 | 0 | 0 | 0 | 0 | 0 | 0 | 0 | 0 | 0 | 0 | 高运 | 四川赤泉甘木生物科技 | 高运 | 高运 | 21117 | 四川赤泉甘木生物科技 || 21206 | 四川共创盛世商贸 | 四川共创盛世商贸有限公司 | 四川省 | 成都市 | None | 20250414 | 20250513 | 即将上架 | 318102.65 | 288037.08 | 208811.94 | 292587.04 | 120386.2 | 106946.81 | 52606 | 89642.26 | 39036.46 | 58450.55 | 126189.06 | 94487.05 | 16273.3 | 280.4 | 0 | 0 | 0 | 0 | 0 | 0 | 0 | 0 | 0 | 0 | 0 | 0 | 0 | 0 | 0 | 0 | 0 | 0 | 0 | 0 | 0 | 0 | 0 | 0 | 0 | 0 | 0 | 0 | 高运 | 四川共创盛世商贸 | None | 高运 | 21206 | 四川共创盛世商贸,商业开店日期 | 商业首单日期,商业开店日期:2023-01-12..2026-06-23 | 商业首单日期:2023-07-07..2026-06-27,unknown_pending_business_confirmation,供应商ID | 主店铺ID,0,False,Workbook sheet profiled locally; no source rows copied to output.
非药商务绩效+热销价+商家进度统计_2026-07-03_sub_高运.xlsx,绩效与商家销售额汇总\01_绩效\非药商务绩效+热销价+商家进度统计_2026-07-03_sub_高运.xlsx,xlsx,101899,2026-07-06T16:49:57,非药商务绩效+热销价+商家进度统计_DATE_sub_高运,READABLE,新开商业情况,26,30,供应商ID | 简称 | 供应商省份 | 状态 | 商业保证金 | 实时在架sku数 | 主店铺ID | 月份 | GMV | 之前月份的峰值 | 在架天数5天以上sku数 | 月份差 | 商务对接人 | 动销店数 | 分店GMV | 新开有效 | 一线品牌品类gmv | 非重点品gmv | 之前月份的非重点品峰值 | 之前月份的重点品峰值 | 非重点品增量gmv | 重点品增量gmv | 保证金水平 | 有效计件 | 商业类型 | 开店月份 | 首单月份 | 增量分享标记 | 当月是否5万 | 预估五万达成,24236 | 重庆即美购供应链管理 | 重庆市 | 有效 | 100000 | 32 | 24236 | 2026-06 | 478.32 | 1496.82 | 37 | 2 | 高运 | 7 | 478.32 | 无效 | 0 | 478.32 | 702.5 | 1264.06 | 0 | 0 | 20000 | 0 | 特殊政策新店 | 2026-03 | 2026-03 | 0 | 0 | 0 || 24474 | 成都三合力医疗用品 | 四川省 | 有效 | 100000 | 26 | 24474 | 2026-06 | 885.8 | 692 | 26 | 2 | 高运 | 7 | 885.8 | 无效 | 0 | 885.8 | 692 | 0 | 193.8 | 0 | 100000 | 0 | 普通店 | 2026-03 | 2026-04 | 0 | 0 | 0 || 23871 | 好品惠 | 广东省 | 有效 | 50000 | 37 | 23871 | 2026-06 | 1797.86 | 9930.24 | 34 | 4 | 高运 | 8 | 1797.86 | 无效 | 895.54 | <PHONE_MASKED> | 1128.6 | 8801.64 | 0 | 0 | 50000 | 0 | 品牌店 | 2026-01 | 2026-02 | 0 | 0 | 0,月份 | 开店月份 | 首单月份,月份:2026-06-01..2026-06-01 | 开店月份:2026-01-01..2026-06-01 | 首单月份:2026-01-01..2026-06-01,unknown_pending_business_confirmation,供应商ID | 主店铺ID,2,False,Workbook sheet profiled locally; no source rows copied to output.
非药商务绩效+热销价+商家进度统计_2026-07-03_sub_高运.xlsx,绩效与商家销售额汇总\01_绩效\非药商务绩效+热销价+商家进度统计_2026-07-03_sub_高运.xlsx,xlsx,101899,2026-07-06T16:49:57,非药商务绩效+热销价+商家进度统计_DATE_sub_高运,READABLE,新开商业情况历史版,310,47,供应商ID | 商业开店日期 | 商业首单日期 | 供应商省份 | 状态 | 商业保证金 | 保证金余额 | business_scope | 主营业务关键词 | type_scope | busi_scope | 分类经营范围 | 商品经营范围 | 冻结状态 | 实时在架sku数 | 主店铺ID | 月份 | GMV | 之前月份的峰值 | 增量gmv | 在架天数5天以上sku数 | 日期_dt | 参考月份_dt | 月份_dt | 月份差 | 商务对接人 | 简称 | 供应商证件全称 | 运营名称 | 一线品牌品类gmv | 动销店数 | 分店GMV | 新开有效 | 非重点品gmv | 之前月份的非重点品峰值 | 之前月份的重点品峰值 | 非重点品增量gmv | 重点品增量gmv | 保证金水平 | 商业类型 | 有效计件 | 开店月份 | 首单月份 | 增量分享标记 | 当月是否5万 | 日均gmv | 预估五万达成,"22679 | 20250829 | 20250917.0 | 江西省 | 有效 | 100000 | 100000 | 6,7,8,12,21 | 外用,生活用品,化妆品,计生用品,消毒用品 | None | 10,11,12,9 | None | 日用品,医疗器械（一类）,消毒产品,化妆品 | 0 | 33 | 22679 | 2026-07 | 1585 | 36585.54 | 0 | None | 2025-09-17 00:00:00 | 2025-10-17 00:00:00 | 2026-07-01 00:00:00 | 9 | 高运 | 江西古戈尔商贸 | 江西古戈尔商贸有限公司 | 高运 | 0 | 17 | 1585 | 无效 | 1585 | 36585.54 | 0 | 0 | 0 | 100000 | 普通店 | 0 | 2025-08 | 2025-09 | 0 | 0 | 792.5 | 0 || 22862 | 20250918 | 20251017.0 | 四川省 | 有效 | 100000 | 99926.6 | 0,2,6,8,21,28 | 医疗器械,生活用品,计生用品,食品,消毒用品,保健品 | None | 19,16,12,11,10,9,8,6 | None | 日用品,医疗器械（一类）,食品,医疗器械（二类）,医疗器械（二类免备案）,... | 0 | 146 | 22862 | 2026-07 | 7221.68 | 476864.78 | 0 | None | 2025-10-17 00:00:00 | 2025-11-17 00:00:00 | 2026-07-01 00:00:00 | 8 | 高运 | 四川众恩德科技 | 四川众恩德科技有限公司 | 高运 | 3680.44 | 61 | 7221.68 | 无效 | 3541.24 | 40898.06 | 442572.18 | 0 | 0 | 100000 | 普通店 | 0 | 2025-09 | 2025-10 | 0 | 0 | 3610.84 | 1 || 22917 | 20250925 | 20250926.0 | 四川省 | 有效 | 100000 | 98782.12 | 0,2,3,6,7,8 | 医疗器械,生活用品,化妆品,计生用品,营养品,保健品 | None | 19,16,12,11,10,9,8,6 | None | 日用品,医疗器械（一类）,食品,医疗器械（二类）,医疗器械（二类免备案）,... | 0 | 953 | 22917 | 2026-07 | 21677.51 | 558654.71 | 0 | None | 2025-09-26 00:00:00 | 2025-10-26 00:00:00 | 2026-07-01 00:00:00 | 9 | 高运 | 成都天蕊贸易 | 成都天蕊贸易有限公司 | 高运 | 19517.75 | 111 | 16287.69 | 无效 | 2159.759999999998 | 73409.32999999996 | 485245.38 | 0 | 0 | 100000 | 普通店 | 0 | 2025-09 | 2025-09 | 0 | 0 | 8143.845 | 1",商业开店日期 | 商业首单日期 | 月份 | 日期_dt | 参考月份_dt | 月份_dt | 开店月份 | 首单月份,商业开店日期:2025-08-29..2026-06-29 | 商业首单日期:2025-09-17..2026-06-27 | 月份:2025-01-01..2026-07-01 | 日期_dt:2025-09-17..2026-06-27 | 参考月份_dt:2025-10-17..2026-07-27 | 月份_dt:2025-01-01..2026-07-01 | 开店月份:2025-08-01..2026-06-01 | 首单月份:2025-09-01..2026-06-01,unknown_pending_business_confirmation,供应商ID | 主店铺ID,7,False,Workbook sheet profiled locally; no source rows copied to output.
非药商务绩效+热销价+商家进度统计_2026-07-03_sub_高运.xlsx,绩效与商家销售额汇总\01_绩效\非药商务绩效+热销价+商家进度统计_2026-07-03_sub_高运.xlsx,xlsx,101899,2026-07-06T16:49:57,非药商务绩效+热销价+商家进度统计_DATE_sub_高运,READABLE,医疗器械经营店,1,26,药店ID | 省份 | 市区 | full_name | 在药师帮注册日期 | 启用日期 | 药店首单日期 | BD | 是否添加微信 | 药采购权限审核通过日期 | 最近一次申请药采购权限时间 | 商务对接人 | 美团评级 | 负责人1 | 负责人2 | 商家组负责人 | 线索提供人* | 激励 | BD线索 | a202601 | a202602 | a202603 | a202604 | a202605 | a202606 | 新开标签,3389366 | 重庆市 | 重庆市 | 重庆康美迪贸易有限公司 | 2024-08-27 14:21:20 | 2025-09-13 11:04:56 | 2025-11-13 14:23:27 | 唐雯琦 | 0 | 2025-09-13 11:04:56 | 2025-09-13 11:04:56 | 高运 | 0 | None | None | nan | nan | nan | nan | 0 | 0 | 0 | 0 | 0 | 0 | None,在药师帮注册日期 | 启用日期 | 药店首单日期 | 药采购权限审核通过日期 | 最近一次申请药采购权限时间,在药师帮注册日期:2024-08-27..2024-08-27 | 启用日期:2025-09-13..2025-09-13 | 药店首单日期:2025-11-13..2025-11-13 | 药采购权限审核通过日期:2025-09-13..2025-09-13 | 最近一次申请药采购权限时间:2025-09-13..2025-09-13,unknown_pending_business_confirmation,药店ID,0,False,Workbook sheet profiled locally; no source rows copied to output.
非药商务绩效+热销价+商家进度统计_2026-07-03_sub_高运.xlsx,绩效与商家销售额汇总\01_绩效\非药商务绩效+热销价+商家进度统计_2026-07-03_sub_高运.xlsx,xlsx,101899,2026-07-06T16:49:57,非药商务绩效+热销价+商家进度统计_DATE_sub_高运,READABLE,新开商业补充保证金情况,1,10,供应商ID | 月份 | 简称 | 状态 | 商务对接人 | 最新保证金水平 | 过去保证金水平 | 过去有效计件 | 补充新开系数 | 最新当月有效计件,24447 | 2026-04 | 成都德善堂生物科技 | 有效 | 高运 | 100000 | 10000 | 0.2 | 0 | 0,月份,月份:2026-04-01..2026-04-01,unknown_pending_business_confirmation,供应商ID,0,False,Workbook sheet profiled locally; no source rows copied to output.
非药商务绩效+热销价+商家进度统计_2026-07-22_sub_高运.xlsx,绩效与商家销售额汇总\01_绩效\非药商务绩效+热销价+商家进度统计_2026-07-22_sub_高运.xlsx,xlsx,106261,2026-07-22T16:00:55,非药商务绩效+热销价+商家进度统计_DATE_sub_高运,READABLE,总体目标,7,21,月份 | 商务对接人 | 非重点品增量gmv | 重点品增量gmv | 新开6个月内5万商家数 | 开店商业数 | 首单商业数 | 品牌店开店商业数 | 有效新开数 | 当月订单数 | 当月商家原因售后订单数 | 上月订单数 | 上月商家原因售后订单数 | 当月商家原因售后订单率 | 上月商家原因售后订单率 | 当月商家原因售后订单率环比 | 售后备注 | 补充新开系数 | 新开系数 | 对应每家计件奖金 | 破峰提成系数,2026-03 | 高运 | 16811.79 | 146674.96 | 5 | 7 | 4 | None | 0.6000000000000001 | 13028 | 190 | 9071 | 151 | <PHONE_MASKED> | <PHONE_MASKED> | <PHONE_MASKED> | 无事发生 | 0 | 0.6 | 0 | 0 || 2026-06 | 高运 | 20244.49999999993 | 369842.77 | 7 | 6 | 7 | 1 | 4.4 | 18602 | 482 | 15661 | 352 | <PHONE_MASKED> | 0.02247621480109827 | <PHONE_MASKED> | 绩效扣除10% | 0 | 4.4 | 300 | 0.5 || 2026-01 | 高运 | 66843.97000000004 | 268649.86 | 3 | 2 | 1 | 1 | 0 | 9013 | 115 | 5854 | 81 | <PHONE_MASKED> | <PHONE_MASKED> | <PHONE_MASKED> | 无事发生 | 0 | 0 | 0 | 0,月份,月份:2026-01-01..2026-07-01,unknown_pending_business_confirmation,,0,False,Workbook sheet profiled locally; no source rows copied to output.
非药商务绩效+热销价+商家进度统计_2026-07-22_sub_高运.xlsx,绩效与商家销售额汇总\01_绩效\非药商务绩效+热销价+商家进度统计_2026-07-22_sub_高运.xlsx,xlsx,106261,2026-07-22T16:00:55,非药商务绩效+热销价+商家进度统计_DATE_sub_高运,READABLE,商业售后情况统计,20,8,月份 | 商务对接人1 | 当月订单数 | 当月商家原因售后订单数 | 上月订单数 | 上月商家原因售后订单数 | 当月商家原因售后订单率 | 上月商家原因售后订单率,202602 | 高运 | 9071 | 151 | 9006 | 115 | <PHONE_MASKED> | <PHONE_MASKED> || 202601 | 高运 | 9013 | 115 | 5854 | 81 | <PHONE_MASKED> | <PHONE_MASKED> || 202605 | 高运 | 15661 | 352 | 13589 | 281 | 0.02247621480109827 | 0.02067848995511075,月份,月份:2024-12-01..2026-07-01,unknown_pending_business_confirmation,,0,False,Workbook sheet profiled locally; no source rows copied to output.
非药商务绩效+热销价+商家进度统计_2026-07-22_sub_高运.xlsx,绩效与商家销售额汇总\01_绩效\非药商务绩效+热销价+商家进度统计_2026-07-22_sub_高运.xlsx,xlsx,106261,2026-07-22T16:00:55,非药商务绩效+热销价+商家进度统计_DATE_sub_高运,READABLE,商业售后情况,233,17,月份 | 供应商ID | 供应商名称 | 商业开店日期 | 当月订单数 | 上月订单数 | 当月售后订单数 | 上月售后订单数 | 当月商家原因售后订单数 | 上月商家原因售后订单数 | 商务对接人 | 供应商省份 | 运营名称 | 对应人 | 当月商家原因售后订单率 | 上月商家原因售后订单率 | 商家原因售后订单率环比,202510 | 22940 | 四川壹贝佳健康咨询 | 20250928 | 1077 | 1 | 42 | 0 | 8 | 0 | 高运 | 四川省 | 高运 | 高运 | <ID_MASKED> | 0 | 0 || 202509 | 21206 | 四川共创盛世商贸 | 20250414 | 291 | 580 | 16 | 15 | 4 | 6 | 高运 | 四川省 | None | 高运 | <PHONE_MASKED> | <PHONE_MASKED> | <PHONE_MASKED> || 202507 | 21206 | 四川共创盛世商贸 | 20250414 | 449 | 89 | 14 | 11 | 7 | 7 | 高运 | 四川省 | None | 高运 | <PHONE_MASKED> | <PHONE_MASKED> | <PHONE_MASKED>,月份 | 商业开店日期,月份:2024-12-01..2026-07-01 | 商业开店日期:2023-01-12..2026-07-17,unknown_pending_business_confirmation,供应商ID,0,False,Workbook sheet profiled locally; no source rows copied to output.
非药商务绩效+热销价+商家进度统计_2026-07-22_sub_高运.xlsx,绩效与商家销售额汇总\01_绩效\非药商务绩效+热销价+商家进度统计_2026-07-22_sub_高运.xlsx,xlsx,106261,2026-07-22T16:00:55,非药商务绩效+热销价+商家进度统计_DATE_sub_高运,READABLE,商业每月GMV,39,58,供应商ID | 供应商名称 | 供应商证件名称 | 供应商省份 | 供应商城市 | 商业类型 | 商业开店日期 | 商业首单日期 | 状态 | a202607 | a202606 | a202605 | a202604 | a202603 | a202602 | a202601 | a202512 | a202511 | a202510 | a202509 | a202508 | a202507 | a202506 | a202505 | a202504 | a202503 | a202502 | a202501 | a202412 | a202411 | a202410 | a202409 | a202408 | a202407 | a202406 | a202405 | a202404 | a202403 | a202402 | a202401 | a202312 | a202311 | a202310 | a202309 | a202308 | a202307 | a202306 | a202305 | a202304 | a202303 | a202302 | a202301 | 商务对接人 | 简称 | 运营名称 | 对应人 | 主店铺ID | 合并统计店铺,11628 | 子钦医疗 | 子钦医疗器械（重庆）股份有限公司 | 重庆市 | 重庆市 | None | 20230112 | 20230707 | 有效 | 316.2 | 1181 | 300 | 528 | 2176 | 1478 | 664 | 984 | 210 | 210 | 64 | 845 | 1398 | 906 | 175 | 745 | 613 | 1345 | 2055 | 175 | 1763 | 3198.8 | 2267 | 2305.9 | 4457.9 | 3969.42 | 1632.9 | 1848.9 | 1900.9 | 2435.34 | 4624.75 | 849.54 | 977.58 | 325.24 | 314.95 | 0 | 100 | 0 | 0 | 0 | 0 | 0 | 0 | 高运 | 子钦医疗 | None | 高运 | 11628 | 子钦医疗 || 21117 | 四川赤泉甘木生物科技 | 四川赤泉甘木生物科技有限公司 | 四川省 | 成都市 | None | 20250407 | 20250806 | 即将上架 | None | None | None | None | None | None | 753.97 | 812 | 3305.95 | 6072.6 | 1740 | 2950 | 0 | 0 | 0 | 0 | 0 | 0 | 0 | 0 | 0 | 0 | 0 | 0 | 0 | 0 | 0 | 0 | 0 | 0 | 0 | 0 | 0 | 0 | 0 | 0 | 0 | 0 | 0 | 0 | 0 | 0 | 0 | 高运 | 四川赤泉甘木生物科技 | 高运 | 高运 | 21117 | 四川赤泉甘木生物科技 || 21206 | 四川共创盛世商贸 | 四川共创盛世商贸有限公司 | 四川省 | 成都市 | None | 20250414 | 20250513 | 即将上架 | 1759.29 | 318553.35 | 288037.08 | 208811.94 | 292587.04 | 120386.2 | 106946.81 | 52606 | 89642.26 | 39036.46 | 58450.55 | 126189.06 | 94487.05 | 16273.3 | 280.4 | 0 | 0 | 0 | 0 | 0 | 0 | 0 | 0 | 0 | 0 | 0 | 0 | 0 | 0 | 0 | 0 | 0 | 0 | 0 | 0 | 0 | 0 | 0 | 0 | 0 | 0 | 0 | 0 | 高运 | 四川共创盛世商贸 | None | 高运 | 21206 | 四川共创盛世商贸,商业开店日期 | 商业首单日期,商业开店日期:2023-01-12..2026-07-17 | 商业首单日期:2023-07-07..2026-07-21,unknown_pending_business_confirmation,供应商ID | 主店铺ID,0,False,Workbook sheet profiled locally; no source rows copied to output.
非药商务绩效+热销价+商家进度统计_2026-07-22_sub_高运.xlsx,绩效与商家销售额汇总\01_绩效\非药商务绩效+热销价+商家进度统计_2026-07-22_sub_高运.xlsx,xlsx,106261,2026-07-22T16:00:55,非药商务绩效+热销价+商家进度统计_DATE_sub_高运,READABLE,新开商业情况,30,30,供应商ID | 简称 | 供应商省份 | 状态 | 商业保证金 | 实时在架sku数 | 主店铺ID | 月份 | GMV | 之前月份的峰值 | 在架天数5天以上sku数 | 月份差 | 商务对接人 | 动销店数 | 分店GMV | 新开有效 | 一线品牌品类gmv | 非重点品gmv | 之前月份的非重点品峰值 | 之前月份的重点品峰值 | 非重点品增量gmv | 重点品增量gmv | 保证金水平 | 有效计件 | 商业类型 | 开店月份 | 首单月份 | 增量分享标记 | 当月是否5万 | 预估五万达成,23871 | 好品惠 | 广东省 | 有效 | 50000 | 37 | 23871 | 2026-07 | 8401.64 | 9930.24 | 37 | 5 | 高运 | 30 | 8401.64 | 无效 | 6525.809999999999 | 1875.830000000001 | 1128.6 | 8801.64 | 747.2300000000005 | 0 | 50000 | 0 | 品牌店 | 2026-01 | 2026-02 | 0 | 0 | 0 || 24075 | 好尔思健康 | 四川省 | 有效 | 20000 | 738 | 22917 | 2026-07 | 240366.99 | 558654.71 | 762 | 5 | 高运 | 431 | 61834.66 | 无效 | 214885.86 | 25481.13 | 73409.32999999996 | 485245.38 | 0 | 0 | 20000 | 0 | 分店 | 2026-01 | 2026-01 | 0 | 1 | 1 || 24236 | 重庆即美购供应链管理 | 重庆市 | 有效 | 100000 | 31 | 24236 | 2026-07 | 460.66 | 1496.82 | 32 | 3 | 高运 | 9 | 460.66 | 无效 | 128.7 | 331.96 | 702.5 | 1264.06 | 0 | 0 | 20000 | 0 | 特殊政策新店 | 2026-03 | 2026-03 | 0 | 0 | 0,月份 | 开店月份 | 首单月份,月份:2026-07-01..2026-07-01 | 开店月份:2026-01-01..2026-07-01 | 首单月份:2026-01-01..2026-07-01,unknown_pending_business_confirmation,供应商ID | 主店铺ID,2,False,Workbook sheet profiled locally; no source rows copied to output.
非药商务绩效+热销价+商家进度统计_2026-07-22_sub_高运.xlsx,绩效与商家销售额汇总\01_绩效\非药商务绩效+热销价+商家进度统计_2026-07-22_sub_高运.xlsx,xlsx,106261,2026-07-22T16:00:55,非药商务绩效+热销价+商家进度统计_DATE_sub_高运,READABLE,新开商业情况历史版,318,47,供应商ID | 商业开店日期 | 商业首单日期 | 供应商省份 | 状态 | 商业保证金 | 保证金余额 | business_scope | 主营业务关键词 | type_scope | busi_scope | 分类经营范围 | 商品经营范围 | 冻结状态 | 实时在架sku数 | 主店铺ID | 月份 | GMV | 之前月份的峰值 | 增量gmv | 在架天数5天以上sku数 | 日期_dt | 参考月份_dt | 月份_dt | 月份差 | 商务对接人 | 简称 | 供应商证件全称 | 运营名称 | 一线品牌品类gmv | 动销店数 | 分店GMV | 新开有效 | 非重点品gmv | 之前月份的非重点品峰值 | 之前月份的重点品峰值 | 非重点品增量gmv | 重点品增量gmv | 保证金水平 | 商业类型 | 有效计件 | 开店月份 | 首单月份 | 增量分享标记 | 当月是否5万 | 日均gmv | 预估五万达成,"22679 | 20250829 | 20250917.0 | 江西省 | 有效 | 100000 | 100000 | 6,7,8,12,21 | 生活用品,外用,消毒用品,计生用品,化妆品 | None | 10,11,12,9 | None | 医疗器械（一类）,日用品,化妆品,消毒产品 | 0 | 33 | 22679 | 2026-07 | 23593.68 | 36585.54 | 0 | 33 | 2025-09-17 00:00:00 | 2025-10-17 00:00:00 | 2026-07-01 00:00:00 | 9 | 高运 | 江西古戈尔商贸 | 江西古戈尔商贸有限公司 | 高运 | 0 | 284 | 23593.68 | 无效 | 23593.68 | 36585.54 | 0 | 0 | 0 | 100000 | 普通店 | 0 | 2025-08 | 2025-09 | 0 | 0 | 1123.508571428571 | 0 || 22862 | 20250918 | 20251017.0 | 四川省 | 有效 | 100000 | 99926.6 | 0,2,6,8,21,28 | 生活用品,医疗器械,保健品,消毒用品,食品,计生用品 | None | 19,16,12,11,10,9,8,6 | None | 医疗器械（一类）,日用品,化妆品,消毒产品,保健食品,医疗器械（二类免备案... | 0 | 148 | 22862 | 2026-07 | 70986.71 | 476864.78 | 0 | 152 | 2025-10-17 00:00:00 | 2025-11-17 00:00:00 | 2026-07-01 00:00:00 | 8 | 高运 | 四川众恩德科技 | 四川众恩德科技有限公司 | 高运 | 46285.55 | 632 | 70986.71 | 无效 | 24701.16 | 40898.06 | 442572.18 | 0 | 0 | 100000 | 普通店 | 0 | 2025-09 | 2025-10 | 0 | 1 | <PHONE_MASKED> | 1 || 22917 | 20250925 | 20250926.0 | 四川省 | 有效 | 100000 | 98782.12 | 0,2,3,6,7,8 | 生活用品,医疗器械,保健品,营养品,计生用品,化妆品 | None | 19,16,12,11,10,9,8,6 | None | 医疗器械（一类）,日用品,化妆品,消毒产品,保健食品,医疗器械（二类免备案... | 0 | 954 | 22917 | 2026-07 | 240366.99 | 558654.71 | 0 | 965 | 2025-09-26 00:00:00 | 2025-10-26 00:00:00 | 2026-07-01 00:00:00 | 9 | 高运 | 成都天蕊贸易 | 成都天蕊贸易有限公司 | 高运 | 214885.86 | 1167 | 178532.33 | 无效 | 25481.13 | 73409.32999999996 | 485245.38 | 0 | 0 | 100000 | 普通店 | 0 | 2025-09 | 2025-09 | 0 | 1 | 8501.539523809523 | 1",商业开店日期 | 商业首单日期 | 月份 | 日期_dt | 参考月份_dt | 月份_dt | 开店月份 | 首单月份,商业开店日期:2025-08-29..2026-07-17 | 商业首单日期:2025-09-17..2026-07-21 | 月份:2025-01-01..2026-07-01 | 日期_dt:2025-09-17..2026-07-21 | 参考月份_dt:2025-10-17..2026-08-21 | 月份_dt:2025-01-01..2026-07-01 | 开店月份:2025-08-01..2026-07-01 | 首单月份:2025-09-01..2026-07-01,unknown_pending_business_confirmation,供应商ID | 主店铺ID,7,False,Workbook sheet profiled locally; no source rows copied to output.
非药商务绩效+热销价+商家进度统计_2026-07-22_sub_高运.xlsx,绩效与商家销售额汇总\01_绩效\非药商务绩效+热销价+商家进度统计_2026-07-22_sub_高运.xlsx,xlsx,106261,2026-07-22T16:00:55,非药商务绩效+热销价+商家进度统计_DATE_sub_高运,READABLE,医疗器械经营店,1,29,药店ID | 省份 | 市区 | full_name | 在药师帮注册日期 | 启用日期 | 药店首单日期 | BD | 是否添加微信 | 药采购权限审核通过日期 | 最近一次申请药采购权限时间 | 商务对接人 | 美团评级 | 标签 | 对接 | 负责人1 | 负责人2 | 商家组负责人 | 线索提供人* | 激励 | BD线索 | a202601 | a202602 | a202603 | a202604 | a202605 | a202606 | a202607 | 新开标签,3389366 | 重庆市 | 重庆市 | 重庆康美迪贸易有限公司 | 2024-08-27 14:21:20 | 2025-09-13 11:04:56 | 2025-11-13 14:23:27 | 唐雯琦 | 0 | 2025-09-13 11:04:56 | 2025-09-13 11:04:56 | 高运 | 0 | None | None | None | None | nan | nan | nan | nan | 0 | 0 | 0 | 0 | 0 | 0 | 0 | None,在药师帮注册日期 | 启用日期 | 药店首单日期 | 药采购权限审核通过日期 | 最近一次申请药采购权限时间,在药师帮注册日期:2024-08-27..2024-08-27 | 启用日期:2025-09-13..2025-09-13 | 药店首单日期:2025-11-13..2025-11-13 | 药采购权限审核通过日期:2025-09-13..2025-09-13 | 最近一次申请药采购权限时间:2025-09-13..2025-09-13,unknown_pending_business_confirmation,药店ID,0,False,Workbook sheet profiled locally; no source rows copied to output.
非药商务绩效+热销价+商家进度统计_2026-07-22_sub_高运.xlsx,绩效与商家销售额汇总\01_绩效\非药商务绩效+热销价+商家进度统计_2026-07-22_sub_高运.xlsx,xlsx,106261,2026-07-22T16:00:55,非药商务绩效+热销价+商家进度统计_DATE_sub_高运,READABLE,新开商业补充保证金情况,1,10,供应商ID | 月份 | 简称 | 状态 | 商务对接人 | 最新保证金水平 | 过去保证金水平 | 过去有效计件 | 补充新开系数 | 最新当月有效计件,24447 | 2026-04 | 成都德善堂生物科技 | 有效 | 高运 | 100000 | 10000 | 0.2 | 0 | 0,月份,月份:2026-04-01..2026-04-01,unknown_pending_business_confirmation,供应商ID,0,False,Workbook sheet profiled locally; no source rows copied to output.
非药商务绩效+热销价+商家进度统计_2026-07-27_sub_高运.xlsx,绩效与商家销售额汇总\01_绩效\非药商务绩效+热销价+商家进度统计_2026-07-27_sub_高运.xlsx,xlsx,119556,2026-07-27T11:28:16,非药商务绩效+热销价+商家进度统计_DATE_sub_高运,READABLE,总体目标,7,21,月份 | 商务对接人 | 非重点品增量gmv | 重点品增量gmv | 新开6个月内5万商家数 | 开店商业数 | 首单商业数 | 品牌店开店商业数 | 有效新开数 | 当月订单数 | 当月商家原因售后订单数 | 上月订单数 | 上月商家原因售后订单数 | 当月商家原因售后订单率 | 上月商家原因售后订单率 | 当月商家原因售后订单率环比 | 售后备注 | 补充新开系数 | 新开系数 | 对应每家计件奖金 | 破峰提成系数,2026-02 | 高运 | <PHONE_MASKED> | 49572.46999999999 | 4 | None | 1 | None | 1.2 | 9530 | 167 | 9566 | 127 | <PHONE_MASKED> | <PHONE_MASKED> | <PHONE_MASKED> | 绩效扣除10% | 0 | 1.2 | 0 | 0 || 2026-05 | 高运 | 51825.07 | 13129.34 | 5 | 4 | 5 | 1 | 1.3 | 16095 | 363 | 14020 | 293 | 0.02255358807082945 | 0.02089871611982881 | <PHONE_MASKED> | 绩效扣除10% | 0 | 1.3 | 0 | 0 || 2026-07 | 高运 | 84925.55000000002 | 148188.73 | 11 | 4 | 3 | None | 1.1 | 17367 | 322 | 18944 | 486 | <PHONE_MASKED> | 0.02565456081081081 | -0.2772859742271718 | 无事发生 | 0 | 1.1 | 0 | 0,月份,月份:2026-01-01..2026-07-01,unknown_pending_business_confirmation,,0,False,Workbook sheet profiled locally; no source rows copied to output.
非药商务绩效+热销价+商家进度统计_2026-07-27_sub_高运.xlsx,绩效与商家销售额汇总\01_绩效\非药商务绩效+热销价+商家进度统计_2026-07-27_sub_高运.xlsx,xlsx,119556,2026-07-27T11:28:16,非药商务绩效+热销价+商家进度统计_DATE_sub_高运,READABLE,商业售后情况统计,20,8,月份 | 商务对接人1 | 当月订单数 | 当月商家原因售后订单数 | 上月订单数 | 上月商家原因售后订单数 | 当月商家原因售后订单率 | 上月商家原因售后订单率,202512 | 高运 | 6586 | 99 | 7139 | 104 | <PHONE_MASKED> | <PHONE_MASKED> || 202503 | 高运 | 1200 | 65 | 1228 | 88 | <PHONE_MASKED> | <PHONE_MASKED> || 202502 | 高运 | 1228 | 88 | 1036 | 57 | <PHONE_MASKED> | <PHONE_MASKED>,月份,月份:2024-12-01..2026-07-01,unknown_pending_business_confirmation,,0,False,Workbook sheet profiled locally; no source rows copied to output.
非药商务绩效+热销价+商家进度统计_2026-07-27_sub_高运.xlsx,绩效与商家销售额汇总\01_绩效\非药商务绩效+热销价+商家进度统计_2026-07-27_sub_高运.xlsx,xlsx,119556,2026-07-27T11:28:16,非药商务绩效+热销价+商家进度统计_DATE_sub_高运,READABLE,商业售后情况,250,17,月份 | 供应商ID | 供应商名称 | 商业开店日期 | 当月订单数 | 上月订单数 | 当月售后订单数 | 上月售后订单数 | 当月商家原因售后订单数 | 上月商家原因售后订单数 | 商务对接人 | 供应商省份 | 运营名称 | 对应人 | 当月商家原因售后订单率 | 上月商家原因售后订单率 | 商家原因售后订单率环比,202510 | 22940 | 四川壹贝佳健康咨询 | 20250928 | 1077 | 1 | 42 | 0 | 8 | 0 | 高运 | 四川省 | 高运 | 高运 | <ID_MASKED> | 0 | 0 || 202602 | 21964 | 四川承泰仁商贸 | 20250619 | 350 | 396 | 12 | 6 | 3 | 1 | 高运 | 四川省 | 高运 | 高运 | <PHONE_MASKED> | <ID_MASKED> | 2.394285714285714 || 202605 | 24474 | 成都三合力医疗用品 | 20260325 | 9 | 4 | 0 | 0 | 0 | 0 | 高运 | 四川省 | 高运 | 高运 | 0 | 0 | 0,月份 | 商业开店日期,月份:2024-12-01..2026-07-01 | 商业开店日期:2023-01-12..2026-07-15,unknown_pending_business_confirmation,供应商ID,0,False,Workbook sheet profiled locally; no source rows copied to output.
非药商务绩效+热销价+商家进度统计_2026-07-27_sub_高运.xlsx,绩效与商家销售额汇总\01_绩效\非药商务绩效+热销价+商家进度统计_2026-07-27_sub_高运.xlsx,xlsx,119556,2026-07-27T11:28:16,非药商务绩效+热销价+商家进度统计_DATE_sub_高运,READABLE,商业每月GMV,38,58,供应商ID | 供应商名称 | 供应商证件名称 | 供应商省份 | 供应商城市 | 商业类型 | 商业开店日期 | 商业首单日期 | 状态 | a202607 | a202606 | a202605 | a202604 | a202603 | a202602 | a202601 | a202512 | a202511 | a202510 | a202509 | a202508 | a202507 | a202506 | a202505 | a202504 | a202503 | a202502 | a202501 | a202412 | a202411 | a202410 | a202409 | a202408 | a202407 | a202406 | a202405 | a202404 | a202403 | a202402 | a202401 | a202312 | a202311 | a202310 | a202309 | a202308 | a202307 | a202306 | a202305 | a202304 | a202303 | a202302 | a202301 | 商务对接人 | 简称 | 运营名称 | 对应人 | 主店铺ID | 合并统计店铺,11628 | 子钦医疗 | 子钦医疗器械（重庆）股份有限公司 | 重庆市 | 重庆市 | None | 20230112 | 20230707 | 有效 | 2596.2 | 1181 | 300 | 528 | 2176 | 1478 | 664 | 984 | 210 | 210 | 64 | 845 | 1398 | 906 | 175 | 745 | 613 | 1345 | 2055 | 175 | 1763 | 3198.8 | 2267 | 2305.9 | 4457.9 | 3969.42 | 1632.9 | 1848.9 | 1900.9 | 2435.34 | 4624.75 | 849.54 | 977.58 | 325.24 | 314.95 | 0 | 100 | 0 | 0 | 0 | 0 | 0 | 0 | 高运 | 子钦医疗 | None | 高运 | 11628 | 子钦医疗 || 11984 | 四川北尘 | 四川省北尘医药科技有限公司 | 四川省 | 成都市 | None | 20230216 | 20230308 | 有效 | 37005 | 36901.56 | 44156.78 | 44120.67 | 63283.81 | 52528.5 | 59338.99 | 82448.34 | 47545.26 | 70992.39 | 73251.71 | 63355.03 | 41128.81 | 30131.56 | 30319.78 | 125657.71 | 126389.26 | 42059.48 | 51651.49 | 49892.86 | 65085.17 | 77585.72 | 79720.73 | 56772.47 | 49677.17 | 73864.91 | 60790.03 | 90706.07 | 121257.92 | 70187.27 | 94529.7 | 102807.2 | 112600.73 | 112943.43 | 89132.77 | 151644.67 | 169361.71 | 86209.46 | 189073.73 | 149466.67 | 66989.08 | 0 | 0 | None | 四川北尘 | 高运 | 高运 | 11984 | 四川北尘 || 21117 | 四川赤泉甘木生物科技 | 四川赤泉甘木生物科技有限公司 | 四川省 | 成都市 | None | 20250407 | 20250806 | 即将上架 | None | None | None | None | None | None | 753.97 | 812 | 3305.95 | 6072.6 | 1740 | 2950 | 0 | 0 | 0 | 0 | 0 | 0 | 0 | 0 | 0 | 0 | 0 | 0 | 0 | 0 | 0 | 0 | 0 | 0 | 0 | 0 | 0 | 0 | 0 | 0 | 0 | 0 | 0 | 0 | 0 | 0 | 0 | 高运 | 四川赤泉甘木生物科技 | 高运 | 高运 | 21117 | 四川赤泉甘木生物科技,商业开店日期 | 商业首单日期,商业开店日期:2023-01-12..2026-07-15 | 商业首单日期:2023-03-08..2026-07-21,unknown_pending_business_confirmation,供应商ID | 主店铺ID,0,False,Workbook sheet profiled locally; no source rows copied to output.
非药商务绩效+热销价+商家进度统计_2026-07-27_sub_高运.xlsx,绩效与商家销售额汇总\01_绩效\非药商务绩效+热销价+商家进度统计_2026-07-27_sub_高运.xlsx,xlsx,119556,2026-07-27T11:28:16,非药商务绩效+热销价+商家进度统计_DATE_sub_高运,READABLE,新开商业情况,25,30,供应商ID | 简称 | 供应商省份 | 状态 | 商业保证金 | 实时在架sku数 | 主店铺ID | 月份 | GMV | 之前月份的峰值 | 在架天数5天以上sku数 | 月份差 | 商务对接人 | 动销店数 | 分店GMV | 新开有效 | 一线品牌品类gmv | 非重点品gmv | 之前月份的非重点品峰值 | 之前月份的重点品峰值 | 非重点品增量gmv | 重点品增量gmv | 保证金水平 | 有效计件 | 商业类型 | 开店月份 | 首单月份 | 增量分享标记 | 当月是否5万 | 预估五万达成,23871 | 好品惠 | 广东省 | 有效 | 50000 | 37 | 23871 | 2026-07 | 10512.76 | 9930.24 | 37 | 5 | 高运 | 35 | 10512.76 | 无效 | 8013.73 | 2499.030000000001 | 1128.6 | 8801.64 | 1370.43 | 0 | 50000 | 0 | 品牌店 | 2026-01 | 2026-02 | 0 | 0 | 0 || 24075 | 好尔思健康 | 四川省 | 有效 | 20000 | 738 | 22917 | 2026-07 | 328488.74 | 558654.71 | 770 | 5 | 高运 | 565 | 84034.64 | 无效 | 293204.18 | 35284.56 | 73409.32999999996 | 485245.38 | 0 | 0 | 20000 | 0 | 分店 | 2026-01 | 2026-01 | 0 | 1 | 1 || 24236 | 重庆即美购供应链管理 | 重庆市 | 有效 | 100000 | 31 | 24236 | 2026-07 | 590.56 | 1496.82 | 32 | 3 | 高运 | 12 | 590.56 | 无效 | 178.2 | 412.36 | 702.5 | 1264.06 | 0 | 0 | 20000 | 0 | 特殊政策新店 | 2026-03 | 2026-03 | 0 | 0 | 0,月份 | 开店月份 | 首单月份,月份:2026-07-01..2026-07-01 | 开店月份:2026-01-01..2026-07-01 | 首单月份:2026-01-01..2026-07-01,unknown_pending_business_confirmation,供应商ID | 主店铺ID,0,False,Workbook sheet profiled locally; no source rows copied to output.
非药商务绩效+热销价+商家进度统计_2026-07-27_sub_高运.xlsx,绩效与商家销售额汇总\01_绩效\非药商务绩效+热销价+商家进度统计_2026-07-27_sub_高运.xlsx,xlsx,119556,2026-07-27T11:28:16,非药商务绩效+热销价+商家进度统计_DATE_sub_高运,READABLE,新开商业情况历史版,279,47,供应商ID | 商业开店日期 | 商业首单日期 | 供应商省份 | 状态 | 商业保证金 | 保证金余额 | business_scope | 主营业务关键词 | type_scope | busi_scope | 分类经营范围 | 商品经营范围 | 冻结状态 | 实时在架sku数 | 主店铺ID | 月份 | GMV | 之前月份的峰值 | 增量gmv | 在架天数5天以上sku数 | 日期_dt | 参考月份_dt | 月份_dt | 月份差 | 商务对接人 | 简称 | 供应商证件全称 | 运营名称 | 一线品牌品类gmv | 动销店数 | 分店GMV | 新开有效 | 非重点品gmv | 之前月份的非重点品峰值 | 之前月份的重点品峰值 | 非重点品增量gmv | 重点品增量gmv | 保证金水平 | 商业类型 | 有效计件 | 开店月份 | 首单月份 | 增量分享标记 | 当月是否5万 | 日均gmv | 预估五万达成,"22679 | 20250829 | 20250917.0 | 江西省 | 有效 | 100000 | 100000 | 6,7,8,12,21 | 生活用品,外用,消毒用品,计生用品,化妆品 | None | 10,11,12,9 | None | 医疗器械（一类）,日用品,化妆品,消毒产品 | 0 | 33 | 22679 | 2026-07 | 28682.78 | 36585.54 | 0 | 33 | 2025-09-17 00:00:00 | 2025-10-17 00:00:00 | 2026-07-01 00:00:00 | 9 | 高运 | 江西古戈尔商贸 | 江西古戈尔商贸有限公司 | 高运 | 0 | 333 | 28682.78 | 无效 | 28682.78 | 36585.54 | 0 | 0 | 0 | 100000 | 普通店 | 0 | 2025-08 | 2025-09 | 0 | 0 | <PHONE_MASKED> | 0 || 22862 | 20250918 | 20251017.0 | 四川省 | 有效 | 100000 | 99926.6 | 0,2,6,8,21,28 | 生活用品,医疗器械,保健品,消毒用品,食品,计生用品 | None | 19,16,12,11,10,9,8,6 | None | 医疗器械（一类）,日用品,化妆品,消毒产品,保健食品,医疗器械（二类免备案... | 0 | 152 | 22862 | 2026-07 | 87976.09 | 476864.78 | 0 | 152 | 2025-10-17 00:00:00 | 2025-11-17 00:00:00 | 2026-07-01 00:00:00 | 8 | 高运 | 四川众恩德科技 | 四川众恩德科技有限公司 | 高运 | 62995.8 | 777 | 87976.09 | 无效 | 24980.28999999999 | 40898.06 | 442572.18 | 0 | 0 | 100000 | 普通店 | 0 | 2025-09 | 2025-10 | 0 | 1 | 3383.695769230769 | 1 || 22917 | 20250925 | 20250926.0 | 四川省 | 有效 | 100000 | 98768.96 | 0,2,3,6,7,8 | 生活用品,医疗器械,保健品,营养品,计生用品,化妆品 | None | 19,16,12,11,10,9,8,6 | None | 医疗器械（一类）,日用品,化妆品,消毒产品,保健食品,医疗器械（二类免备案... | 0 | 956 | 22917 | 2026-07 | 328488.74 | 558654.71 | 0 | 972 | 2025-09-26 00:00:00 | 2025-10-26 00:00:00 | 2026-07-01 00:00:00 | 9 | 高运 | 成都天蕊贸易 | 成都天蕊贸易有限公司 | 高运 | 293204.18 | 1449 | 244454.1 | 无效 | 35284.56 | 73409.32999999996 | 485245.38 | 0 | 0 | 100000 | 普通店 | 0 | 2025-09 | 2025-09 | 0 | 1 | 9402.08076923077 | 1",商业开店日期 | 商业首单日期 | 月份 | 日期_dt | 参考月份_dt | 月份_dt | 开店月份 | 首单月份,商业开店日期:2025-08-29..2026-07-17 | 商业首单日期:2025-09-17..2026-07-21 | 月份:2025-01-01..2026-07-01 | 日期_dt:2025-09-17..2026-07-21 | 参考月份_dt:2025-10-17..2026-08-21 | 月份_dt:2025-01-01..2026-07-01 | 开店月份:2025-08-01..2026-07-01 | 首单月份:2025-09-01..2026-07-01,unknown_pending_business_confirmation,供应商ID | 主店铺ID,0,False,Workbook sheet profiled locally; no source rows copied to output.
非药商务绩效+热销价+商家进度统计_2026-07-27_sub_高运.xlsx,绩效与商家销售额汇总\01_绩效\非药商务绩效+热销价+商家进度统计_2026-07-27_sub_高运.xlsx,xlsx,119556,2026-07-27T11:28:16,非药商务绩效+热销价+商家进度统计_DATE_sub_高运,READABLE,医疗器械经营店,1,29,药店ID | 省份 | 市区 | full_name | 在药师帮注册日期 | 启用日期 | 药店首单日期 | BD | 是否添加微信 | 药采购权限审核通过日期 | 最近一次申请药采购权限时间 | 商务对接人 | 美团评级 | 标签 | 对接 | 负责人1 | 负责人2 | 商家组负责人 | 线索提供人* | 激励 | BD线索 | a202601 | a202602 | a202603 | a202604 | a202605 | a202606 | a202607 | 新开标签,3389366 | 重庆市 | 重庆市 | 重庆康美迪贸易有限公司 | 2024-08-27 14:21:20 | 2025-09-13 11:04:56 | 2025-11-13 14:23:27 | 唐雯琦 | 0 | 2025-09-13 11:04:56 | 2025-09-13 11:04:56 | 高运 | 0 | None | None | None | None | nan | nan | nan | nan | 0 | 0 | 0 | 0 | 0 | 0 | 0 | None,在药师帮注册日期 | 启用日期 | 药店首单日期 | 药采购权限审核通过日期 | 最近一次申请药采购权限时间,在药师帮注册日期:2024-08-27..2024-08-27 | 启用日期:2025-09-13..2025-09-13 | 药店首单日期:2025-11-13..2025-11-13 | 药采购权限审核通过日期:2025-09-13..2025-09-13 | 最近一次申请药采购权限时间:2025-09-13..2025-09-13,unknown_pending_business_confirmation,药店ID,0,False,Workbook sheet profiled locally; no source rows copied to output.
非药商务绩效+热销价+商家进度统计_2026-07-27_sub_高运.xlsx,绩效与商家销售额汇总\01_绩效\非药商务绩效+热销价+商家进度统计_2026-07-27_sub_高运.xlsx,xlsx,119556,2026-07-27T11:28:16,非药商务绩效+热销价+商家进度统计_DATE_sub_高运,READABLE,新开商业补充保证金情况,1,10,供应商ID | 月份 | 简称 | 状态 | 商务对接人 | 最新保证金水平 | 过去保证金水平 | 过去有效计件 | 补充新开系数 | 最新当月有效计件,24447 | 2026-04 | 成都德善堂生物科技 | 有效 | 高运 | 100000 | 10000 | 0.2 | 0 | 0,月份,月份:2026-04-01..2026-04-01,unknown_pending_business_confirmation,供应商ID,0,False,Workbook sheet profiled locally; no source rows copied to output.
非药商务绩效+热销价+商家进度统计_2026-07-28_sub_高运.xlsx,绩效与商家销售额汇总\01_绩效\非药商务绩效+热销价+商家进度统计_2026-07-28_sub_高运.xlsx,xlsx,100335,2026-07-28T09:07:51,非药商务绩效+热销价+商家进度统计_DATE_sub_高运,READABLE,总体目标,7,21,月份 | 商务对接人 | 非重点品增量gmv | 重点品增量gmv | 新开6个月内5万商家数 | 开店商业数 | 首单商业数 | 品牌店开店商业数 | 有效新开数 | 当月订单数 | 当月商家原因售后订单数 | 上月订单数 | 上月商家原因售后订单数 | 当月商家原因售后订单率 | 上月商家原因售后订单率 | 当月商家原因售后订单率环比 | 售后备注 | 补充新开系数 | 新开系数 | 对应每家计件奖金 | 破峰提成系数,2026-06 | 高运 | 2977.01999999994 | 234627.48 | 6 | 4 | 5 | 1 | 1.4 | 18099 | 454 | 16059 | 359 | 0.02508425879882866 | 0.02235506569524877 | <PHONE_MASKED> | 绩效扣除10% | 0 | 1.4 | 0 | 0 || 2026-01 | 高运 | 66843.96000000004 | 268649.8700000001 | 3 | 2 | 1 | None | 0 | 9573 | 127 | 6586 | 99 | <PHONE_MASKED> | <PHONE_MASKED> | <PHONE_MASKED> | 无事发生 | 0 | 0 | 0 | 0 || 2026-04 | 高运 | 9604.430000000002 | 249728.71 | 5 | 4 | 5 | None | 1.2 | 14020 | 293 | 13624 | 207 | 0.02089871611982881 | <PHONE_MASKED> | 0.3754787846210037 | 绩效扣除10% | 0 | 1.2 | 0 | 0,月份,月份:2026-01-01..2026-07-01,unknown_pending_business_confirmation,,0,False,Workbook sheet profiled locally; no source rows copied to output.
非药商务绩效+热销价+商家进度统计_2026-07-28_sub_高运.xlsx,绩效与商家销售额汇总\01_绩效\非药商务绩效+热销价+商家进度统计_2026-07-28_sub_高运.xlsx,xlsx,100335,2026-07-28T09:07:51,非药商务绩效+热销价+商家进度统计_DATE_sub_高运,READABLE,商业售后情况统计,20,8,月份 | 商务对接人1 | 当月订单数 | 当月商家原因售后订单数 | 上月订单数 | 上月商家原因售后订单数 | 当月商家原因售后订单率 | 上月商家原因售后订单率,202605 | 高运 | 16059 | 359 | 14020 | 293 | 0.02235506569524877 | 0.02089871611982881 || 202501 | 高运 | 1036 | 57 | 1123 | 49 | <PHONE_MASKED> | <PHONE_MASKED> || 202601 | 高运 | 9573 | 127 | 6586 | 99 | <PHONE_MASKED> | <PHONE_MASKED>,月份,月份:2024-12-01..2026-07-01,unknown_pending_business_confirmation,,0,False,Workbook sheet profiled locally; no source rows copied to output.
非药商务绩效+热销价+商家进度统计_2026-07-28_sub_高运.xlsx,绩效与商家销售额汇总\01_绩效\非药商务绩效+热销价+商家进度统计_2026-07-28_sub_高运.xlsx,xlsx,100335,2026-07-28T09:07:51,非药商务绩效+热销价+商家进度统计_DATE_sub_高运,READABLE,商业售后情况,243,17,月份 | 供应商ID | 供应商名称 | 商业开店日期 | 当月订单数 | 上月订单数 | 当月售后订单数 | 上月售后订单数 | 当月商家原因售后订单数 | 上月商家原因售后订单数 | 商务对接人 | 供应商省份 | 运营名称 | 对应人 | 当月商家原因售后订单率 | 上月商家原因售后订单率 | 商家原因售后订单率环比,202602 | 22862 | 四川众恩德科技 | 20250918 | 878 | 756 | 48 | 29 | 22 | 10 | 高运 | 四川省 | 高运 | 高运 | 0.02505694760820045 | <PHONE_MASKED> | 0.8943052391799544 || 202605 | 24075 | 好尔思健康 | 20260128 | 844 | 885 | 33 | 43 | 17 | 26 | 高运 | 四川省 | 高运 | 高运 | <PHONE_MASKED> | 0.02937853107344633 | <PHONE_MASKED> || 202503 | 11628 | 子钦医疗 | 20230112 | 5 | 3 | 2 | 0 | 0 | 0 | 高运 | 重庆市 | None | 高运 | 0 | 0 | 0,月份 | 商业开店日期,月份:2024-12-01..2026-07-01 | 商业开店日期:2023-01-12..2026-07-07,unknown_pending_business_confirmation,供应商ID,0,False,Workbook sheet profiled locally; no source rows copied to output.
非药商务绩效+热销价+商家进度统计_2026-07-28_sub_高运.xlsx,绩效与商家销售额汇总\01_绩效\非药商务绩效+热销价+商家进度统计_2026-07-28_sub_高运.xlsx,xlsx,100335,2026-07-28T09:07:51,非药商务绩效+热销价+商家进度统计_DATE_sub_高运,READABLE,商业每月GMV,34,58,供应商ID | 供应商名称 | 供应商证件名称 | 供应商省份 | 供应商城市 | 商业类型 | 商业开店日期 | 商业首单日期 | 状态 | a202607 | a202606 | a202605 | a202604 | a202603 | a202602 | a202601 | a202512 | a202511 | a202510 | a202509 | a202508 | a202507 | a202506 | a202505 | a202504 | a202503 | a202502 | a202501 | a202412 | a202411 | a202410 | a202409 | a202408 | a202407 | a202406 | a202405 | a202404 | a202403 | a202402 | a202401 | a202312 | a202311 | a202310 | a202309 | a202308 | a202307 | a202306 | a202305 | a202304 | a202303 | a202302 | a202301 | 商务对接人 | 简称 | 运营名称 | 对应人 | 主店铺ID | 合并统计店铺,11628 | 子钦医疗 | 子钦医疗器械（重庆）股份有限公司 | 重庆市 | 重庆市 | None | 20230112 | 20230707 | 有效 | 3169.2 | 1181 | 300 | 528 | 2176 | 1478 | 664 | 984 | 210 | 210 | 64 | 845 | 1398 | 906 | 175 | 745 | 613 | 1345 | 2055 | 175 | 1763 | 3198.8 | 2267 | 2305.9 | 4457.9 | 3969.42 | 1632.9 | 1848.9 | 1900.9 | 2435.34 | 4624.75 | 849.54 | 977.58 | 325.24 | 314.95 | 0 | 100 | 0 | 0 | 0 | 0 | 0 | 0 | 高运 | 子钦医疗 | None | 高运 | 11628 | 子钦医疗 || 11984 | 四川北尘 | 四川省北尘医药科技有限公司 | 四川省 | 成都市 | None | 20230216 | 20230308 | 有效 | 38552.74 | 36901.56 | 44156.78 | 44120.67 | 63283.81 | 52528.5 | 59338.99 | 82448.34 | 47545.26 | 70992.39 | 73251.71 | 63355.03 | 41128.81 | 30131.56 | 30319.78 | 125657.71 | 126389.26 | 42059.48 | 51651.49 | 49892.86 | 65085.17 | 77585.72 | 79720.73 | 56772.47 | 49677.17 | 73864.91 | 60790.03 | 90706.07 | 121257.92 | 70187.27 | 94529.7 | 102807.2 | 112600.73 | 112943.43 | 89132.77 | 151644.67 | 169361.71 | 86209.46 | 189073.73 | 149466.67 | 66989.08 | 0 | 0 | None | 四川北尘 | 高运 | 高运 | 11984 | 四川北尘 || 21117 | 四川赤泉甘木生物科技 | 四川赤泉甘木生物科技有限公司 | 四川省 | 成都市 | None | 20250407 | 20250806 | 即将上架 | None | None | None | None | None | None | 753.97 | 812 | 3305.95 | 6072.6 | 1740 | 2950 | 0 | 0 | 0 | 0 | 0 | 0 | 0 | 0 | 0 | 0 | 0 | 0 | 0 | 0 | 0 | 0 | 0 | 0 | 0 | 0 | 0 | 0 | 0 | 0 | 0 | 0 | 0 | 0 | 0 | 0 | 0 | 高运 | 四川赤泉甘木生物科技 | 高运 | 高运 | 21117 | 四川赤泉甘木生物科技,商业开店日期 | 商业首单日期,商业开店日期:2023-01-12..2026-07-07 | 商业首单日期:2023-03-08..2026-07-08,unknown_pending_business_confirmation,供应商ID | 主店铺ID,0,False,Workbook sheet profiled locally; no source rows copied to output.
非药商务绩效+热销价+商家进度统计_2026-07-28_sub_高运.xlsx,绩效与商家销售额汇总\01_绩效\非药商务绩效+热销价+商家进度统计_2026-07-28_sub_高运.xlsx,xlsx,100335,2026-07-28T09:07:51,非药商务绩效+热销价+商家进度统计_DATE_sub_高运,READABLE,新开商业情况,21,30,供应商ID | 简称 | 供应商省份 | 状态 | 商业保证金 | 实时在架sku数 | 主店铺ID | 月份 | GMV | 之前月份的峰值 | 在架天数5天以上sku数 | 月份差 | 商务对接人 | 动销店数 | 分店GMV | 新开有效 | 一线品牌品类gmv | 非重点品gmv | 之前月份的非重点品峰值 | 之前月份的重点品峰值 | 非重点品增量gmv | 重点品增量gmv | 保证金水平 | 有效计件 | 商业类型 | 开店月份 | 首单月份 | 增量分享标记 | 当月是否5万 | 预估五万达成,23871 | 好品惠 | 广东省 | 有效 | 50000 | 37 | 23871 | 2026-07 | 10902.26 | 9930.24 | 37 | 5 | 高运 | 35 | 10902.26 | 无效 | 8013.73 | 2888.530000000001 | 1128.6 | 8801.64 | 1759.93 | 0 | 50000 | 0 | 品牌店 | 2026-01 | 2026-02 | 0 | 0 | 0 || 24075 | 好尔思健康 | 四川省 | 有效 | 20000 | 737 | 22917 | 2026-07 | 352300.77 | 558654.71 | 770 | 5 | 高运 | 585 | 87751.33 | 无效 | 310768.66 | <PHONE_MASKED> | 73409.32999999996 | 485245.38 | 0 | 0 | 20000 | 0 | 分店 | 2026-01 | 2026-01 | 0 | 1 | 1 || 24236 | 重庆即美购供应链管理 | 重庆市 | 有效 | 100000 | 31 | 24236 | 2026-07 | 630.76 | 1496.82 | 32 | 3 | 高运 | 13 | 630.76 | 无效 | 178.2 | 452.56 | 702.5 | 1264.06 | 0 | 0 | 20000 | 0 | 特殊政策新店 | 2026-03 | 2026-03 | 0 | 0 | 0,月份 | 开店月份 | 首单月份,月份:2026-07-01..2026-07-01 | 开店月份:2026-01-01..2026-07-01 | 首单月份:2026-01-01..2026-07-01,unknown_pending_business_confirmation,供应商ID | 主店铺ID,0,False,Workbook sheet profiled locally; no source rows copied to output.
非药商务绩效+热销价+商家进度统计_2026-07-28_sub_高运.xlsx,绩效与商家销售额汇总\01_绩效\非药商务绩效+热销价+商家进度统计_2026-07-28_sub_高运.xlsx,xlsx,100335,2026-07-28T09:07:51,非药商务绩效+热销价+商家进度统计_DATE_sub_高运,READABLE,新开商业情况历史版,289,47,供应商ID | 商业开店日期 | 商业首单日期 | 供应商省份 | 状态 | 商业保证金 | 保证金余额 | business_scope | 主营业务关键词 | type_scope | busi_scope | 分类经营范围 | 商品经营范围 | 冻结状态 | 实时在架sku数 | 主店铺ID | 月份 | GMV | 之前月份的峰值 | 增量gmv | 在架天数5天以上sku数 | 日期_dt | 参考月份_dt | 月份_dt | 月份差 | 商务对接人 | 简称 | 供应商证件全称 | 运营名称 | 一线品牌品类gmv | 动销店数 | 分店GMV | 新开有效 | 非重点品gmv | 之前月份的非重点品峰值 | 之前月份的重点品峰值 | 非重点品增量gmv | 重点品增量gmv | 保证金水平 | 商业类型 | 有效计件 | 开店月份 | 首单月份 | 增量分享标记 | 当月是否5万 | 日均gmv | 预估五万达成,"22679 | 20250829 | 20250917.0 | 江西省 | 有效 | 100000 | 100000 | 6,7,8,12,21 | 外用,生活用品,化妆品,计生用品,消毒用品 | None | 10,11,12,9 | None | 日用品,医疗器械（一类）,消毒产品,化妆品 | 0 | 33 | 22679 | 2026-07 | 30138.98 | 36585.54 | 0 | 33 | 2025-09-17 00:00:00 | 2025-10-17 00:00:00 | 2026-07-01 00:00:00 | 9 | 高运 | 江西古戈尔商贸 | 江西古戈尔商贸有限公司 | 高运 | 0 | 348 | 30138.98 | 无效 | 30138.98 | 36585.54 | 0 | 0 | 0 | 100000 | 普通店 | 0 | 2025-08 | 2025-09 | 0 | 0 | 1116.258518518518 | 0 || 22862 | 20250918 | 20251017.0 | 四川省 | 有效 | 100000 | 99926.6 | 0,2,6,8,21,28 | 医疗器械,生活用品,计生用品,食品,消毒用品,保健品 | None | 19,16,12,11,10,9,8,6 | None | 日用品,医疗器械（一类）,食品,医疗器械（二类）,医疗器械（二类免备案）,... | 0 | 151 | 22862 | 2026-07 | 93933.21 | 476864.78 | 0 | 153 | 2025-10-17 00:00:00 | 2025-11-17 00:00:00 | 2026-07-01 00:00:00 | 8 | 高运 | 四川众恩德科技 | 四川众恩德科技有限公司 | 高运 | 68635.7 | 820 | 93933.21 | 无效 | 25297.51000000001 | 40898.06 | 442572.18 | 0 | 0 | 100000 | 普通店 | 0 | 2025-09 | 2025-10 | 0 | 1 | 3479.007777777778 | 1 || 22917 | 20250925 | 20250926.0 | 四川省 | 有效 | 100000 | 98768.96 | 0,2,3,6,7,8 | 医疗器械,生活用品,化妆品,计生用品,营养品,保健品 | None | 19,16,12,11,10,9,8,6 | None | 日用品,医疗器械（一类）,食品,医疗器械（二类）,医疗器械（二类免备案）,... | 0 | 952 | 22917 | 2026-07 | 352300.77 | 558654.71 | 0 | 975 | 2025-09-26 00:00:00 | 2025-10-26 00:00:00 | 2026-07-01 00:00:00 | 9 | 高运 | 成都天蕊贸易 | 成都天蕊贸易有限公司 | 高运 | 310768.66 | 1532 | 264549.44 | 无效 | <PHONE_MASKED> | 73409.32999999996 | 485245.38 | 0 | 0 | 100000 | 普通店 | 0 | 2025-09 | 2025-09 | 0 | 1 | <PHONE_MASKED> | 1",商业开店日期 | 商业首单日期 | 月份 | 日期_dt | 参考月份_dt | 月份_dt | 开店月份 | 首单月份,商业开店日期:2025-08-29..2026-07-17 | 商业首单日期:2025-09-17..2026-07-08 | 月份:2025-01-01..2026-07-01 | 日期_dt:2025-09-17..2026-07-08 | 参考月份_dt:2025-10-17..2026-07-27 | 月份_dt:2025-01-01..2026-07-01 | 开店月份:2025-08-01..2026-07-01 | 首单月份:2025-09-01..2026-07-01,unknown_pending_business_confirmation,供应商ID | 主店铺ID,0,False,Workbook sheet profiled locally; no source rows copied to output.
非药商务绩效+热销价+商家进度统计_2026-07-28_sub_高运.xlsx,绩效与商家销售额汇总\01_绩效\非药商务绩效+热销价+商家进度统计_2026-07-28_sub_高运.xlsx,xlsx,100335,2026-07-28T09:07:51,非药商务绩效+热销价+商家进度统计_DATE_sub_高运,READABLE,医疗器械经营店,1,29,药店ID | 省份 | 市区 | full_name | 在药师帮注册日期 | 启用日期 | 药店首单日期 | BD | 是否添加微信 | 药采购权限审核通过日期 | 最近一次申请药采购权限时间 | 商务对接人 | 美团评级 | 标签 | 对接 | 负责人1 | 负责人2 | 商家组负责人 | 线索提供人* | 激励 | BD线索 | a202601 | a202602 | a202603 | a202604 | a202605 | a202606 | a202607 | 新开标签,3389366 | 重庆市 | 重庆市 | 重庆康美迪贸易有限公司 | 2024-08-27 14:21:20 | 2025-09-13 11:04:56 | 2025-11-13 14:23:27 | 唐雯琦 | 0 | 2025-09-13 11:04:56 | 2025-09-13 11:04:56 | 高运 | 0 | None | None | None | None | nan | nan | nan | nan | 0 | 0 | 0 | 0 | 0 | 0 | 0 | None,在药师帮注册日期 | 启用日期 | 药店首单日期 | 药采购权限审核通过日期 | 最近一次申请药采购权限时间,在药师帮注册日期:2024-08-27..2024-08-27 | 启用日期:2025-09-13..2025-09-13 | 药店首单日期:2025-11-13..2025-11-13 | 药采购权限审核通过日期:2025-09-13..2025-09-13 | 最近一次申请药采购权限时间:2025-09-13..2025-09-13,unknown_pending_business_confirmation,药店ID,0,False,Workbook sheet profiled locally; no source rows copied to output.
非药商务绩效+热销价+商家进度统计_2026-07-28_sub_高运.xlsx,绩效与商家销售额汇总\01_绩效\非药商务绩效+热销价+商家进度统计_2026-07-28_sub_高运.xlsx,xlsx,100335,2026-07-28T09:07:51,非药商务绩效+热销价+商家进度统计_DATE_sub_高运,READABLE,新开商业补充保证金情况,0,10,供应商ID | 月份 | 简称 | 状态 | 商务对接人 | 最新保证金水平 | 过去保证金水平 | 过去有效计件 | 补充新开系数 | 最新当月有效计件,,,,unknown_pending_business_confirmation,供应商ID,0,False,Workbook sheet profiled locally; no source rows copied to output.
20260201-20260302药品统计 (1)(1).xlsx,绩效与商家销售额汇总\03_销售额与经营数据\20260201-20260302药品统计 (1)(1).xlsx,xlsx,222302,2026-05-27T14:36:40,DATE-DATE药品统计,READABLE,20260201-20260302药品统计,2000,11,药品 | 药品ID | 准字号 | 通用名 | 厂家 | 规格 | 销售金额 | 排名 | 大类 | 亚类 | 子类,汤臣倍健 蛋白粉 | 4434484 | 食健备G202444000405 | 蛋白粉 | 汤臣倍健股份有限公司 | 660g(330g*2罐) | 100万+ | 1 | 食品 | 保健食品 | 蛋白质类 || 鱼跃 臂式电子血压计 | 2776927 | 苏械注准20202071574 | 臂式电子血压计 | 江苏鱼跃医疗设备股份有限公司 | YE660D *1台 | 10万+ | 2 | 医疗器械 | 医用设备 | 血压计 || 三诺 安稳 血糖试条 | 378782 | 湘食药监械(准)字2012第2400053号 | 三诺 血糖测试条 | 三诺生物传感技术股份有限公司 | 安稳型 50支/盒 | 10万+ | 3 | 医疗器械 | 医用设备 | 血糖检测类,,,unknown_pending_business_confirmation,药品ID,0,False,Workbook sheet profiled locally; no source rows copied to output.
20260201-20260302药品统计 (1).xlsx,绩效与商家销售额汇总\03_销售额与经营数据\20260201-20260302药品统计 (1).xlsx,xlsx,222224,2026-06-18T16:57:05,DATE-DATE药品统计,READABLE,20260201-20260302药品统计,2000,11,药品 | 药品ID | 准字号 | 通用名 | 厂家 | 规格 | 销售金额 | 排名 | 大类 | 亚类 | 子类,汤臣倍健 蛋白粉 | 4434484 | 食健备G202444000405 | 蛋白粉 | 汤臣倍健股份有限公司 | 660g(330g*2罐) | 100万+ | 1 | 食品 | 保健食品 | 蛋白质类 || 鱼跃 臂式电子血压计 | 2776927 | 苏械注准20202071574 | 臂式电子血压计 | 江苏鱼跃医疗设备股份有限公司 | YE660D *1台 | 10万+ | 2 | 医疗器械 | 医用设备 | 血压计 || 三诺 安稳 血糖试条 | 378782 | 湘食药监械(准)字2012第2400053号 | 三诺 血糖测试条 | 三诺生物传感技术股份有限公司 | 安稳型 50支/盒 | 10万+ | 3 | 医疗器械 | 医用设备 | 血糖检测类,,,unknown_pending_business_confirmation,药品ID,0,False,Workbook sheet profiled locally; no source rows copied to output.
20260201-20260302药品统计.xlsx,绩效与商家销售额汇总\03_销售额与经营数据\20260201-20260302药品统计.xlsx,xlsx,181700,2026-06-18T16:57:05,DATE-DATE药品统计,READABLE,20260201-20260302药品统计,2000,9,药品 | 药品ID | 准字号 | 通用名 | 厂家 | 规格 | 排名 | 数量 | 店数,正嘉 塑料袋药品袋 | 4311221 | 皖XK16-204-01179 | 塑料袋药品袋 | 桐城市正嘉塑料包装有限公司 | 20*32cm*1个 | 1 | 10万+ | 100+ || 药房诊所 购物袋 | 3992217 | 皖XK16-204-00745 | 购物袋 | 桐城市观胜塑业有限公司 |  | 2 | 10万+ | 100+ || 海氏海诺 医用输液贴 | 2711809 | 鲁械注准20172640401 | 医用输液贴 | 青岛海诺生物工程有限公司 | 70mm×35mm 200片 | 3 | 10万+ | 100+,,,unknown_pending_business_confirmation,药品ID,0,False,Workbook sheet profiled locally; no source rows copied to output.
5月药品top5000销售排名及均价表.xlsx,绩效与商家销售额汇总\03_销售额与经营数据\5月药品top5000销售排名及均价表.xlsx,xlsx,1191481,2026-06-05T10:37:20,5月药品top5000销售排名及均价表,READABLE,sheet1,51864,9,药品主id | 药品名称 | 规格 | 厂家 | 平台成交均价 | 批文号 | 排名区间 | 销量区间 | <blank_9>,4363 | 999 感冒灵颗粒 | 10g*9袋 | 华润三九(枣庄)药业有限公司 | 13.02 | 国药准字Z37021399 | 1-100 | 5万以上 | None || 9862 | 999皮炎平 复方醋酸地塞米松乳膏 | 20g | 广东华润顺峰药业有限公司 | 9.32 | 国药准字H44024170 | 1-100 | 5万以上 | None || 109719 | 迪根 双氯芬酸钠缓释片 | 0.1g*12片 | 国药集团致君(深圳)坪山制药有限公司 | 4.18 | 国药准字H10970209 | 1-100 | 5万以上 | None,,,unknown_pending_business_confirmation,药品主id,46863,False,Workbook sheet profiled locally; no source rows copied to output.
6月药品top5000销售排名及均价(1).xlsx,绩效与商家销售额汇总\03_销售额与经营数据\6月药品top5000销售排名及均价(1).xlsx,xlsx,435494,2026-07-03T12:17:58,6月药品top5000销售排名及均价,READABLE,Sheet1,5000,8,药品主id | 药品名称 | 规格 | 厂家 | 平台成交均价 | 批文号 | 排名区间 | 销量区间,4363 | 999 感冒灵颗粒 | 10g*9袋 | 华润三九(郴州)制药有限公司 | 12.82 | 国药准字Z44021940 | 1-100 | 5万以上 || 9862 | 999皮炎平 复方醋酸地塞米松乳膏 | 20g | 广东华润顺峰药业有限公司 | 9.45 | 国药准字H44024170 | 1-100 | 5万以上 || 4275829 | 三金 桂林西瓜霜 | 3g | 桂林三金药业股份有限公司 | 10.68 | 国药准字Z45021599 | 1-100 | 5万以上,,,unknown_pending_business_confirmation,药品主id,0,False,Workbook sheet profiled locally; no source rows copied to output.
6月药品top5000销售排名及均价(1).xlsx,绩效与商家销售额汇总\03_销售额与经营数据\6月药品top5000销售排名及均价(1).xlsx,xlsx,435494,2026-07-03T12:17:58,6月药品top5000销售排名及均价,READABLE,Sheet2,0,0,,,,,unknown_pending_business_confirmation,,0,False,Workbook sheet profiled locally; no source rows copied to output.
6月药品top5000销售排名及均价(1).xlsx,绩效与商家销售额汇总\03_销售额与经营数据\6月药品top5000销售排名及均价(1).xlsx,xlsx,435494,2026-07-03T12:17:58,6月药品top5000销售排名及均价,READABLE,Sheet3,0,0,,,,,unknown_pending_business_confirmation,,0,False,Workbook sheet profiled locally; no source rows copied to output.
拜访商业统计.xlsx,绩效与商家销售额汇总\03_销售额与经营数据\拜访商业统计.xlsx,xlsx,12642,2026-06-18T14:46:32,拜访商业统计,READABLE,销售额统计（周期汇总）,35,6,拜访时间 | 供应商名称 | 近3月月均销售 | 占比 | 实际负责人 | 经营概况,周一下午第一家 | 成都天蕊贸易 | 346082.4733333333 | 0.03386653744814381 | 黄巧 | 主营计生用品及汤臣倍健，只是最近没有再进蛋白粉 || None | 好尔思健康 | 132537.78 | <PHONE_MASKED> | None | None || 周一下午第二家 | 聚药汇 | 198859.3666666667 | <PHONE_MASKED> | 甘强 | 大部分头部品种均从连锁拿货，汤臣倍健系列尤其是蛋白粉、万通、香丹清和计生用品,,,unknown_pending_business_confirmation,,0,False,Workbook sheet profiled locally; no source rows copied to output.
拜访商业统计_美化版.xlsx,绩效与商家销售额汇总\03_销售额与经营数据\拜访商业统计_美化版.xlsx,xlsx,12591,2026-06-18T14:44:15,拜访商业统计_美化版,READABLE,销售额统计（周期汇总）,80,6,拜访时间 | 供应商名称 | 近3月月均销售 | 占比 | 实际负责人 | 经营概况,周一下午第一家 | 成都天蕊贸易 | 346082.4733333333 | 0.03386653744814381 | 黄巧 | 主营计生用品及汤臣倍健，只是最近没有再进蛋白粉 || None | 好尔思健康 | 132537.78 | <PHONE_MASKED> | None | None || 周一下午第二家 | 聚药汇 | 198859.3666666667 | <PHONE_MASKED> | 甘强 | 大部分头部品种均从连锁拿货，汤臣倍健系列尤其是蛋白粉、万通、香丹清和计生用品,,,unknown_pending_business_confirmation,,0,False,Workbook sheet profiled locally; no source rows copied to output.
新开端口商业参与明细情况.xlsx,绩效与商家销售额汇总\03_销售额与经营数据\新开端口商业参与明细情况.xlsx,xlsx,25025,2026-04-16T14:15:52,新开端口商业参与明细情况,READABLE,Sheet5,273,14,供应商ID | 供应商名称 | 首单月份 | 状态 | 商务对接人 | 新开端口通过商业 | 新开端口未通过商业 | 未参与新开端口商业 | <blank_9> | <blank_10> | <blank_11> | <blank_12> | <blank_13> | <blank_14>,21218 | 中山市天顺医药 | 202509 | 有效 | 黄少华 | 0 | 0 | 1 | None | None | None | None | None | None || 21257 | 江西阁徽医疗器械 | 202511 | 有效 | 陈灵珠 | 0 | 0 | 1 | None | None | None | None | None | None || 21457 | 赣州赢诚商贸 | 202509 | 有效 | 黄少华 | 0 | 0 | 1 | None | None | None | None | None | None,首单月份,首单月份:2025-09-01..2026-03-01,unknown_pending_business_confirmation,供应商ID,0,False,Workbook sheet profiled locally; no source rows copied to output.
日用动销2026-03-23.xlsx,绩效与商家销售额汇总\03_销售额与经营数据\日用动销2026-03-23.xlsx,xlsx,1020033,2026-04-16T14:16:22,日用动销DATE,READABLE,sql,25884,4,商品ID | 商品名称 | 规格 | 大盘现金,4110622 | 丘米熊 电热蚊香液 | None | 30059.29 || 2844437 | 广恒宝 肚脐晕车贴 | 4贴 | 1365.68 || 4105884 | 榄菊 无香型电热蚊香片 | 75片+1器(加赠12片) | 3285.31,,,unknown_pending_business_confirmation,商品ID,0,False,Workbook sheet profiled locally; no source rows copied to output.
销售额统计 (1).xlsx,绩效与商家销售额汇总\03_销售额与经营数据\销售额统计 (1).xlsx,xlsx,148436,2026-05-18T13:22:50,销售额统计,READABLE,销售额统计（周期汇总）,86,10,供应商名称 | 运营人员 | 商务对接人 | 现金额 | 订单数 | 单体金额 | 诊所金额 | 连锁总部金额 | 连锁加盟金额 | 器械店金额,"丽康琴保健品 | 高运,高运 |  | 30785.08 | 224.0 | 18219.94 | 3467.0 | 3684.4 | 5413.74 | 0.0 || 都尔东康 | 高运,高运 |  | 7191.70 | 56.0 | 4091.5 | 2455.2 | 135.0 | 510.0 | 0.0 || 普宁普慈 | 高运 |  | 64007.00 | 831.0 | 45774.13 | 9049.12 | 1098.6 | 960.3 | 5792.85",,,unknown_pending_business_confirmation,,0,False,Workbook sheet profiled locally; no source rows copied to output.
销售额统计 (1).xlsx,绩效与商家销售额汇总\03_销售额与经营数据\销售额统计 (1).xlsx,xlsx,148436,2026-05-18T13:22:50,销售额统计,READABLE,销售额统计（按月）,86,11,供应商名称 | 月份 | 运营人员 | 商务对接人 | 现金额 | 订单数 | 单体金额 | 诊所金额 | 连锁总部金额 | 连锁加盟金额 | 器械店金额,"丽康琴保健品 | 202605.0 | 高运,高运 |  | 30785.08 | 224.0 | 18219.94 | 3467.0 | 3684.4 | 5413.74 | 0.0 || 都尔东康 | 202605.0 | 高运,高运 |  | 7191.70 | 56.0 | 4091.5 | 2455.2 | 135.0 | 510.0 | 0.0 || 普宁普慈 | 202605.0 | 高运 |  | 64007.00 | 831.0 | 45774.13 | 9049.12 | 1098.6 | 960.3 | 5792.85",,,unknown_pending_business_confirmation,,0,False,Workbook sheet profiled locally; no source rows copied to output.
销售额统计 (1).xlsx,绩效与商家销售额汇总\03_销售额与经营数据\销售额统计 (1).xlsx,xlsx,148436,2026-05-18T13:22:50,销售额统计,READABLE,销售额统计（按日）,2666,11,供应商名称 | 日期 | 运营人员 | 商务对接人 | 现金额 | 订单数 | 单体金额 | 诊所金额 | 连锁总部金额 | 连锁加盟金额 | 器械店金额,"丽康琴保健品 | 20260501.0 | 高运,高运 |  | 1213.74 | 10.0 | 1064.34 | 0.0 | 0.0 | 149.4 | 0.0 || 丽康琴保健品 | 20260502.0 | 高运,高运 |  | 695.00 | 6.0 | 478.2 | 68.0 | 0.0 | 148.8 | 0.0 || 丽康琴保健品 | 20260503.0 | 高运,高运 |  | 1085.20 | 6.0 | 1017.2 | 68.0 | 0.0 | 0.0 | 0.0",日期,日期:2026-05-01..2026-05-31,unknown_pending_business_confirmation,,0,False,Workbook sheet profiled locally; no source rows copied to output.
销售额统计 (2).xlsx,绩效与商家销售额汇总\03_销售额与经营数据\销售额统计 (2).xlsx,xlsx,157830,2026-06-08T12:15:47,销售额统计,READABLE,销售额统计（周期汇总）,85,10,供应商名称 | 运营人员 | 商务对接人 | 现金额 | 订单数 | 单体金额 | 诊所金额 | 连锁总部金额 | 连锁加盟金额 | 器械店金额,"丽康琴保健品 | 高运,高运 |  | 49702.79 | 348.0 | 30257.34 | 4649.2 | 6472.0 | 8324.25 | 0.0 || 都尔东康 | 高运,高运 |  | 10077.20 | 84.0 | 5379.0 | 3470.7 | 135.0 | 1092.5 | 0.0 || 普宁普慈 | 高运 |  | 99651.97 | 1329.0 | 71678.62 | 13272.92 | 1081.8 | 1755.08 | 8731.55",,,unknown_pending_business_confirmation,,0,False,Workbook sheet profiled locally; no source rows copied to output.
销售额统计 (2).xlsx,绩效与商家销售额汇总\03_销售额与经营数据\销售额统计 (2).xlsx,xlsx,157830,2026-06-08T12:15:47,销售额统计,READABLE,销售额统计（按月）,85,11,供应商名称 | 月份 | 运营人员 | 商务对接人 | 现金额 | 订单数 | 单体金额 | 诊所金额 | 连锁总部金额 | 连锁加盟金额 | 器械店金额,"丽康琴保健品 | 202605.0 | 高运,高运 |  | 49702.79 | 348.0 | 30257.34 | 4649.2 | 6472.0 | 8324.25 | 0.0 || 都尔东康 | 202605.0 | 高运,高运 |  | 10077.20 | 84.0 | 5379.0 | 3470.7 | 135.0 | 1092.5 | 0.0 || 普宁普慈 | 202605.0 | 高运 |  | 99651.97 | 1329.0 | 71678.62 | 13272.92 | 1081.8 | 1755.08 | 8731.55",,,unknown_pending_business_confirmation,,0,False,Workbook sheet profiled locally; no source rows copied to output.
销售额统计 (2).xlsx,绩效与商家销售额汇总\03_销售额与经营数据\销售额统计 (2).xlsx,xlsx,157830,2026-06-08T12:15:47,销售额统计,READABLE,销售额统计（按日）,2635,11,供应商名称 | 日期 | 运营人员 | 商务对接人 | 现金额 | 订单数 | 单体金额 | 诊所金额 | 连锁总部金额 | 连锁加盟金额 | 器械店金额,"丽康琴保健品 | 20260501.0 | 高运,高运 |  | 1213.74 | 10.0 | 1064.34 | 0.0 | 0.0 | 149.4 | 0.0 || 丽康琴保健品 | 20260502.0 | 高运,高运 |  | 695.00 | 6.0 | 478.2 | 68.0 | 0.0 | 148.8 | 0.0 || 丽康琴保健品 | 20260503.0 | 高运,高运 |  | 1085.20 | 6.0 | 1017.2 | 68.0 | 0.0 | 0.0 | 0.0",日期,日期:2026-05-01..2026-05-31,unknown_pending_business_confirmation,,0,False,Workbook sheet profiled locally; no source rows copied to output.
销售额统计 (28).xlsx,绩效与商家销售额汇总\03_销售额与经营数据\销售额统计 (28).xlsx,xlsx,123066,2026-04-16T14:20:21,销售额统计,READABLE,销售额统计（周期汇总）,80,10,供应商名称 | 运营人员 | 商务对接人 | 现金额 | 订单数 | 单体金额 | 诊所金额 | 连锁总部金额 | 连锁加盟金额 | 器械店金额,"丽康琴保健品 | 高运,高运 |  | 15154.53 | 115.0 | 8955.3 | 1495.5 | 1302.5 | 3401.23 | 0.0 || 都尔东康 | 高运,高运 |  | 2753.00 | 29.0 | 935.0 | 266.0 | 42.0 | 1510.0 | 0.0 || 普宁普慈 | 高运 |  | 23349.31 | 273.0 | 18115.58 | 3250.15 | 264.0 | 648.48 | 1027.9",,,unknown_pending_business_confirmation,,0,False,Workbook sheet profiled locally; no source rows copied to output.
销售额统计 (28).xlsx,绩效与商家销售额汇总\03_销售额与经营数据\销售额统计 (28).xlsx,xlsx,123066,2026-04-16T14:20:21,销售额统计,READABLE,销售额统计（按月）,80,11,供应商名称 | 月份 | 运营人员 | 商务对接人 | 现金额 | 订单数 | 单体金额 | 诊所金额 | 连锁总部金额 | 连锁加盟金额 | 器械店金额,"丽康琴保健品 | 202604.0 | 高运,高运 |  | 15154.53 | 115.0 | 8955.3 | 1495.5 | 1302.5 | 3401.23 | 0.0 || 都尔东康 | 202604.0 | 高运,高运 |  | 2753.00 | 29.0 | 935.0 | 266.0 | 42.0 | 1510.0 | 0.0 || 普宁普慈 | 202604.0 | 高运 |  | 23349.31 | 273.0 | 18115.58 | 3250.15 | 264.0 | 648.48 | 1027.9",,,unknown_pending_business_confirmation,,0,False,Workbook sheet profiled locally; no source rows copied to output.
销售额统计 (28).xlsx,绩效与商家销售额汇总\03_销售额与经营数据\销售额统计 (28).xlsx,xlsx,123066,2026-04-16T14:20:21,销售额统计,READABLE,销售额统计（按日）,2400,11,供应商名称 | 日期 | 运营人员 | 商务对接人 | 现金额 | 订单数 | 单体金额 | 诊所金额 | 连锁总部金额 | 连锁加盟金额 | 器械店金额,"丽康琴保健品 | 20260401.0 | 高运,高运 |  | 608.00 | 6.0 | 271.0 | 15.0 | 0.0 | 322.0 | 0.0 || 丽康琴保健品 | 20260402.0 | 高运,高运 |  | 1199.36 | 10.0 | 1199.36 | 0.0 | 0.0 | 0.0 | 0.0 || 丽康琴保健品 | 20260403.0 | 高运,高运 |  | 451.90 | 7.0 | 313.4 | 88.5 | 50.0 | 0.0 | 0.0",日期,日期:2026-04-01..2026-04-30,unknown_pending_business_confirmation,,0,False,Workbook sheet profiled locally; no source rows copied to output.
销售额统计 (3).xlsx,绩效与商家销售额汇总\03_销售额与经营数据\销售额统计 (3).xlsx,xlsx,134631,2026-06-09T10:21:43,销售额统计,READABLE,销售额统计（周期汇总）,90,10,供应商名称 | 运营人员 | 商务对接人 | 现金额 | 订单数 | 单体金额 | 诊所金额 | 连锁总部金额 | 连锁加盟金额 | 器械店金额,"丽康琴保健品 | 高运,高运 |  | 23282.51 | 131.0 | 10719.39 | 2786.1 | 6956.32 | 2820.7 | 0.0 || 都尔东康 | 高运,高运 |  | 4447.00 | 37.0 | 2663.0 | 295.0 | 1242.0 | 247.0 | 0.0 || 普宁普慈 | 高运 |  | 28865.58 | 391.0 | 19757.79 | 7134.93 | 1090.0 | 329.66 | 553.2",,,unknown_pending_business_confirmation,,0,False,Workbook sheet profiled locally; no source rows copied to output.
销售额统计 (3).xlsx,绩效与商家销售额汇总\03_销售额与经营数据\销售额统计 (3).xlsx,xlsx,134631,2026-06-09T10:21:43,销售额统计,READABLE,销售额统计（按月）,90,11,供应商名称 | 月份 | 运营人员 | 商务对接人 | 现金额 | 订单数 | 单体金额 | 诊所金额 | 连锁总部金额 | 连锁加盟金额 | 器械店金额,"丽康琴保健品 | 202606.0 | 高运,高运 |  | 23282.51 | 131.0 | 10719.39 | 2786.1 | 6956.32 | 2820.7 | 0.0 || 都尔东康 | 202606.0 | 高运,高运 |  | 4447.00 | 37.0 | 2663.0 | 295.0 | 1242.0 | 247.0 | 0.0 || 普宁普慈 | 202606.0 | 高运 |  | 28865.58 | 391.0 | 19757.79 | 7134.93 | 1090.0 | 329.66 | 553.2",,,unknown_pending_business_confirmation,,0,False,Workbook sheet profiled locally; no source rows copied to output.
销售额统计 (3).xlsx,绩效与商家销售额汇总\03_销售额与经营数据\销售额统计 (3).xlsx,xlsx,134631,2026-06-09T10:21:43,销售额统计,READABLE,销售额统计（按日）,2700,11,供应商名称 | 日期 | 运营人员 | 商务对接人 | 现金额 | 订单数 | 单体金额 | 诊所金额 | 连锁总部金额 | 连锁加盟金额 | 器械店金额,"丽康琴保健品 | 20260601.0 | 高运,高运 |  | 2581.76 | 18.0 | 1187.46 | 85.5 | 580.0 | 728.8 | 0.0 || 丽康琴保健品 | 20260602.0 | 高运,高运 |  | 2366.32 | 19.0 | 1754.32 | 50.0 | 299.8 | 262.2 | 0.0 || 丽康琴保健品 | 20260603.0 | 高运,高运 |  | 2557.30 | 16.0 | 1602.3 | 526.0 | 144.0 | 285.0 | 0.0",日期,日期:2026-06-01..2026-06-30,unknown_pending_business_confirmation,,0,False,Workbook sheet profiled locally; no source rows copied to output.
销售额统计 (4).xlsx,绩效与商家销售额汇总\03_销售额与经营数据\销售额统计 (4).xlsx,xlsx,134631,2026-06-09T10:21:48,销售额统计,READABLE,销售额统计（周期汇总）,90,10,供应商名称 | 运营人员 | 商务对接人 | 现金额 | 订单数 | 单体金额 | 诊所金额 | 连锁总部金额 | 连锁加盟金额 | 器械店金额,"丽康琴保健品 | 高运,高运 |  | 23282.51 | 131.0 | 10719.39 | 2786.1 | 6956.32 | 2820.7 | 0.0 || 都尔东康 | 高运,高运 |  | 4447.00 | 37.0 | 2663.0 | 295.0 | 1242.0 | 247.0 | 0.0 || 普宁普慈 | 高运 |  | 28865.58 | 391.0 | 19757.79 | 7134.93 | 1090.0 | 329.66 | 553.2",,,unknown_pending_business_confirmation,,0,False,Workbook sheet profiled locally; no source rows copied to output.
销售额统计 (4).xlsx,绩效与商家销售额汇总\03_销售额与经营数据\销售额统计 (4).xlsx,xlsx,134631,2026-06-09T10:21:48,销售额统计,READABLE,销售额统计（按月）,90,11,供应商名称 | 月份 | 运营人员 | 商务对接人 | 现金额 | 订单数 | 单体金额 | 诊所金额 | 连锁总部金额 | 连锁加盟金额 | 器械店金额,"丽康琴保健品 | 202606.0 | 高运,高运 |  | 23282.51 | 131.0 | 10719.39 | 2786.1 | 6956.32 | 2820.7 | 0.0 || 都尔东康 | 202606.0 | 高运,高运 |  | 4447.00 | 37.0 | 2663.0 | 295.0 | 1242.0 | 247.0 | 0.0 || 普宁普慈 | 202606.0 | 高运 |  | 28865.58 | 391.0 | 19757.79 | 7134.93 | 1090.0 | 329.66 | 553.2",,,unknown_pending_business_confirmation,,0,False,Workbook sheet profiled locally; no source rows copied to output.
销售额统计 (4).xlsx,绩效与商家销售额汇总\03_销售额与经营数据\销售额统计 (4).xlsx,xlsx,134631,2026-06-09T10:21:48,销售额统计,READABLE,销售额统计（按日）,2700,11,供应商名称 | 日期 | 运营人员 | 商务对接人 | 现金额 | 订单数 | 单体金额 | 诊所金额 | 连锁总部金额 | 连锁加盟金额 | 器械店金额,"丽康琴保健品 | 20260601.0 | 高运,高运 |  | 2581.76 | 18.0 | 1187.46 | 85.5 | 580.0 | 728.8 | 0.0 || 丽康琴保健品 | 20260602.0 | 高运,高运 |  | 2366.32 | 19.0 | 1754.32 | 50.0 | 299.8 | 262.2 | 0.0 || 丽康琴保健品 | 20260603.0 | 高运,高运 |  | 2557.30 | 16.0 | 1602.3 | 526.0 | 144.0 | 285.0 | 0.0",日期,日期:2026-06-01..2026-06-30,unknown_pending_business_confirmation,,0,False,Workbook sheet profiled locally; no source rows copied to output.
销售额统计 (5).xlsx,绩效与商家销售额汇总\03_销售额与经营数据\销售额统计 (5).xlsx,xlsx,610469,2026-06-18T13:28:00,销售额统计,READABLE,销售额统计（周期汇总）,91,10,供应商名称 | 运营人员 | 商务对接人 | 现金额 | 订单数 | 单体金额 | 诊所金额 | 连锁总部金额 | 连锁加盟金额 | 器械店金额,"丽康琴保健品 | 高运,高运 |  | 228062.32 | 1479.0 | 136310.84 | 24786.14 | 30332.88 | 36497.46 | 0.0 || 都尔东康 | 高运,高运 |  | 39428.12 | 387.0 | 20727.5 | 9687.7 | 2865.0 | 6003.92 | 144.0 || 普宁普慈 | 高运 |  | 314148.32 | 4148.0 | 227092.96 | 53755.88 | 3715.8 | 8380.92 | 14752.36",,,unknown_pending_business_confirmation,,0,False,Workbook sheet profiled locally; no source rows copied to output.
销售额统计 (5).xlsx,绩效与商家销售额汇总\03_销售额与经营数据\销售额统计 (5).xlsx,xlsx,610469,2026-06-18T13:28:00,销售额统计,READABLE,销售额统计（按月）,364,11,供应商名称 | 月份 | 运营人员 | 商务对接人 | 现金额 | 订单数 | 单体金额 | 诊所金额 | 连锁总部金额 | 连锁加盟金额 | 器械店金额,"丽康琴保健品 | 202603.0 | 高运,高运 |  | 62572.27 | 380.0 | 35554.41 | 8239.42 | 7079.06 | 11564.38 | 0.0 || 丽康琴保健品 | 202604.0 | 高运,高运 |  | 58447.64 | 406.0 | 38445.02 | 5096.09 | 5776.5 | 9130.03 | 0.0 || 丽康琴保健品 | 202605.0 | 高运,高运 |  | 57259.14 | 410.0 | 35392.36 | 5057.33 | 7232.0 | 9577.45 | 0.0",,,unknown_pending_business_confirmation,,0,False,Workbook sheet profiled locally; no source rows copied to output.
销售额统计 (5).xlsx,绩效与商家销售额汇总\03_销售额与经营数据\销售额统计 (5).xlsx,xlsx,610469,2026-06-18T13:28:00,销售额统计,READABLE,销售额统计（按日）,11102,11,供应商名称 | 日期 | 运营人员 | 商务对接人 | 现金额 | 订单数 | 单体金额 | 诊所金额 | 连锁总部金额 | 连锁加盟金额 | 器械店金额,"丽康琴保健品 | 20260301.0 | 高运,高运 |  | 2257.06 | 20.0 | 845.22 | 0.0 | 504.0 | 772.84 | 0.0 || 丽康琴保健品 | 20260302.0 | 高运,高运 |  | 2025.62 | 13.0 | 1289.12 | 484.0 | 42.0 | 210.5 | 0.0 || 丽康琴保健品 | 20260303.0 | 高运,高运 |  | 1100.42 | 6.0 | 825.5 | 0.0 | 0.0 | 274.92 | 0.0",日期,日期:2026-03-01..2026-06-30,unknown_pending_business_confirmation,,0,False,Workbook sheet profiled locally; no source rows copied to output.
销售额统计 (6).xlsx,绩效与商家销售额汇总\03_销售额与经营数据\销售额统计 (6).xlsx,xlsx,61757,2026-07-06T19:07:42,销售额统计,READABLE,销售额统计（周期汇总）,34,10,供应商名称 | 运营人员 | 商务对接人 | 现金额 | 订单数 | 单体金额 | 诊所金额 | 连锁总部金额 | 连锁加盟金额 | 器械店金额,子钦医疗 |  | 高运 | 1181.00 | 3.0 | 1181.0 | 0.0 | 0.0 | 0.0 | 0.0 || 有识医药 |  | 高运 | 47164.84 | 216.0 | 21749.37 | 1562.4 | 8943.9 | 4831.89 | 10077.28 || 四川共创盛世商贸 |  | 高运 | 307893.85 | 1504.0 | 282126.44 | 25767.41 | 0.0 | 0.0 | 0.0,,,unknown_pending_business_confirmation,,0,False,Workbook sheet profiled locally; no source rows copied to output.
销售额统计 (6).xlsx,绩效与商家销售额汇总\03_销售额与经营数据\销售额统计 (6).xlsx,xlsx,61757,2026-07-06T19:07:42,销售额统计,READABLE,销售额统计（按月）,34,11,供应商名称 | 月份 | 运营人员 | 商务对接人 | 现金额 | 订单数 | 单体金额 | 诊所金额 | 连锁总部金额 | 连锁加盟金额 | 器械店金额,子钦医疗 | 202606.0 |  | 高运 | 1181.00 | 3.0 | 1181.0 | 0.0 | 0.0 | 0.0 | 0.0 || 有识医药 | 202606.0 |  | 高运 | 47164.84 | 216.0 | 21749.37 | 1562.4 | 8943.9 | 4831.89 | 10077.28 || 四川共创盛世商贸 | 202606.0 |  | 高运 | 307893.85 | 1504.0 | 282126.44 | 25767.41 | 0.0 | 0.0 | 0.0,,,unknown_pending_business_confirmation,,0,False,Workbook sheet profiled locally; no source rows copied to output.
销售额统计 (6).xlsx,绩效与商家销售额汇总\03_销售额与经营数据\销售额统计 (6).xlsx,xlsx,61757,2026-07-06T19:07:42,销售额统计,READABLE,销售额统计（按日）,1020,11,供应商名称 | 日期 | 运营人员 | 商务对接人 | 现金额 | 订单数 | 单体金额 | 诊所金额 | 连锁总部金额 | 连锁加盟金额 | 器械店金额,子钦医疗 | 20260601.0 |  | 高运 | 0 | 0.0 | 0.0 | 0.0 | 0.0 | 0.0 | 0.0 || 子钦医疗 | 20260602.0 |  | 高运 | 0 | 0.0 | 0.0 | 0.0 | 0.0 | 0.0 | 0.0 || 子钦医疗 | 20260603.0 |  | 高运 | 0 | 0.0 | 0.0 | 0.0 | 0.0 | 0.0 | 0.0,日期,日期:2026-06-01..2026-06-30,unknown_pending_business_confirmation,,0,False,Workbook sheet profiled locally; no source rows copied to output.
销售额统计.xlsx,绩效与商家销售额汇总\03_销售额与经营数据\销售额统计.xlsx,xlsx,224595,2026-05-15T13:38:51,销售额统计,READABLE,销售额统计（周期汇总）,86,10,供应商名称 | 运营人员 | 商务对接人 | 现金额 | 订单数 | 单体金额 | 诊所金额 | 连锁总部金额 | 连锁加盟金额 | 器械店金额,"丽康琴保健品 | 高运,高运 |  | 59574.11 | 406.0 | 39451.87 | 5049.6 | 6972.6 | 8100.04 | 0.0 || 都尔东康 | 高运,高运 |  | 11132.70 | 93.0 | 5648.5 | 3353.2 | 205.0 | 1926.0 | 0.0 || 普宁普慈 | 高运 |  | 79862.43 | 997.0 | 55675.24 | 14657.14 | 758.6 | 1406.5 | 5432.95",,,unknown_pending_business_confirmation,,0,False,Workbook sheet profiled locally; no source rows copied to output.
销售额统计.xlsx,绩效与商家销售额汇总\03_销售额与经营数据\销售额统计.xlsx,xlsx,224595,2026-05-15T13:38:51,销售额统计,READABLE,销售额统计（按月）,172,11,供应商名称 | 月份 | 运营人员 | 商务对接人 | 现金额 | 订单数 | 单体金额 | 诊所金额 | 连锁总部金额 | 连锁加盟金额 | 器械店金额,"丽康琴保健品 | 202604.0 | 高运,高运 |  | 34159.85 | 218.0 | 23636.65 | 2263.0 | 3795.0 | 4465.2 | 0.0 || 丽康琴保健品 | 202605.0 | 高运,高运 |  | 25414.26 | 188.0 | 15815.22 | 2786.6 | 3177.6 | 3634.84 | 0.0 || 都尔东康 | 202604.0 | 高运,高运 |  | 4715.00 | 45.0 | 2056.0 | 1173.0 | 70.0 | 1416.0 | 0.0",,,unknown_pending_business_confirmation,,0,False,Workbook sheet profiled locally; no source rows copied to output.
销售额统计.xlsx,绩效与商家销售额汇总\03_销售额与经营数据\销售额统计.xlsx,xlsx,224595,2026-05-15T13:38:51,销售额统计,READABLE,销售额统计（按日）,4042,11,供应商名称 | 日期 | 运营人员 | 商务对接人 | 现金额 | 订单数 | 单体金额 | 诊所金额 | 连锁总部金额 | 连锁加盟金额 | 器械店金额,"丽康琴保健品 | 20260415.0 | 高运,高运 |  | 2544.00 | 14.0 | 1547.0 | 0.0 | 600.0 | 397.0 | 0.0 || 丽康琴保健品 | 20260416.0 | 高运,高运 |  | 662.00 | 9.0 | 404.0 | 38.0 | 0.0 | 220.0 | 0.0 || 丽康琴保健品 | 20260417.0 | 高运,高运 |  | 1401.00 | 12.0 | 754.5 | 240.0 | 0.0 | 406.5 | 0.0",日期,日期:2026-04-15..2026-05-31,unknown_pending_business_confirmation,,0,False,Workbook sheet profiled locally; no source rows copied to output.
2025Q1云商通激励&绩效调整.pdf,绩效与商家销售额汇总\2025Q1云商通激励&绩效调整.pdf,pdf,836485,2024-12-27T16:27:54,DATEQ1云商通激励&绩效调整,INVENTORY_ONLY,,,,,,,,,,,,Metadata inventory only; non-spreadsheet content not parsed in this pass.
2025年三方绩效方案宣导-运营3月试行版（TO运营）.pdf,绩效与商家销售额汇总\2025年三方绩效方案宣导-运营3月试行版（TO运营）.pdf,pdf,782277,2025-02-27T22:07:06,DATE三方绩效方案宣导-运营3月试行版（TO运营）,INVENTORY_ONLY,,,,,,,,,,,,Metadata inventory only; non-spreadsheet content not parsed in this pass.
2025年三方绩效方案宣导-运营4月试行版  TO运营.pdf,绩效与商家销售额汇总\2025年三方绩效方案宣导-运营4月试行版  TO运营.pdf,pdf,589809,2025-04-07T13:21:16,DATE三方绩效方案宣导-运营4月试行版  TO运营,INVENTORY_ONLY,,,,,,,,,,,,Metadata inventory only; non-spreadsheet content not parsed in this pass.
2025年三方绩效方案宣导-运营8月版（TO运营）.pdf,绩效与商家销售额汇总\2025年三方绩效方案宣导-运营8月版（TO运营）.pdf,pdf,548850,2025-08-06T12:57:10,DATE三方绩效方案宣导-运营8月版（TO运营）,INVENTORY_ONLY,,,,,,,,,,,,Metadata inventory only; non-spreadsheet content not parsed in this pass.
2025年运营绩效考核方案（完整版TO全员）.pdf,绩效与商家销售额汇总\2025年运营绩效考核方案（完整版TO全员）.pdf,pdf,470821,2025-10-15T00:40:24,DATE运营绩效考核方案（完整版TO全员）,INVENTORY_ONLY,,,,,,,,,,,,Metadata inventory only; non-spreadsheet content not parsed in this pass.
2025年运营绩效考核方案（完整版）TO运营.pdf,绩效与商家销售额汇总\2025年运营绩效考核方案（完整版）TO运营.pdf,pdf,451880,2025-11-09T01:27:42,DATE运营绩效考核方案（完整版）TO运营,INVENTORY_ONLY,,,,,,,,,,,,Metadata inventory only; non-spreadsheet content not parsed in this pass.
2025年运营绩效考核方案（简洁版-10月变点TO运营）.pdf,绩效与商家销售额汇总\2025年运营绩效考核方案（简洁版-10月变点TO运营）.pdf,pdf,280087,2025-10-15T00:40:22,DATE运营绩效考核方案（简洁版-10月变点TO运营）,INVENTORY_ONLY,,,,,,,,,,,,Metadata inventory only; non-spreadsheet content not parsed in this pass.
2025年运营绩效考核方案（简洁版-变点）-2025-11版.pdf,绩效与商家销售额汇总\2025年运营绩效考核方案（简洁版-变点）-2025-11版.pdf,pdf,207750,2025-11-07T17:16:28,DATE运营绩效考核方案（简洁版-变点）-DATE版,INVENTORY_ONLY,,,,,,,,,,,,Metadata inventory only; non-spreadsheet content not parsed in this pass.
2025年运营绩效考核方案（简洁版-变点）-2025-12版.pdf,绩效与商家销售额汇总\2025年运营绩效考核方案（简洁版-变点）-2025-12版.pdf,pdf,197047,2025-12-09T10:14:02,DATE运营绩效考核方案（简洁版-变点）-DATE版,INVENTORY_ONLY,,,,,,,,,,,,Metadata inventory only; non-spreadsheet content not parsed in this pass.
2026年三方区域运营绩效方案 TO运营.pdf,绩效与商家销售额汇总\2026年三方区域运营绩效方案 TO运营.pdf,pdf,837929,2026-02-28T14:08:40,DATE三方区域运营绩效方案 TO运营,INVENTORY_ONLY,,,,,,,,,,,,Metadata inventory only; non-spreadsheet content not parsed in this pass.
24年非药商家售后订单率2025-01-03.xlsx,绩效与商家销售额汇总\24年非药商家售后订单率2025-01-03.xlsx,xlsx,148664,2025-01-14T19:11:12,24年非药商家售后订单率DATE,READABLE,商家维度,2052,7,供应商id | 供应商名称 | 订单数 | 售后订单数 | 商家原因售后订单数 | 商务对接人 | 商家原因售后订单率,13569 | 【已退店】阿福医疗 | 2 | 2 | 2 | 陈灵珠 | 1 || 14578 | 【退店24.1.12】江西栢好康医疗器械 | 2 | 2 | 2 | 蓝通 | 1 || 12646 | 中森 | 2 | 1 | 1 | None | 0.5,,,unknown_pending_business_confirmation,供应商id,0,True,Workbook sheet profiled locally; no source rows copied to output.
24年非药商家售后订单率2025-01-03.xlsx,绩效与商家销售额汇总\24年非药商家售后订单率2025-01-03.xlsx,xlsx,148664,2025-01-14T19:11:12,24年非药商家售后订单率DATE,READABLE,商务维度,30,5,商务对接人 | 订单数 | 售后订单数 | 商家原因售后订单数 | 商家原因售后订单率,黄少华 | 2082094 | 92949 | 58649 | <PHONE_MASKED> || 余斯亮 | 302520 | 11400 | 7225 | 0.0238827184979505 || 李安明 | 12 | 0 | 0 | 0,,,unknown_pending_business_confirmation,,0,False,Workbook sheet profiled locally; no source rows copied to output.
26年Q1非药运营&商务绩效1230.pdf,绩效与商家销售额汇总\26年Q1非药运营&商务绩效1230.pdf,pdf,360376,2026-01-04T09:39:10,26年Q1非药运营&商务绩效1230,INVENTORY_ONLY,,,,,,,,,,,,Metadata inventory only; non-spreadsheet content not parsed in this pass.
26年非药运营&商务绩效5月.pptx,绩效与商家销售额汇总\26年非药运营&商务绩效5月.pptx,pptx,172488,2026-07-13T13:39:08,26年非药运营&商务绩效5月,INVENTORY_ONLY,,,,,,,,,,,,Metadata inventory only; non-spreadsheet content not parsed in this pass.
5万商家12-1月药采购现金情况.xlsx,绩效与商家销售额汇总\5万商家12-1月药采购现金情况.xlsx,xlsx,152364,2025-02-10T15:58:06,5万商家12-1月药采购现金情况,READABLE,Sheet1,1754,13,"●保证金补缴到10万的、特殊合作协议的5万商家，正常经营药采购（药采购现金占比50%以上的必须商务跟进2月底补缴！）
●药采购采购占比10%以上的，没补缴的，停止药采购上架与提报，但现有链接正常销售
●采购占比10%以下的，没补缴的，直接关药采购 | <blank_2> | <blank_3> | <blank_4> | <blank_5> | <blank_6> | <blank_7> | <blank_8> | <blank_9> | <blank_10> | <blank_11> | <blank_12> | <blank_13>","供应商ID | 供应商名称 | 12-1月药采购现金 | 12-1月医械城现金 | 药采购现金占比 | 商务对接人 | 供应商省份 | 对应人 | 只交5万保证金商业 | None | None | None | None || 10238 | 郑州眷轩 | 448476.39 | 78593.33 | =C3/(C3+D3) | 谭伟杰（商务） | 河南省 | 谭伟杰（商务） | =VLOOKUP(A3,'Sheet1 (2)'!$A$2:$A$229,... | None | None | None | None || 13778 | 鑫众维器械 | 158487.42 | 346451.15 | =C4/(C4+D4) | None | 四川省 | 高运 | =VLOOKUP(A4,'Sheet1 (2)'!$A$2:$A$229,... | None | None | None | None",,,unknown_pending_business_confirmation,,0,True,Workbook sheet profiled locally; no source rows copied to output.
5万商家12-1月药采购现金情况.xlsx,绩效与商家销售额汇总\5万商家12-1月药采购现金情况.xlsx,xlsx,152364,2025-02-10T15:58:06,5万商家12-1月药采购现金情况,READABLE,Sheet1 (2),228,1,供应商ID,17165 || 13817 || 13831,,,unknown_pending_business_confirmation,供应商ID,34,False,Workbook sheet profiled locally; no source rows copied to output.
【2月考核结果】非药商家0211-0304连锁销售情况.xlsx,绩效与商家销售额汇总\【2月考核结果】非药商家0211-0304连锁销售情况.xlsx,xlsx,269192,2025-03-06T11:51:36,【2月考核结果】非药商家0211-0304连锁销售情况,READABLE,开通连锁+有售后订单的,457,22,商业id | 商业名称 | 是否关连锁 | 商务对接 | 处理状态 | 开通连锁供货对象 | 连锁订单数 | 连锁发票订单数 | 连锁发票售后订单数 | 连锁平台介入订单数 | 发票售后闭环订单数 | 发票售后48小时闭环订单数 | 连锁发票售后小时数-以上传发票为准 | 发票上传率 | 发票售后率 | 48h发票售后闭环率 | 发票售后平均处理时长-以上传发票为准 | 连锁销售额 | 连锁销售店数 | 动销批文数 | 在架批文数 | 处理状态,3584 | 可孚旗舰店 | 不关 | 蓝通 | 连锁发票售后上传时长＞48h，不合格，但金额＞3w，重点提醒，本月暂时不关 | 1 | 488 | 104 | 63 | 0 | 31 | 21 | 3269.4 | <PHONE_MASKED> | <PHONE_MASKED> | 0.333333333333333 | 105.464516129032 | 345271.99 | 212 | 146 | 295 | 上传时长＞72h，但金额＞3w，提醒，不关 || 1553 | 东莞市康洁医药旗舰店 | 不关 | 0 | 连锁发票售后上传时长＞48h，不合格，但金额＞3w，重点提醒，本月暂时不关 | 1 | 823 | 31 | 37 | 0 | 16 | 7 | 1616.79 | 0.0376670716889429 | 0.0449574726609964 | <PHONE_MASKED> | 101.049375 | 335736.59 | 376 | 551 | 3302 | 上传时长＞72h，但金额＞3w，提醒，不关 || 977 | 广州仁冠贸易旗舰店 | 不关 | 0 | 连锁发票售后上传时长＜48h，合格，不关 | 1 | 576 | 45 | 55 | 0 | 33 | 26 | 881.63 | 0.078125 | 0.0954861111111111 | 0.472727272727273 | <PHONE_MASKED> | 203376.12 | 338 | 220 | 2629 | 上传时长＜72h，不关,,,unknown_pending_business_confirmation,商业id,0,False,Workbook sheet profiled locally; no source rows copied to output.
【2月考核结果】非药商家0211-0304连锁销售情况.xlsx,绩效与商家销售额汇总\【2月考核结果】非药商家0211-0304连锁销售情况.xlsx,xlsx,269192,2025-03-06T11:51:36,【2月考核结果】非药商家0211-0304连锁销售情况,READABLE,Sheet1,1723,20,商业id | 商业名称 | 商务对接 | 开通连锁供货对象 | 连锁订单数 | 连锁发票订单数 | 连锁发票售后订单数 | 连锁平台介入订单数 | 发票售后闭环订单数 | 发票售后48小时闭环订单数 | 连锁发票售后小时数-以上传发票为准 | 连锁发票售后小时数-以结束售后为准 | 发票上传率 | 发票售后率 | 48h发票售后闭环率 | 发票售后平均处理时长-以上传发票为准 | 连锁销售额 | 连锁销售店数 | 动销批文数 | 在架批文数,15195 | 凯森医疗旗舰店 | 0 | 1 | 0 | 0 | 0 | 0 | 0 | 0 | 0 | None | =F2/E2 | =G2/E2 | =J2/G2 | =K2/I2 | 0 | 0 | 0 | 237 || 5984 | 广州新多多医疗旗舰店 | 黄少华 | 1 | 0 | 0 | 0 | 0 | 0 | 0 | 0 | None | =F3/E3 | =G3/E3 | =J3/G3 | =K3/I3 | 0 | 0 | 0 | 711 || 12858 | 助康医疗器械旗舰店 | 王子翔（医械） | 1 | 0 | 0 | 0 | 0 | 0 | 0 | 0 | None | =F4/E4 | =G4/E4 | =J4/G4 | =K4/I4 | 0 | 0 | 0 | 260,,,unknown_pending_business_confirmation,商业id,0,True,Workbook sheet profiled locally; no source rows copied to output.
三方客户成功部运营岗-十万专员考核方案（202404修订试行版）.docx,绩效与商家销售额汇总\三方客户成功部运营岗-十万专员考核方案（202404修订试行版）.docx,docx,28904,2024-03-29T10:22:12,三方客户成功部运营岗-十万专员考核方案（DATE修订试行版）,INVENTORY_ONLY,,,,,,,,,,,,Metadata inventory only; non-spreadsheet content not parsed in this pass.
三方客户成功部运营岗-十万专员考核方案（202407修订试行版）.pdf,绩效与商家销售额汇总\三方客户成功部运营岗-十万专员考核方案（202407修订试行版）.pdf,pdf,294935,2024-07-19T14:38:10,三方客户成功部运营岗-十万专员考核方案（DATE修订试行版）,INVENTORY_ONLY,,,,,,,,,,,,Metadata inventory only; non-spreadsheet content not parsed in this pass.
三方绩效方向2501——TO运营.pdf,绩效与商家销售额汇总\三方绩效方向2501——TO运营.pdf,pdf,547455,2025-01-06T10:57:14,三方绩效方向2501——TO运营,INVENTORY_ONLY,,,,,,,,,,,,Metadata inventory only; non-spreadsheet content not parsed in this pass.
商业季度绩效.eml,绩效与商家销售额汇总\商业季度绩效.eml,eml,154967,2026-09-10T11:03:25,商业季度绩效,INVENTORY_ONLY,,,,,,,,,,,,Metadata inventory only; non-spreadsheet content not parsed in this pass.
商家每月售后情况2025-02-06_四川.xlsx,绩效与商家销售额汇总\商家每月售后情况2025-02-06_四川.xlsx,xlsx,15167,2025-02-06T10:22:00,商家每月售后情况DATE_四川,READABLE,Sheet1,73,13,供应商ID | 订单数202412 | 订单数202501 | 订单数202502 | 售后数202412 | 售后数202501 | 售后数202502 | 商家原因售后数202412 | 商家原因售后数202501 | 商家原因售后数202502 | 商务对接人 | 供应商省份 | 对应人,13778 | 2139 | 1445 | 99 | 102 | 85 | 0 | 60 | 34 | 0 | 王子翔（医械） | 四川省 | 高运 || 12642 | 1258 | 780 | 103 | 69 | 41 | 0 | 50 | 20 | 0 | None | 四川省 | 高运 || 8521 | 2581 | 3114 | 300 | 184 | 168 | 9 | 148 | 114 | 1 | None | 四川省 | 高运,,,unknown_pending_business_confirmation,供应商ID,0,False,Workbook sheet profiled locally; no source rows copied to output.
商家每月售后情况2025-02-06_四川.xlsx,绩效与商家销售额汇总\商家每月售后情况2025-02-06_四川.xlsx,xlsx,15167,2025-02-06T10:22:00,商家每月售后情况DATE_四川,READABLE,Sheet2,23,1,商家原因明细（23条）,药品近效期 || 商品质量问题 || 发票相关-无票,,,unknown_pending_business_confirmation,,0,False,Workbook sheet profiled locally; no source rows copied to output.
日化可开分店商家.xlsx,绩效与商家销售额汇总\日化可开分店商家.xlsx,xlsx,12887,2026-03-28T09:30:40,日化可开分店商家,READABLE,Sheet9,39,6,供应商名称 | ID | 店铺近3月月均总额 | 日/化近3月最高月 | 对接人 | 近3个月商家售后率,须鲸医疗旗舰店 | 14736 | 120401.48 | 91183.37 | 余超（非药） | <PHONE_MASKED> || 平行宇宙美妆旗舰店 | 21789 | 201589.536666667 | 418713.88 | 熊心意 | <PHONE_MASKED> || 湖南凡康 | 14545 | 158106.813333333 | 131190.91 | 熊心意 | <PHONE_MASKED>,,,unknown_pending_business_confirmation,ID,0,False,Workbook sheet profiled locally; no source rows copied to output.
汇总清单.txt,绩效与商家销售额汇总\汇总清单.txt,txt,2709,2026-09-09T14:42:18,汇总清单,INVENTORY_ONLY,,,,,,,,,,,,Metadata inventory only; non-spreadsheet content not parsed in this pass.
销售额统计 (1).xlsx,绩效与商家销售额汇总\销售额统计 (1).xlsx,xlsx,148436,2026-05-18T14:07:14,销售额统计,READABLE,销售额统计（周期汇总）,86,10,供应商名称 | 运营人员 | 商务对接人 | 现金额 | 订单数 | 单体金额 | 诊所金额 | 连锁总部金额 | 连锁加盟金额 | 器械店金额,"丽康琴保健品 | 高运,高运 |  | 30785.08 | 224.0 | 18219.94 | 3467.0 | 3684.4 | 5413.74 | 0.0 || 都尔东康 | 高运,高运 |  | 7191.70 | 56.0 | 4091.5 | 2455.2 | 135.0 | 510.0 | 0.0 || 普宁普慈 | 高运 |  | 64007.00 | 831.0 | 45774.13 | 9049.12 | 1098.6 | 960.3 | 5792.85",,,unknown_pending_business_confirmation,,0,False,Workbook sheet profiled locally; no source rows copied to output.
销售额统计 (1).xlsx,绩效与商家销售额汇总\销售额统计 (1).xlsx,xlsx,148436,2026-05-18T14:07:14,销售额统计,READABLE,销售额统计（按月）,86,11,供应商名称 | 月份 | 运营人员 | 商务对接人 | 现金额 | 订单数 | 单体金额 | 诊所金额 | 连锁总部金额 | 连锁加盟金额 | 器械店金额,"丽康琴保健品 | 202605.0 | 高运,高运 |  | 30785.08 | 224.0 | 18219.94 | 3467.0 | 3684.4 | 5413.74 | 0.0 || 都尔东康 | 202605.0 | 高运,高运 |  | 7191.70 | 56.0 | 4091.5 | 2455.2 | 135.0 | 510.0 | 0.0 || 普宁普慈 | 202605.0 | 高运 |  | 64007.00 | 831.0 | 45774.13 | 9049.12 | 1098.6 | 960.3 | 5792.85",,,unknown_pending_business_confirmation,,0,False,Workbook sheet profiled locally; no source rows copied to output.
销售额统计 (1).xlsx,绩效与商家销售额汇总\销售额统计 (1).xlsx,xlsx,148436,2026-05-18T14:07:14,销售额统计,READABLE,销售额统计（按日）,2666,11,供应商名称 | 日期 | 运营人员 | 商务对接人 | 现金额 | 订单数 | 单体金额 | 诊所金额 | 连锁总部金额 | 连锁加盟金额 | 器械店金额,"丽康琴保健品 | 20260501.0 | 高运,高运 |  | 1213.74 | 10.0 | 1064.34 | 0.0 | 0.0 | 149.4 | 0.0 || 丽康琴保健品 | 20260502.0 | 高运,高运 |  | 695.00 | 6.0 | 478.2 | 68.0 | 0.0 | 148.8 | 0.0 || 丽康琴保健品 | 20260503.0 | 高运,高运 |  | 1085.20 | 6.0 | 1017.2 | 68.0 | 0.0 | 0.0 | 0.0",日期,日期:2026-05-01..2026-05-31,unknown_pending_business_confirmation,,0,False,Workbook sheet profiled locally; no source rows copied to output.
销售额统计 (2).xlsx,绩效与商家销售额汇总\销售额统计 (2).xlsx,xlsx,157830,2026-05-27T14:19:20,销售额统计,READABLE,销售额统计（周期汇总）,85,10,供应商名称 | 运营人员 | 商务对接人 | 现金额 | 订单数 | 单体金额 | 诊所金额 | 连锁总部金额 | 连锁加盟金额 | 器械店金额,"丽康琴保健品 | 高运,高运 |  | 49702.79 | 348.0 | 30257.34 | 4649.2 | 6472.0 | 8324.25 | 0.0 || 都尔东康 | 高运,高运 |  | 10077.20 | 84.0 | 5379.0 | 3470.7 | 135.0 | 1092.5 | 0.0 || 普宁普慈 | 高运 |  | 99651.97 | 1329.0 | 71678.62 | 13272.92 | 1081.8 | 1755.08 | 8731.55",,,unknown_pending_business_confirmation,,0,False,Workbook sheet profiled locally; no source rows copied to output.
销售额统计 (2).xlsx,绩效与商家销售额汇总\销售额统计 (2).xlsx,xlsx,157830,2026-05-27T14:19:20,销售额统计,READABLE,销售额统计（按月）,85,11,供应商名称 | 月份 | 运营人员 | 商务对接人 | 现金额 | 订单数 | 单体金额 | 诊所金额 | 连锁总部金额 | 连锁加盟金额 | 器械店金额,"丽康琴保健品 | 202605.0 | 高运,高运 |  | 49702.79 | 348.0 | 30257.34 | 4649.2 | 6472.0 | 8324.25 | 0.0 || 都尔东康 | 202605.0 | 高运,高运 |  | 10077.20 | 84.0 | 5379.0 | 3470.7 | 135.0 | 1092.5 | 0.0 || 普宁普慈 | 202605.0 | 高运 |  | 99651.97 | 1329.0 | 71678.62 | 13272.92 | 1081.8 | 1755.08 | 8731.55",,,unknown_pending_business_confirmation,,0,False,Workbook sheet profiled locally; no source rows copied to output.
销售额统计 (2).xlsx,绩效与商家销售额汇总\销售额统计 (2).xlsx,xlsx,157830,2026-05-27T14:19:20,销售额统计,READABLE,销售额统计（按日）,2635,11,供应商名称 | 日期 | 运营人员 | 商务对接人 | 现金额 | 订单数 | 单体金额 | 诊所金额 | 连锁总部金额 | 连锁加盟金额 | 器械店金额,"丽康琴保健品 | 20260501.0 | 高运,高运 |  | 1213.74 | 10.0 | 1064.34 | 0.0 | 0.0 | 149.4 | 0.0 || 丽康琴保健品 | 20260502.0 | 高运,高运 |  | 695.00 | 6.0 | 478.2 | 68.0 | 0.0 | 148.8 | 0.0 || 丽康琴保健品 | 20260503.0 | 高运,高运 |  | 1085.20 | 6.0 | 1017.2 | 68.0 | 0.0 | 0.0 | 0.0",日期,日期:2026-05-01..2026-05-31,unknown_pending_business_confirmation,,0,False,Workbook sheet profiled locally; no source rows copied to output.
销售额统计 (20).xlsx,绩效与商家销售额汇总\销售额统计 (20).xlsx,xlsx,138199,2025-07-01T09:55:00,销售额统计,READABLE,销售额统计（周期汇总）,78,9,供应商名称 | 运营人员 | 商务对接人 | 现金额 | 订单数 | 单体金额 | 诊所金额 | 连锁总部金额 | 连锁加盟金额,"丽康琴保健品 | 高运,高运 |  | 78711.70 | 468.0 | 36277.33 | 8918.62 | 19517.34 | 13998.41 || 都尔东康 | 高运,高运 |  | 14282.80 | 96.0 | 10276.8 | 2453.0 | 110.0 | 1443.0 || 普宁普慈 | 高运 |  | 190991.86 | 2432.0 | 137629.35 | 32267.88 | 8596.4 | 8747.64",,,unknown_pending_business_confirmation,,0,False,Workbook sheet profiled locally; no source rows copied to output.
销售额统计 (20).xlsx,绩效与商家销售额汇总\销售额统计 (20).xlsx,xlsx,138199,2025-07-01T09:55:00,销售额统计,READABLE,销售额统计（按月）,78,10,供应商名称 | 月份 | 运营人员 | 商务对接人 | 现金额 | 订单数 | 单体金额 | 诊所金额 | 连锁总部金额 | 连锁加盟金额,"丽康琴保健品 | 202506.0 | 高运,高运 |  | 78711.70 | 468.0 | 36277.33 | 8918.62 | 19517.34 | 13998.41 || 都尔东康 | 202506.0 | 高运,高运 |  | 14282.80 | 96.0 | 10276.8 | 2453.0 | 110.0 | 1443.0 || 普宁普慈 | 202506.0 | 高运 |  | 190991.86 | 2432.0 | 137629.35 | 32267.88 | 8596.4 | 8747.64",,,unknown_pending_business_confirmation,,0,False,Workbook sheet profiled locally; no source rows copied to output.
销售额统计 (20).xlsx,绩效与商家销售额汇总\销售额统计 (20).xlsx,xlsx,138199,2025-07-01T09:55:00,销售额统计,READABLE,销售额统计（按日）,2340,10,供应商名称 | 日期 | 运营人员 | 商务对接人 | 现金额 | 订单数 | 单体金额 | 诊所金额 | 连锁总部金额 | 连锁加盟金额,"丽康琴保健品 | 20250601.0 | 高运,高运 |  | 3453.42 | 24.0 | 2092.16 | 47.0 | 0.0 | 1314.26 || 丽康琴保健品 | 20250602.0 | 高运,高运 |  | 2172.94 | 19.0 | 1692.4 | 95.76 | 77.14 | 307.64 || 丽康琴保健品 | 20250603.0 | 高运,高运 |  | 2928.24 | 16.0 | 1194.24 | 122.0 | 1160.0 | 452.0",日期,日期:2025-06-01..2025-06-30,unknown_pending_business_confirmation,,0,False,Workbook sheet profiled locally; no source rows copied to output.
销售额统计 (3).xlsx,绩效与商家销售额汇总\销售额统计 (3).xlsx,xlsx,134631,2026-06-15T14:07:22,销售额统计,READABLE,销售额统计（周期汇总）,90,10,供应商名称 | 运营人员 | 商务对接人 | 现金额 | 订单数 | 单体金额 | 诊所金额 | 连锁总部金额 | 连锁加盟金额 | 器械店金额,"丽康琴保健品 | 高运,高运 |  | 23282.51 | 131.0 | 10719.39 | 2786.1 | 6956.32 | 2820.7 | 0.0 || 都尔东康 | 高运,高运 |  | 4447.00 | 37.0 | 2663.0 | 295.0 | 1242.0 | 247.0 | 0.0 || 普宁普慈 | 高运 |  | 28865.58 | 391.0 | 19757.79 | 7134.93 | 1090.0 | 329.66 | 553.2",,,unknown_pending_business_confirmation,,0,False,Workbook sheet profiled locally; no source rows copied to output.
销售额统计 (3).xlsx,绩效与商家销售额汇总\销售额统计 (3).xlsx,xlsx,134631,2026-06-15T14:07:22,销售额统计,READABLE,销售额统计（按月）,90,11,供应商名称 | 月份 | 运营人员 | 商务对接人 | 现金额 | 订单数 | 单体金额 | 诊所金额 | 连锁总部金额 | 连锁加盟金额 | 器械店金额,"丽康琴保健品 | 202606.0 | 高运,高运 |  | 23282.51 | 131.0 | 10719.39 | 2786.1 | 6956.32 | 2820.7 | 0.0 || 都尔东康 | 202606.0 | 高运,高运 |  | 4447.00 | 37.0 | 2663.0 | 295.0 | 1242.0 | 247.0 | 0.0 || 普宁普慈 | 202606.0 | 高运 |  | 28865.58 | 391.0 | 19757.79 | 7134.93 | 1090.0 | 329.66 | 553.2",,,unknown_pending_business_confirmation,,0,False,Workbook sheet profiled locally; no source rows copied to output.
销售额统计 (3).xlsx,绩效与商家销售额汇总\销售额统计 (3).xlsx,xlsx,134631,2026-06-15T14:07:22,销售额统计,READABLE,销售额统计（按日）,2700,11,供应商名称 | 日期 | 运营人员 | 商务对接人 | 现金额 | 订单数 | 单体金额 | 诊所金额 | 连锁总部金额 | 连锁加盟金额 | 器械店金额,"丽康琴保健品 | 20260601.0 | 高运,高运 |  | 2581.76 | 18.0 | 1187.46 | 85.5 | 580.0 | 728.8 | 0.0 || 丽康琴保健品 | 20260602.0 | 高运,高运 |  | 2366.32 | 19.0 | 1754.32 | 50.0 | 299.8 | 262.2 | 0.0 || 丽康琴保健品 | 20260603.0 | 高运,高运 |  | 2557.30 | 16.0 | 1602.3 | 526.0 | 144.0 | 285.0 | 0.0",日期,日期:2026-06-01..2026-06-30,unknown_pending_business_confirmation,,0,False,Workbook sheet profiled locally; no source rows copied to output.
非药各经营范围上架规则及售后考核概览.docx,绩效与商家销售额汇总\非药各经营范围上架规则及售后考核概览.docx,docx,20153,2026-03-30T15:22:54,非药各经营范围上架规则及售后考核概览,INVENTORY_ONLY,,,,,,,,,,,,Metadata inventory only; non-spreadsheet content not parsed in this pass.
非药商务&运营25年11月绩效方案.pdf,绩效与商家销售额汇总\非药商务&运营25年11月绩效方案.pdf,pdf,452865,2025-10-31T14:23:56,非药商务&运营25年11月绩效方案,INVENTORY_ONLY,,,,,,,,,,,,Metadata inventory only; non-spreadsheet content not parsed in this pass.
