file,sheet,field,dtype,non_null_rate,unique_count,sample_values_masked,possible_entity,possible_metric,notes
绩效与商家销售额汇总\01_绩效\绩效额外附加表格.xlsx,绩效指标参考,绩效计算表,text_or_mixed,0.8125,10,有效新开数 | Y ≥5 | Y =4,,,date_range=..
绩效与商家销售额汇总\01_绩效\绩效额外附加表格.xlsx,绩效指标参考,<blank_2>,text_or_mixed,0.6250,8,对应每家计件奖金（元） | 400 | 300,,,date_range=..
绩效与商家销售额汇总\01_绩效\非药商务绩效+热销价+商家进度统计_2026-05-25_sub_高运.xlsx,总体目标,月份,date_candidate,1.0000,5,2026-03 | 2026-04 | 2026-02,,,date_range=2026-01-01..2026-05-01
绩效与商家销售额汇总\01_绩效\非药商务绩效+热销价+商家进度统计_2026-05-25_sub_高运.xlsx,总体目标,商务对接人,text_or_mixed,1.0000,1,高运 | 高运 | 高运,operator,,date_range=..
绩效与商家销售额汇总\01_绩效\非药商务绩效+热销价+商家进度统计_2026-05-25_sub_高运.xlsx,总体目标,非重点品增量gmv,text_or_mixed,1.0000,5,1823.440000000002 | 40631.21000000004 | 997.2699999999531,,GMV,date_range=..
绩效与商家销售额汇总\01_绩效\非药商务绩效+热销价+商家进度统计_2026-05-25_sub_高运.xlsx,总体目标,重点品增量gmv,text_or_mixed,1.0000,5,212652.33 | 590020.43 | 49572.48,,GMV,date_range=..
绩效与商家销售额汇总\01_绩效\非药商务绩效+热销价+商家进度统计_2026-05-25_sub_高运.xlsx,总体目标,开店商业数,text_or_mixed,0.8000,4,7 | 4 | 3,merchant_supplier,,date_range=..
绩效与商家销售额汇总\01_绩效\非药商务绩效+热销价+商家进度统计_2026-05-25_sub_高运.xlsx,总体目标,首单商业数,text_or_mixed,1.0000,3,4 | 5 | 1,merchant_supplier,,date_range=..
绩效与商家销售额汇总\01_绩效\非药商务绩效+热销价+商家进度统计_2026-05-25_sub_高运.xlsx,总体目标,有效新开数,text_or_mixed,1.0000,5,0.6000000000000001 | 0.4 | 1.2,,,date_range=..
绩效与商家销售额汇总\01_绩效\非药商务绩效+热销价+商家进度统计_2026-05-25_sub_高运.xlsx,总体目标,当月订单数,text_or_mixed,1.0000,5,76348 | 66568 | 62084,,订单,date_range=..
绩效与商家销售额汇总\01_绩效\非药商务绩效+热销价+商家进度统计_2026-05-25_sub_高运.xlsx,总体目标,当月商家原因售后订单数,text_or_mixed,1.0000,5,1434 | 1196 | 1285,merchant_supplier,订单,date_range=..
绩效与商家销售额汇总\01_绩效\非药商务绩效+热销价+商家进度统计_2026-05-25_sub_高运.xlsx,总体目标,上月订单数,text_or_mixed,1.0000,5,61139 | 76348 | 85371,,订单,date_range=..
绩效与商家销售额汇总\01_绩效\非药商务绩效+热销价+商家进度统计_2026-05-25_sub_高运.xlsx,总体目标,上月商家原因售后订单数,text_or_mixed,1.0000,5,1277 | 1434 | 1635,merchant_supplier,订单,date_range=..
绩效与商家销售额汇总\01_绩效\非药商务绩效+热销价+商家进度统计_2026-05-25_sub_高运.xlsx,总体目标,当月商家原因售后订单率,text_or_mixed,1.0000,5,<PHONE_MASKED> | <PHONE_MASKED> | 0.02069776431930932,merchant_supplier,订单,date_range=..
绩效与商家销售额汇总\01_绩效\非药商务绩效+热销价+商家进度统计_2026-05-25_sub_高运.xlsx,总体目标,上月商家原因售后订单率,text_or_mixed,1.0000,5,0.02088683164592159 | <PHONE_MASKED> | <PHONE_MASKED>,merchant_supplier,订单,date_range=..
绩效与商家销售额汇总\01_绩效\非药商务绩效+热销价+商家进度统计_2026-05-25_sub_高运.xlsx,总体目标,当月商家原因售后订单率环比,text_or_mixed,1.0000,5,<PHONE_MASKED> | -0.04343566553813449 | <PHONE_MASKED>,merchant_supplier,订单,date_range=..
绩效与商家销售额汇总\01_绩效\非药商务绩效+热销价+商家进度统计_2026-05-25_sub_高运.xlsx,总体目标,售后备注,text_or_mixed,1.0000,2,无事发生 | 无事发生 | 绩效扣除10%,,,date_range=..
绩效与商家销售额汇总\01_绩效\非药商务绩效+热销价+商家进度统计_2026-05-25_sub_高运.xlsx,总体目标,补充新开系数,text_or_mixed,1.0000,1,0 | 0 | 0,,,date_range=..
绩效与商家销售额汇总\01_绩效\非药商务绩效+热销价+商家进度统计_2026-05-25_sub_高运.xlsx,总体目标,新开系数,text_or_mixed,1.0000,5,0.6 | 0.4 | 1.2,,,date_range=..
绩效与商家销售额汇总\01_绩效\非药商务绩效+热销价+商家进度统计_2026-05-25_sub_高运.xlsx,总体目标,对应每家计件奖金,text_or_mixed,1.0000,1,0 | 0 | 0,,,date_range=..
绩效与商家销售额汇总\01_绩效\非药商务绩效+热销价+商家进度统计_2026-05-25_sub_高运.xlsx,总体目标,破峰提成系数,text_or_mixed,1.0000,1,0 | 0 | 0,,,date_range=..
绩效与商家销售额汇总\01_绩效\非药商务绩效+热销价+商家进度统计_2026-05-25_sub_高运.xlsx,商业售后情况统计,月份,date_candidate,1.0000,18,202504 | 202509 | 202412,,,date_range=2024-12-01..2026-05-01
绩效与商家销售额汇总\01_绩效\非药商务绩效+热销价+商家进度统计_2026-05-25_sub_高运.xlsx,商业售后情况统计,商务对接人1,text_or_mixed,1.0000,1,高运 | 高运 | 高运,operator,,date_range=..
绩效与商家销售额汇总\01_绩效\非药商务绩效+热销价+商家进度统计_2026-05-25_sub_高运.xlsx,商业售后情况统计,当月订单数,text_or_mixed,1.0000,18,94913 | 83912 | 103462,,订单,date_range=..
绩效与商家销售额汇总\01_绩效\非药商务绩效+热销价+商家进度统计_2026-05-25_sub_高运.xlsx,商业售后情况统计,当月商家原因售后订单数,text_or_mixed,1.0000,18,3540 | 1866 | 3982,merchant_supplier,订单,date_range=..
绩效与商家销售额汇总\01_绩效\非药商务绩效+热销价+商家进度统计_2026-05-25_sub_高运.xlsx,商业售后情况统计,上月订单数,text_or_mixed,1.0000,18,99465 | 84192 | 0,,订单,date_range=..
绩效与商家销售额汇总\01_绩效\非药商务绩效+热销价+商家进度统计_2026-05-25_sub_高运.xlsx,商业售后情况统计,上月商家原因售后订单数,text_or_mixed,1.0000,18,3774 | 1672 | 0,merchant_supplier,订单,date_range=..
绩效与商家销售额汇总\01_绩效\非药商务绩效+热销价+商家进度统计_2026-05-25_sub_高运.xlsx,商业售后情况统计,当月商家原因售后订单率,text_or_mixed,1.0000,18,0.03729731438264516 | 0.02223758222900181 | 0.03848756065028706,merchant_supplier,订单,date_range=..
绩效与商家销售额汇总\01_绩效\非药商务绩效+热销价+商家进度统计_2026-05-25_sub_高运.xlsx,商业售后情况统计,上月商家原因售后订单率,text_or_mixed,0.9444,17,0.03794299502337506 | <PHONE_MASKED> | 0.03730596157696726,merchant_supplier,订单,date_range=..
绩效与商家销售额汇总\01_绩效\非药商务绩效+热销价+商家进度统计_2026-05-25_sub_高运.xlsx,商业售后情况,月份,date_candidate,1.0000,18,202506 | 202505 | 202602,,,date_range=2024-12-01..2026-05-01
绩效与商家销售额汇总\01_绩效\非药商务绩效+热销价+商家进度统计_2026-05-25_sub_高运.xlsx,商业售后情况,供应商ID,text_or_mixed,1.0000,107,1350 | 11905 | 21964,merchant_supplier,,date_range=..
绩效与商家销售额汇总\01_绩效\非药商务绩效+热销价+商家进度统计_2026-05-25_sub_高运.xlsx,商业售后情况,供应商名称,text_or_mixed,1.0000,107,希尔康 | 贰美医疗 | 四川承泰仁商贸,merchant_supplier,,date_range=..
绩效与商家销售额汇总\01_绩效\非药商务绩效+热销价+商家进度统计_2026-05-25_sub_高运.xlsx,商业售后情况,商业开店日期,date_candidate,1.0000,97,20170814 | 20230214 | 20250619,merchant_supplier,,date_range=2016-12-26..2026-05-18
绩效与商家销售额汇总\01_绩效\非药商务绩效+热销价+商家进度统计_2026-05-25_sub_高运.xlsx,商业售后情况,当月订单数,text_or_mixed,1.0000,1007,1762 | 1859 | 350,,订单,date_range=..
绩效与商家销售额汇总\01_绩效\非药商务绩效+热销价+商家进度统计_2026-05-25_sub_高运.xlsx,商业售后情况,上月订单数,text_or_mixed,1.0000,969,2241 | 1877 | 396,,订单,date_range=..
绩效与商家销售额汇总\01_绩效\非药商务绩效+热销价+商家进度统计_2026-05-25_sub_高运.xlsx,商业售后情况,当月售后订单数,text_or_mixed,1.0000,240,118 | 53 | 12,,订单,date_range=..
绩效与商家销售额汇总\01_绩效\非药商务绩效+热销价+商家进度统计_2026-05-25_sub_高运.xlsx,商业售后情况,上月售后订单数,text_or_mixed,1.0000,239,134 | 49 | 6,,订单,date_range=..
绩效与商家销售额汇总\01_绩效\非药商务绩效+热销价+商家进度统计_2026-05-25_sub_高运.xlsx,商业售后情况,当月商家原因售后订单数,text_or_mixed,1.0000,168,70 | 30 | 3,merchant_supplier,订单,date_range=..
绩效与商家销售额汇总\01_绩效\非药商务绩效+热销价+商家进度统计_2026-05-25_sub_高运.xlsx,商业售后情况,上月商家原因售后订单数,text_or_mixed,1.0000,168,88 | 33 | 1,merchant_supplier,订单,date_range=..
绩效与商家销售额汇总\01_绩效\非药商务绩效+热销价+商家进度统计_2026-05-25_sub_高运.xlsx,商业售后情况,商务对接人,text_or_mixed,0.1291,5,高运 | 高运 | 蓝通,operator,,date_range=..
绩效与商家销售额汇总\01_绩效\非药商务绩效+热销价+商家进度统计_2026-05-25_sub_高运.xlsx,商业售后情况,供应商省份,text_or_mixed,1.0000,6,四川省 | 四川省 | 四川省,merchant_supplier;region,,date_range=..
绩效与商家销售额汇总\01_绩效\非药商务绩效+热销价+商家进度统计_2026-05-25_sub_高运.xlsx,商业售后情况,运营名称,text_or_mixed,0.8999,1,高运 | 高运 | 高运,operator,,date_range=..
绩效与商家销售额汇总\01_绩效\非药商务绩效+热销价+商家进度统计_2026-05-25_sub_高运.xlsx,商业售后情况,对应人,text_or_mixed,1.0000,1,高运 | 高运 | 高运,,,date_range=..
绩效与商家销售额汇总\01_绩效\非药商务绩效+热销价+商家进度统计_2026-05-25_sub_高运.xlsx,商业售后情况,当月商家原因售后订单率,text_or_mixed,1.0000,1159,0.03972758229284903 | <PHONE_MASKED> | <PHONE_MASKED>,merchant_supplier,订单,date_range=..
绩效与商家销售额汇总\01_绩效\非药商务绩效+热销价+商家进度统计_2026-05-25_sub_高运.xlsx,商业售后情况,上月商家原因售后订单率,text_or_mixed,1.0000,1096,0.0392681838464971 | <PHONE_MASKED> | <ID_MASKED>,merchant_supplier,订单,date_range=..
绩效与商家销售额汇总\01_绩效\非药商务绩效+热销价+商家进度统计_2026-05-25_sub_高运.xlsx,商业售后情况,商家原因售后订单率环比,text_or_mixed,1.0000,1162,<PHONE_MASKED> | <PHONE_MASKED> | 2.394285714285714,merchant_supplier,订单,date_range=..
绩效与商家销售额汇总\01_绩效\非药商务绩效+热销价+商家进度统计_2026-05-25_sub_高运.xlsx,商业每月GMV,供应商ID,text_or_mixed,1.0000,112,720 | 1140 | 1142,merchant_supplier,,date_range=..
绩效与商家销售额汇总\01_绩效\非药商务绩效+热销价+商家进度统计_2026-05-25_sub_高运.xlsx,商业每月GMV,供应商名称,text_or_mixed,1.0000,112,丽康琴保健品 | 都尔东康 | 普宁普慈,merchant_supplier,,date_range=..
绩效与商家销售额汇总\01_绩效\非药商务绩效+热销价+商家进度统计_2026-05-25_sub_高运.xlsx,商业每月GMV,供应商证件名称,text_or_mixed,1.0000,112,四川丽康琴保健用品有限公司 | 成都市尔东康商贸有限公司 | 普宁市普慈医疗器械有限公司,merchant_supplier,,date_range=..
绩效与商家销售额汇总\01_绩效\非药商务绩效+热销价+商家进度统计_2026-05-25_sub_高运.xlsx,商业每月GMV,供应商省份,text_or_mixed,1.0000,6,四川省 | 四川省 | 广东省,merchant_supplier;region,,date_range=..
绩效与商家销售额汇总\01_绩效\非药商务绩效+热销价+商家进度统计_2026-05-25_sub_高运.xlsx,商业每月GMV,供应商城市,text_or_mixed,1.0000,15,成都市 | 成都市 | 揭阳市,merchant_supplier;region,,date_range=..
绩效与商家销售额汇总\01_绩效\非药商务绩效+热销价+商家进度统计_2026-05-25_sub_高运.xlsx,商业每月GMV,商业类型,text_or_mixed,0.1875,5,普通店 | 普通店 | 普通店,merchant_supplier,,date_range=..
绩效与商家销售额汇总\01_绩效\非药商务绩效+热销价+商家进度统计_2026-05-25_sub_高运.xlsx,商业每月GMV,商业开店日期,date_candidate,1.0000,102,20161226 | 20170620 | 20170620,merchant_supplier,,date_range=2016-12-26..2026-05-18
绩效与商家销售额汇总\01_绩效\非药商务绩效+热销价+商家进度统计_2026-05-25_sub_高运.xlsx,商业每月GMV,商业首单日期,date_candidate,1.0000,107,20161230 | 20170622 | 20170628,merchant_supplier,,date_range=2016-12-30..2026-05-19
绩效与商家销售额汇总\01_绩效\非药商务绩效+热销价+商家进度统计_2026-05-25_sub_高运.xlsx,商业每月GMV,状态,text_or_mixed,1.0000,3,有效 | 有效 | 有效,,,date_range=..
绩效与商家销售额汇总\01_绩效\非药商务绩效+热销价+商家进度统计_2026-05-25_sub_高运.xlsx,商业每月GMV,a202605,text_or_mixed,0.7679,86,45940.83 | 10032.2 | 91629.28,,,date_range=..
绩效与商家销售额汇总\01_绩效\非药商务绩效+热销价+商家进度统计_2026-05-25_sub_高运.xlsx,商业每月GMV,a202604,text_or_mixed,0.7411,83,58840.04 | 8755 | 65136.35,,,date_range=..
绩效与商家销售额汇总\01_绩效\非药商务绩效+热销价+商家进度统计_2026-05-25_sub_高运.xlsx,商业每月GMV,a202603,text_or_mixed,0.6964,78,62467.27 | 13328.92 | 82024.43,,,date_range=..
绩效与商家销售额汇总\01_绩效\非药商务绩效+热销价+商家进度统计_2026-05-25_sub_高运.xlsx,商业每月GMV,a202602,text_or_mixed,0.6964,78,70088.97 | 12426.74 | 72862.61,,,date_range=..
绩效与商家销售额汇总\01_绩效\非药商务绩效+热销价+商家进度统计_2026-05-25_sub_高运.xlsx,商业每月GMV,a202601,text_or_mixed,0.8839,82,73712.78 | 17911.74 | 149577.84,,,date_range=..
绩效与商家销售额汇总\01_绩效\非药商务绩效+热销价+商家进度统计_2026-05-25_sub_高运.xlsx,商业每月GMV,a202512,text_or_mixed,0.8839,81,72230.27 | 12727.05 | 198022.37,,,date_range=..
绩效与商家销售额汇总\01_绩效\非药商务绩效+热销价+商家进度统计_2026-05-25_sub_高运.xlsx,商业每月GMV,a202511,text_or_mixed,0.8839,81,76806.85 | 14072.88 | 222823.29,,,date_range=..
绩效与商家销售额汇总\01_绩效\非药商务绩效+热销价+商家进度统计_2026-05-25_sub_高运.xlsx,商业每月GMV,a202510,text_or_mixed,0.8839,79,87872.37 | 13953.8 | 145541.41,,,date_range=..
绩效与商家销售额汇总\01_绩效\非药商务绩效+热销价+商家进度统计_2026-05-25_sub_高运.xlsx,商业每月GMV,a202509,text_or_mixed,0.8839,81,80322.08 | 21033.3 | 134313.87,,,date_range=..
绩效与商家销售额汇总\01_绩效\非药商务绩效+热销价+商家进度统计_2026-05-25_sub_高运.xlsx,商业每月GMV,a202508,text_or_mixed,0.8839,80,89271.63 | 10524.84 | 144887.29,,,date_range=..
绩效与商家销售额汇总\01_绩效\非药商务绩效+热销价+商家进度统计_2026-05-25_sub_高运.xlsx,商业每月GMV,a202507,text_or_mixed,0.8839,78,73174.31 | 11677.14 | 207450.55,,,date_range=..
绩效与商家销售额汇总\01_绩效\非药商务绩效+热销价+商家进度统计_2026-05-25_sub_高运.xlsx,商业每月GMV,a202506,text_or_mixed,0.8839,77,78464.7 | 14282.8 | 190865.97,,,date_range=..
绩效与商家销售额汇总\01_绩效\非药商务绩效+热销价+商家进度统计_2026-05-25_sub_高运.xlsx,商业每月GMV,a202505,text_or_mixed,0.8839,78,97959.95 | 14085.48 | 257435.33,,,date_range=..
绩效与商家销售额汇总\01_绩效\非药商务绩效+热销价+商家进度统计_2026-05-25_sub_高运.xlsx,商业每月GMV,a202504,text_or_mixed,0.8839,79,124454.34 | 15196.01 | 265300.85,,,date_range=..
绩效与商家销售额汇总\01_绩效\非药商务绩效+热销价+商家进度统计_2026-05-25_sub_高运.xlsx,商业每月GMV,a202503,text_or_mixed,0.8839,79,119142.63 | 17008.05 | 261222.86,,,date_range=..
绩效与商家销售额汇总\01_绩效\非药商务绩效+热销价+商家进度统计_2026-05-25_sub_高运.xlsx,商业每月GMV,a202502,text_or_mixed,0.8839,81,107345.95 | 20444.08 | 224217.26,,,date_range=..
绩效与商家销售额汇总\01_绩效\非药商务绩效+热销价+商家进度统计_2026-05-25_sub_高运.xlsx,商业每月GMV,a202501,text_or_mixed,0.8839,82,216985.04 | 17273.34 | 225821.26,,,date_range=..
绩效与商家销售额汇总\01_绩效\非药商务绩效+热销价+商家进度统计_2026-05-25_sub_高运.xlsx,商业每月GMV,a202412,text_or_mixed,0.8839,83,150581.05 | 14806.84 | 307224.83,,,date_range=..
绩效与商家销售额汇总\01_绩效\非药商务绩效+热销价+商家进度统计_2026-05-25_sub_高运.xlsx,商业每月GMV,a202411,text_or_mixed,0.8839,84,136574.85 | 19474.04 | 283024.62,,,date_range=..
绩效与商家销售额汇总\01_绩效\非药商务绩效+热销价+商家进度统计_2026-05-25_sub_高运.xlsx,商业每月GMV,a202410,text_or_mixed,0.8839,82,136677.4 | 24433.22 | 258433.73,,,date_range=..
绩效与商家销售额汇总\01_绩效\非药商务绩效+热销价+商家进度统计_2026-05-25_sub_高运.xlsx,商业每月GMV,a202409,text_or_mixed,0.8839,80,117741.45 | 26263.16 | 322827.73,,,date_range=..
绩效与商家销售额汇总\01_绩效\非药商务绩效+热销价+商家进度统计_2026-05-25_sub_高运.xlsx,商业每月GMV,a202408,text_or_mixed,0.8839,80,132710.36 | 27668.12 | 383287.12,,,date_range=..
绩效与商家销售额汇总\01_绩效\非药商务绩效+热销价+商家进度统计_2026-05-25_sub_高运.xlsx,商业每月GMV,a202407,text_or_mixed,0.8839,81,140849.12 | 21594.92 | 352134.91,,,date_range=..
绩效与商家销售额汇总\01_绩效\非药商务绩效+热销价+商家进度统计_2026-05-25_sub_高运.xlsx,商业每月GMV,a202406,text_or_mixed,0.8839,75,176356.95 | 15325.17 | 384078.32,,,date_range=..
绩效与商家销售额汇总\01_绩效\非药商务绩效+热销价+商家进度统计_2026-05-25_sub_高运.xlsx,商业每月GMV,a202405,text_or_mixed,0.8839,71,185884.52 | 27544.12 | 262181.09,,,date_range=..
绩效与商家销售额汇总\01_绩效\非药商务绩效+热销价+商家进度统计_2026-05-25_sub_高运.xlsx,商业每月GMV,a202404,text_or_mixed,0.8839,71,190726.12 | 17629.62 | 248564.99,,,date_range=..
绩效与商家销售额汇总\01_绩效\非药商务绩效+热销价+商家进度统计_2026-05-25_sub_高运.xlsx,商业每月GMV,a202403,text_or_mixed,0.8839,68,223305.45 | 33861.84 | 279775.63,,,date_range=..
绩效与商家销售额汇总\01_绩效\非药商务绩效+热销价+商家进度统计_2026-05-25_sub_高运.xlsx,商业每月GMV,a202402,text_or_mixed,0.8839,67,107883.01 | 25800.44 | 194033.84,,,date_range=..
绩效与商家销售额汇总\01_绩效\非药商务绩效+热销价+商家进度统计_2026-05-25_sub_高运.xlsx,商业每月GMV,a202401,text_or_mixed,0.8839,66,204531.16 | 31221.48 | 291853.49,,,date_range=..
绩效与商家销售额汇总\01_绩效\非药商务绩效+热销价+商家进度统计_2026-05-25_sub_高运.xlsx,商业每月GMV,a202312,text_or_mixed,0.8839,64,179684.17 | 38456.3 | 335202.99,,,date_range=..
绩效与商家销售额汇总\01_绩效\非药商务绩效+热销价+商家进度统计_2026-05-25_sub_高运.xlsx,商业每月GMV,a202311,text_or_mixed,0.8839,62,196952.79 | 36813.98 | 281698.8,,,date_range=..
绩效与商家销售额汇总\01_绩效\非药商务绩效+热销价+商家进度统计_2026-05-25_sub_高运.xlsx,商业每月GMV,a202310,text_or_mixed,0.8839,62,175128.9 | 35522.49 | 284781.81,,,date_range=..
绩效与商家销售额汇总\01_绩效\非药商务绩效+热销价+商家进度统计_2026-05-25_sub_高运.xlsx,商业每月GMV,a202309,text_or_mixed,0.8839,59,203764.25 | 21204.53 | 243603.64,,,date_range=..
绩效与商家销售额汇总\01_绩效\非药商务绩效+热销价+商家进度统计_2026-05-25_sub_高运.xlsx,商业每月GMV,a202308,text_or_mixed,0.8839,56,206641.73 | 15569.83 | 271599.21,,,date_range=..
绩效与商家销售额汇总\01_绩效\非药商务绩效+热销价+商家进度统计_2026-05-25_sub_高运.xlsx,商业每月GMV,a202307,text_or_mixed,0.8839,56,103920.98 | 13538.42 | 389289.37,,,date_range=..
绩效与商家销售额汇总\01_绩效\非药商务绩效+热销价+商家进度统计_2026-05-25_sub_高运.xlsx,商业每月GMV,a202306,text_or_mixed,0.8839,54,134010.7 | 24475.04 | 345989.87,,,date_range=..
绩效与商家销售额汇总\01_绩效\非药商务绩效+热销价+商家进度统计_2026-05-25_sub_高运.xlsx,商业每月GMV,a202305,text_or_mixed,0.8839,54,173251.53 | 19688.57 | 446453.14,,,date_range=..
绩效与商家销售额汇总\01_绩效\非药商务绩效+热销价+商家进度统计_2026-05-25_sub_高运.xlsx,商业每月GMV,a202304,text_or_mixed,0.8839,51,135352.06 | 25896.85 | 354956.25,,,date_range=..
绩效与商家销售额汇总\01_绩效\非药商务绩效+热销价+商家进度统计_2026-05-25_sub_高运.xlsx,商业每月GMV,a202303,text_or_mixed,0.8839,47,90928.92 | 27909 | 486720.85,,,date_range=..
绩效与商家销售额汇总\01_绩效\非药商务绩效+热销价+商家进度统计_2026-05-25_sub_高运.xlsx,商业每月GMV,a202302,text_or_mixed,0.8839,45,70492.37 | 59331.61 | 529731.56,,,date_range=..
绩效与商家销售额汇总\01_绩效\非药商务绩效+热销价+商家进度统计_2026-05-25_sub_高运.xlsx,商业每月GMV,a202301,text_or_mixed,0.8839,41,42698.89 | 70780.94 | 367291.87,,,date_range=..
绩效与商家销售额汇总\01_绩效\非药商务绩效+热销价+商家进度统计_2026-05-25_sub_高运.xlsx,商业每月GMV,商务对接人,text_or_mixed,0.3125,5,蓝通 | 高运 | 王子翔（医械）,operator,,date_range=..
绩效与商家销售额汇总\01_绩效\非药商务绩效+热销价+商家进度统计_2026-05-25_sub_高运.xlsx,商业每月GMV,简称,text_or_mixed,1.0000,112,丽康琴保健品 | 都尔东康 | 普宁普慈,,,date_range=..
绩效与商家销售额汇总\01_绩效\非药商务绩效+热销价+商家进度统计_2026-05-25_sub_高运.xlsx,商业每月GMV,运营名称,text_or_mixed,0.7679,1,高运 | 高运 | 高运,operator,,date_range=..
绩效与商家销售额汇总\01_绩效\非药商务绩效+热销价+商家进度统计_2026-05-25_sub_高运.xlsx,商业每月GMV,对应人,text_or_mixed,1.0000,1,高运 | 高运 | 高运,,,date_range=..
绩效与商家销售额汇总\01_绩效\非药商务绩效+热销价+商家进度统计_2026-05-25_sub_高运.xlsx,商业每月GMV,主店铺ID,text_or_mixed,1.0000,99,720 | 1140 | 1142,,,date_range=..
绩效与商家销售额汇总\01_绩效\非药商务绩效+热销价+商家进度统计_2026-05-25_sub_高运.xlsx,商业每月GMV,合并统计店铺,text_or_mixed,1.0000,99,丽康琴保健品 | 都尔东康 | 普宁普慈,,,date_range=..
绩效与商家销售额汇总\01_绩效\非药商务绩效+热销价+商家进度统计_2026-05-25_sub_高运.xlsx,新开商业情况,供应商ID,text_or_mixed,1.0000,22,22679 | 22862 | 22917,merchant_supplier,,date_range=..
绩效与商家销售额汇总\01_绩效\非药商务绩效+热销价+商家进度统计_2026-05-25_sub_高运.xlsx,新开商业情况,商业开店日期,date_candidate,1.0000,20,20250829 | 20250918 | 20250925,merchant_supplier,,date_range=2025-08-29..2026-05-21
绩效与商家销售额汇总\01_绩效\非药商务绩效+热销价+商家进度统计_2026-05-25_sub_高运.xlsx,新开商业情况,商业首单日期,date_candidate,1.0000,20,20250917.0 | 20251017.0 | 20250926.0,merchant_supplier,,date_range=2025-09-17..2026-05-19
绩效与商家销售额汇总\01_绩效\非药商务绩效+热销价+商家进度统计_2026-05-25_sub_高运.xlsx,新开商业情况,供应商省份,text_or_mixed,1.0000,5,江西省 | 四川省 | 四川省,merchant_supplier;region,,date_range=..
绩效与商家销售额汇总\01_绩效\非药商务绩效+热销价+商家进度统计_2026-05-25_sub_高运.xlsx,新开商业情况,状态,text_or_mixed,1.0000,2,有效 | 有效 | 有效,,,date_range=..
绩效与商家销售额汇总\01_绩效\非药商务绩效+热销价+商家进度统计_2026-05-25_sub_高运.xlsx,新开商业情况,商业保证金,text_or_mixed,1.0000,3,100000 | 100000 | 100000,merchant_supplier,,date_range=..
绩效与商家销售额汇总\01_绩效\非药商务绩效+热销价+商家进度统计_2026-05-25_sub_高运.xlsx,新开商业情况,保证金余额,text_or_mixed,1.0000,13,100000 | 99936.6 | 98898.52,,,date_range=..
绩效与商家销售额汇总\01_绩效\非药商务绩效+热销价+商家进度统计_2026-05-25_sub_高运.xlsx,新开商业情况,business_scope,text_or_mixed,0.9902,19,"6,7,8,12,21 | 0,2,6,8,21,28 | 0,2,3,6,7,8",,,date_range=..
绩效与商家销售额汇总\01_绩效\非药商务绩效+热销价+商家进度统计_2026-05-25_sub_高运.xlsx,新开商业情况,主营业务关键词,text_or_mixed,0.9902,19,"外用,生活用品,化妆品,计生用品,消毒用品 | 医疗器械,生活用品,计生用品,食品,消毒用品,保健品 | 医疗器械,生活用品,化妆品,计生用品,营养品,保健品",,,date_range=..
绩效与商家销售额汇总\01_绩效\非药商务绩效+热销价+商家进度统计_2026-05-25_sub_高运.xlsx,新开商业情况,type_scope,text_or_mixed,0.0000,0,,,,date_range=..
绩效与商家销售额汇总\01_绩效\非药商务绩效+热销价+商家进度统计_2026-05-25_sub_高运.xlsx,新开商业情况,busi_scope,text_or_mixed,1.0000,15,"10,11,12,9 | 19,16,12,11,10,9,8,6 | 19,16,12,11,10,9,8,6",,,date_range=..
绩效与商家销售额汇总\01_绩效\非药商务绩效+热销价+商家进度统计_2026-05-25_sub_高运.xlsx,新开商业情况,分类经营范围,text_or_mixed,0.0000,0,,,,date_range=..
绩效与商家销售额汇总\01_绩效\非药商务绩效+热销价+商家进度统计_2026-05-25_sub_高运.xlsx,新开商业情况,商品经营范围,text_or_mixed,1.0000,13,"日用品,医疗器械（一类）,消毒产品,化妆品 | 日用品,医疗器械（一类）,食品,医疗器械（二类）,医疗器械（二类免备案）,... | 日用品,医疗器械（一类）,食品,医疗器械（二类）,医疗器械（二类免备案）,...",product,,date_range=..
绩效与商家销售额汇总\01_绩效\非药商务绩效+热销价+商家进度统计_2026-05-25_sub_高运.xlsx,新开商业情况,冻结状态,text_or_mixed,1.0000,2,0 | 0 | 0,,,date_range=..
绩效与商家销售额汇总\01_绩效\非药商务绩效+热销价+商家进度统计_2026-05-25_sub_高运.xlsx,新开商业情况,实时在架sku数,text_or_mixed,1.0000,20,35 | 118 | 940,product,,date_range=..
绩效与商家销售额汇总\01_绩效\非药商务绩效+热销价+商家进度统计_2026-05-25_sub_高运.xlsx,新开商业情况,主店铺ID,text_or_mixed,1.0000,21,22679 | 22862 | 22917,,,date_range=..
绩效与商家销售额汇总\01_绩效\非药商务绩效+热销价+商家进度统计_2026-05-25_sub_高运.xlsx,新开商业情况,月份,date_candidate,0.9902,17,2026-05 | 2026-05 | 2026-05,,,date_range=2025-01-01..2026-05-01
绩效与商家销售额汇总\01_绩效\非药商务绩效+热销价+商家进度统计_2026-05-25_sub_高运.xlsx,新开商业情况,GMV,text_or_mixed,0.9902,92,22401.9 | 90271.63 | 293830.81,,GMV,date_range=..
绩效与商家销售额汇总\01_绩效\非药商务绩效+热销价+商家进度统计_2026-05-25_sub_高运.xlsx,新开商业情况,之前月份的峰值,text_or_mixed,0.9902,45,36585.54 | 476864.78 | 558654.71,,,date_range=..
绩效与商家销售额汇总\01_绩效\非药商务绩效+热销价+商家进度统计_2026-05-25_sub_高运.xlsx,新开商业情况,增量gmv,text_or_mixed,1.0000,54,0 | 0 | 0,,GMV,date_range=..
绩效与商家销售额汇总\01_绩效\非药商务绩效+热销价+商家进度统计_2026-05-25_sub_高运.xlsx,新开商业情况,在架天数5天以上sku数,text_or_mixed,0.6176,55,35 | 118 | 962,product,,date_range=..
绩效与商家销售额汇总\01_绩效\非药商务绩效+热销价+商家进度统计_2026-05-25_sub_高运.xlsx,新开商业情况,日期_dt,date_candidate,0.9902,19,2025-09-17 00:00:00 | 2025-10-17 00:00:00 | 2025-09-26 00:00:00,,,date_range=2025-09-17..2026-05-19
绩效与商家销售额汇总\01_绩效\非药商务绩效+热销价+商家进度统计_2026-05-25_sub_高运.xlsx,新开商业情况,参考月份_dt,date_candidate,0.9902,19,2025-10-17 00:00:00 | 2025-11-17 00:00:00 | 2025-10-26 00:00:00,,,date_range=2025-10-17..2026-06-19
绩效与商家销售额汇总\01_绩效\非药商务绩效+热销价+商家进度统计_2026-05-25_sub_高运.xlsx,新开商业情况,月份_dt,date_candidate,0.9902,17,2026-05-01 00:00:00 | 2026-05-01 00:00:00 | 2026-05-01 00:00:00,,,date_range=2025-01-01..2026-05-01
绩效与商家销售额汇总\01_绩效\非药商务绩效+热销价+商家进度统计_2026-05-25_sub_高运.xlsx,新开商业情况,月份差,text_or_mixed,0.9902,22,7 | 6 | 7,,,date_range=..
绩效与商家销售额汇总\01_绩效\非药商务绩效+热销价+商家进度统计_2026-05-25_sub_高运.xlsx,新开商业情况,商务对接人,text_or_mixed,1.0000,1,高运 | 高运 | 高运,operator,,date_range=..
绩效与商家销售额汇总\01_绩效\非药商务绩效+热销价+商家进度统计_2026-05-25_sub_高运.xlsx,新开商业情况,简称,text_or_mixed,1.0000,22,江西古戈尔商贸 | 四川众恩德科技 | 成都天蕊贸易,,,date_range=..
绩效与商家销售额汇总\01_绩效\非药商务绩效+热销价+商家进度统计_2026-05-25_sub_高运.xlsx,新开商业情况,供应商证件全称,text_or_mixed,1.0000,22,江西古戈尔商贸有限公司 | 四川众恩德科技有限公司 | 成都天蕊贸易有限公司,merchant_supplier,,date_range=..
绩效与商家销售额汇总\01_绩效\非药商务绩效+热销价+商家进度统计_2026-05-25_sub_高运.xlsx,新开商业情况,运营名称,text_or_mixed,0.0000,0,,operator,,date_range=..
绩效与商家销售额汇总\01_绩效\非药商务绩效+热销价+商家进度统计_2026-05-25_sub_高运.xlsx,新开商业情况,一线品牌品类gmv,text_or_mixed,0.7745,70,78043.93 | 246644.21 | 162296.76,product,GMV,date_range=..
绩效与商家销售额汇总\01_绩效\非药商务绩效+热销价+商家进度统计_2026-05-25_sub_高运.xlsx,新开商业情况,动销店数,text_or_mixed,0.8137,74,272 | 794 | 1488,,,date_range=..
绩效与商家销售额汇总\01_绩效\非药商务绩效+热销价+商家进度统计_2026-05-25_sub_高运.xlsx,新开商业情况,分店GMV,text_or_mixed,0.8137,83,22401.9 | 90271.63 | 209784.72,,GMV,date_range=..
绩效与商家销售额汇总\01_绩效\非药商务绩效+热销价+商家进度统计_2026-05-25_sub_高运.xlsx,新开商业情况,新开有效,text_or_mixed,1.0000,2,无效 | 无效 | 无效,,,date_range=..
绩效与商家销售额汇总\01_绩效\非药商务绩效+热销价+商家进度统计_2026-05-25_sub_高运.xlsx,新开商业情况,非重点品gmv,text_or_mixed,0.7745,68,12227.70000000001 | 47186.60000000001 | 9318.799999999988,,GMV,date_range=..
绩效与商家销售额汇总\01_绩效\非药商务绩效+热销价+商家进度统计_2026-05-25_sub_高运.xlsx,新开商业情况,之前月份的非重点品峰值,text_or_mixed,1.0000,27,0 | 40898.06 | 73409.32999999996,,,date_range=..
绩效与商家销售额汇总\01_绩效\非药商务绩效+热销价+商家进度统计_2026-05-25_sub_高运.xlsx,新开商业情况,之前月份的重点品峰值,text_or_mixed,1.0000,33,0 | 443561.94 | 485245.38,,,date_range=..
绩效与商家销售额汇总\01_绩效\非药商务绩效+热销价+商家进度统计_2026-05-25_sub_高运.xlsx,新开商业情况,非重点品增量gmv,text_or_mixed,1.0000,32,0 | 0 | 0,,GMV,date_range=..
绩效与商家销售额汇总\01_绩效\非药商务绩效+热销价+商家进度统计_2026-05-25_sub_高运.xlsx,新开商业情况,重点品增量gmv,text_or_mixed,1.0000,38,0 | 0 | 0,,GMV,date_range=..
绩效与商家销售额汇总\01_绩效\非药商务绩效+热销价+商家进度统计_2026-05-25_sub_高运.xlsx,新开商业情况,保证金水平,text_or_mixed,1.0000,4,100000 | 100000 | 100000,,,date_range=..
绩效与商家销售额汇总\01_绩效\非药商务绩效+热销价+商家进度统计_2026-05-25_sub_高运.xlsx,新开商业情况,有效计件,text_or_mixed,1.0000,4,0 | 0 | 0,,,date_range=..
绩效与商家销售额汇总\01_绩效\非药商务绩效+热销价+商家进度统计_2026-05-25_sub_高运.xlsx,新开商业情况,商业类型,text_or_mixed,1.0000,5,普通店 | 普通店 | 普通店,merchant_supplier,,date_range=..
绩效与商家销售额汇总\01_绩效\非药商务绩效+热销价+商家进度统计_2026-05-25_sub_高运.xlsx,新开商业情况,开店月份,date_candidate,1.0000,8,2025-08 | 2025-09 | 2025-09,,,date_range=2025-08-01..2026-05-01
绩效与商家销售额汇总\01_绩效\非药商务绩效+热销价+商家进度统计_2026-05-25_sub_高运.xlsx,新开商业情况,首单月份,date_candidate,1.0000,10,2025-09 | 2025-10 | 2025-09,,,date_range=2025-09-01..2026-05-01
绩效与商家销售额汇总\01_绩效\非药商务绩效+热销价+商家进度统计_2026-05-25_sub_高运.xlsx,新开商业情况,增量分享标记,text_or_mixed,1.0000,1,0 | 0 | 0,,,date_range=..
绩效与商家销售额汇总\01_绩效\非药商务绩效+热销价+商家进度统计_2026-05-25_sub_高运.xlsx,新开商业补充保证金情况,供应商ID,text_or_mixed,1.0000,1,24732,merchant_supplier,,date_range=..
绩效与商家销售额汇总\01_绩效\非药商务绩效+热销价+商家进度统计_2026-05-25_sub_高运.xlsx,新开商业补充保证金情况,月份,date_candidate,1.0000,1,2026-04,,,date_range=2026-04-01..2026-04-01
绩效与商家销售额汇总\01_绩效\非药商务绩效+热销价+商家进度统计_2026-05-25_sub_高运.xlsx,新开商业补充保证金情况,简称,text_or_mixed,1.0000,1,四川康福达医疗科技,,,date_range=..
绩效与商家销售额汇总\01_绩效\非药商务绩效+热销价+商家进度统计_2026-05-25_sub_高运.xlsx,新开商业补充保证金情况,状态,text_or_mixed,1.0000,1,有效,,,date_range=..
绩效与商家销售额汇总\01_绩效\非药商务绩效+热销价+商家进度统计_2026-05-25_sub_高运.xlsx,新开商业补充保证金情况,商务对接人,text_or_mixed,1.0000,1,高运,operator,,date_range=..
绩效与商家销售额汇总\01_绩效\非药商务绩效+热销价+商家进度统计_2026-05-25_sub_高运.xlsx,新开商业补充保证金情况,最新保证金水平,text_or_mixed,1.0000,1,20000,,,date_range=..
绩效与商家销售额汇总\01_绩效\非药商务绩效+热销价+商家进度统计_2026-05-25_sub_高运.xlsx,新开商业补充保证金情况,过去保证金水平,text_or_mixed,1.0000,1,10000,,,date_range=..
绩效与商家销售额汇总\01_绩效\非药商务绩效+热销价+商家进度统计_2026-05-25_sub_高运.xlsx,新开商业补充保证金情况,过去有效计件,text_or_mixed,1.0000,1,0,,,date_range=..
绩效与商家销售额汇总\01_绩效\非药商务绩效+热销价+商家进度统计_2026-05-25_sub_高运.xlsx,新开商业补充保证金情况,补充新开系数,text_or_mixed,1.0000,1,0,,,date_range=..
绩效与商家销售额汇总\01_绩效\非药商务绩效+热销价+商家进度统计_2026-05-28_sub_高运.xlsx,总体目标,月份,date_candidate,1.0000,5,2026-04 | 2026-03 | 2026-02,,,date_range=2026-01-01..2026-05-01
绩效与商家销售额汇总\01_绩效\非药商务绩效+热销价+商家进度统计_2026-05-28_sub_高运.xlsx,总体目标,商务对接人,text_or_mixed,1.0000,1,高运 | 高运 | 高运,operator,,date_range=..
绩效与商家销售额汇总\01_绩效\非药商务绩效+热销价+商家进度统计_2026-05-28_sub_高运.xlsx,总体目标,非重点品增量gmv,text_or_mixed,1.0000,5,47499.22000000004 | 17360.19 | 11516.68999999996,,GMV,date_range=..
绩效与商家销售额汇总\01_绩效\非药商务绩效+热销价+商家进度统计_2026-05-28_sub_高运.xlsx,总体目标,重点品增量gmv,text_or_mixed,1.0000,5,590020.43 | 212652.33 | 49572.48,,GMV,date_range=..
绩效与商家销售额汇总\01_绩效\非药商务绩效+热销价+商家进度统计_2026-05-28_sub_高运.xlsx,总体目标,新开6个月内5万商家数,text_or_mixed,1.0000,3,5 | 5 | 4,merchant_supplier,,date_range=..
绩效与商家销售额汇总\01_绩效\非药商务绩效+热销价+商家进度统计_2026-05-28_sub_高运.xlsx,总体目标,开店商业数,text_or_mixed,0.8000,4,4 | 7 | 3,merchant_supplier,,date_range=..
绩效与商家销售额汇总\01_绩效\非药商务绩效+热销价+商家进度统计_2026-05-28_sub_高运.xlsx,总体目标,首单商业数,text_or_mixed,1.0000,3,5 | 4 | 1,merchant_supplier,,date_range=..
绩效与商家销售额汇总\01_绩效\非药商务绩效+热销价+商家进度统计_2026-05-28_sub_高运.xlsx,总体目标,品牌店开店商业数,text_or_mixed,0.4000,1,1 | 1,merchant_supplier;product,,date_range=..
绩效与商家销售额汇总\01_绩效\非药商务绩效+热销价+商家进度统计_2026-05-28_sub_高运.xlsx,总体目标,有效新开数,text_or_mixed,1.0000,5,0.4 | 0.6000000000000001 | 1.2,,,date_range=..
绩效与商家销售额汇总\01_绩效\非药商务绩效+热销价+商家进度统计_2026-05-28_sub_高运.xlsx,总体目标,当月订单数,text_or_mixed,1.0000,5,66568 | 76348 | 62084,,订单,date_range=..
绩效与商家销售额汇总\01_绩效\非药商务绩效+热销价+商家进度统计_2026-05-28_sub_高运.xlsx,总体目标,当月商家原因售后订单数,text_or_mixed,1.0000,5,1203 | 1440 | 1287,merchant_supplier,订单,date_range=..
绩效与商家销售额汇总\01_绩效\非药商务绩效+热销价+商家进度统计_2026-05-28_sub_高运.xlsx,总体目标,上月订单数,text_or_mixed,1.0000,5,76348 | 61139 | 85371,,订单,date_range=..
绩效与商家销售额汇总\01_绩效\非药商务绩效+热销价+商家进度统计_2026-05-28_sub_高运.xlsx,总体目标,上月商家原因售后订单数,text_or_mixed,1.0000,5,1440 | 1279 | 1637,merchant_supplier,订单,date_range=..
绩效与商家销售额汇总\01_绩效\非药商务绩效+热销价+商家进度统计_2026-05-28_sub_高运.xlsx,总体目标,当月商家原因售后订单率,text_or_mixed,1.0000,5,<PHONE_MASKED> | <PHONE_MASKED> | 0.02072997873848334,merchant_supplier,订单,date_range=..
绩效与商家销售额汇总\01_绩效\非药商务绩效+热销价+商家进度统计_2026-05-28_sub_高运.xlsx,总体目标,上月商家原因售后订单率,text_or_mixed,1.0000,5,<PHONE_MASKED> | <PHONE_MASKED> | <PHONE_MASKED>,merchant_supplier,订单,date_range=..
绩效与商家销售额汇总\01_绩效\非药商务绩效+热销价+商家进度统计_2026-05-28_sub_高运.xlsx,总体目标,当月商家原因售后订单率环比,text_or_mixed,1.0000,5,<PHONE_MASKED> | -0.09840267639150191 | <PHONE_MASKED>,merchant_supplier,订单,date_range=..
绩效与商家销售额汇总\01_绩效\非药商务绩效+热销价+商家进度统计_2026-05-28_sub_高运.xlsx,总体目标,售后备注,text_or_mixed,1.0000,2,无事发生 | 无事发生 | 绩效扣除10%,,,date_range=..
绩效与商家销售额汇总\01_绩效\非药商务绩效+热销价+商家进度统计_2026-05-28_sub_高运.xlsx,总体目标,补充新开系数,text_or_mixed,1.0000,1,0 | 0 | 0,,,date_range=..
绩效与商家销售额汇总\01_绩效\非药商务绩效+热销价+商家进度统计_2026-05-28_sub_高运.xlsx,总体目标,新开系数,text_or_mixed,1.0000,5,0.4 | 0.6 | 1.2,,,date_range=..
绩效与商家销售额汇总\01_绩效\非药商务绩效+热销价+商家进度统计_2026-05-28_sub_高运.xlsx,总体目标,对应每家计件奖金,text_or_mixed,1.0000,1,0 | 0 | 0,,,date_range=..
绩效与商家销售额汇总\01_绩效\非药商务绩效+热销价+商家进度统计_2026-05-28_sub_高运.xlsx,总体目标,破峰提成系数,text_or_mixed,1.0000,1,0 | 0 | 0,,,date_range=..
绩效与商家销售额汇总\01_绩效\非药商务绩效+热销价+商家进度统计_2026-05-28_sub_高运.xlsx,商业售后情况统计,月份,date_candidate,1.0000,18,202605 | 202601 | 202501,,,date_range=2024-12-01..2026-05-01
绩效与商家销售额汇总\01_绩效\非药商务绩效+热销价+商家进度统计_2026-05-28_sub_高运.xlsx,商业售后情况统计,商务对接人1,text_or_mixed,1.0000,1,高运 | 高运 | 高运,operator,,date_range=..
绩效与商家销售额汇总\01_绩效\非药商务绩效+热销价+商家进度统计_2026-05-28_sub_高运.xlsx,商业售后情况统计,当月订单数,text_or_mixed,1.0000,18,59984 | 85760 | 94405,,订单,date_range=..
绩效与商家销售额汇总\01_绩效\非药商务绩效+热销价+商家进度统计_2026-05-28_sub_高运.xlsx,商业售后情况统计,当月商家原因售后订单数,text_or_mixed,1.0000,17,805 | 1643 | 3681,merchant_supplier,订单,date_range=..
绩效与商家销售额汇总\01_绩效\非药商务绩效+热销价+商家进度统计_2026-05-28_sub_高运.xlsx,商业售后情况统计,上月订单数,text_or_mixed,1.0000,18,66559 | 88085 | 103402,,订单,date_range=..
绩效与商家销售额汇总\01_绩效\非药商务绩效+热销价+商家进度统计_2026-05-28_sub_高运.xlsx,商业售后情况统计,上月商家原因售后订单数,text_or_mixed,1.0000,18,1203 | 1815 | 3980,merchant_supplier,订单,date_range=..
绩效与商家销售额汇总\01_绩效\非药商务绩效+热销价+商家进度统计_2026-05-28_sub_高运.xlsx,商业售后情况统计,当月商家原因售后订单率,text_or_mixed,1.0000,18,<PHONE_MASKED> | <PHONE_MASKED> | <PHONE_MASKED>,merchant_supplier,订单,date_range=..
绩效与商家销售额汇总\01_绩效\非药商务绩效+热销价+商家进度统计_2026-05-28_sub_高运.xlsx,商业售后情况统计,上月商家原因售后订单率,text_or_mixed,0.9444,17,<PHONE_MASKED> | 0.02060509734915139 | 0.03849055144001083,merchant_supplier,订单,date_range=..
绩效与商家销售额汇总\01_绩效\非药商务绩效+热销价+商家进度统计_2026-05-28_sub_高运.xlsx,商业售后情况,月份,date_candidate,1.0000,18,202506 | 202505 | 202605,,,date_range=2024-12-01..2026-05-01
绩效与商家销售额汇总\01_绩效\非药商务绩效+热销价+商家进度统计_2026-05-28_sub_高运.xlsx,商业售后情况,供应商ID,text_or_mixed,1.0000,107,15756 | 3787 | 2245,merchant_supplier,,date_range=..
绩效与商家销售额汇总\01_绩效\非药商务绩效+热销价+商家进度统计_2026-05-28_sub_高运.xlsx,商业售后情况,供应商名称,text_or_mixed,1.0000,107,四川瑾辉医疗器械 | 蓉易购 | 蒙特生物,merchant_supplier,,date_range=..
绩效与商家销售额汇总\01_绩效\非药商务绩效+热销价+商家进度统计_2026-05-28_sub_高运.xlsx,商业售后情况,商业开店日期,date_candidate,1.0000,97,20231201 | 20200402 | 20180613,merchant_supplier,,date_range=2016-12-26..2026-05-18
绩效与商家销售额汇总\01_绩效\非药商务绩效+热销价+商家进度统计_2026-05-28_sub_高运.xlsx,商业售后情况,当月订单数,text_or_mixed,1.0000,1016,550 | 134 | 440,,订单,date_range=..
绩效与商家销售额汇总\01_绩效\非药商务绩效+热销价+商家进度统计_2026-05-28_sub_高运.xlsx,商业售后情况,上月订单数,text_or_mixed,1.0000,969,505 | 183 | 550,,订单,date_range=..
绩效与商家销售额汇总\01_绩效\非药商务绩效+热销价+商家进度统计_2026-05-28_sub_高运.xlsx,商业售后情况,当月售后订单数,text_or_mixed,1.0000,240,30 | 16 | 14,,订单,date_range=..
绩效与商家销售额汇总\01_绩效\非药商务绩效+热销价+商家进度统计_2026-05-28_sub_高运.xlsx,商业售后情况,上月售后订单数,text_or_mixed,1.0000,239,19 | 18 | 14,,订单,date_range=..
绩效与商家销售额汇总\01_绩效\非药商务绩效+热销价+商家进度统计_2026-05-28_sub_高运.xlsx,商业售后情况,当月商家原因售后订单数,text_or_mixed,1.0000,169,16 | 8 | 7,merchant_supplier,订单,date_range=..
绩效与商家销售额汇总\01_绩效\非药商务绩效+热销价+商家进度统计_2026-05-28_sub_高运.xlsx,商业售后情况,上月商家原因售后订单数,text_or_mixed,1.0000,168,9 | 13 | 11,merchant_supplier,订单,date_range=..
绩效与商家销售额汇总\01_绩效\非药商务绩效+热销价+商家进度统计_2026-05-28_sub_高运.xlsx,商业售后情况,商务对接人,text_or_mixed,0.1291,5,高运 | 高运 | 高运,operator,,date_range=..
绩效与商家销售额汇总\01_绩效\非药商务绩效+热销价+商家进度统计_2026-05-28_sub_高运.xlsx,商业售后情况,供应商省份,text_or_mixed,1.0000,6,四川省 | 四川省 | 四川省,merchant_supplier;region,,date_range=..
绩效与商家销售额汇总\01_绩效\非药商务绩效+热销价+商家进度统计_2026-05-28_sub_高运.xlsx,商业售后情况,运营名称,text_or_mixed,0.8999,1,高运 | 高运 | 高运,operator,,date_range=..
绩效与商家销售额汇总\01_绩效\非药商务绩效+热销价+商家进度统计_2026-05-28_sub_高运.xlsx,商业售后情况,对应人,text_or_mixed,1.0000,1,高运 | 高运 | 高运,,,date_range=..
绩效与商家销售额汇总\01_绩效\非药商务绩效+热销价+商家进度统计_2026-05-28_sub_高运.xlsx,商业售后情况,当月商家原因售后订单率,text_or_mixed,1.0000,1155,0.02909090909090909 | <PHONE_MASKED> | <PHONE_MASKED>,merchant_supplier,订单,date_range=..
绩效与商家销售额汇总\01_绩效\非药商务绩效+热销价+商家进度统计_2026-05-28_sub_高运.xlsx,商业售后情况,上月商家原因售后订单率,text_or_mixed,1.0000,1095,<PHONE_MASKED> | <PHONE_MASKED> | 0.02,merchant_supplier,订单,date_range=..
绩效与商家销售额汇总\01_绩效\非药商务绩效+热销价+商家进度统计_2026-05-28_sub_高运.xlsx,商业售后情况,商家原因售后订单率环比,text_or_mixed,1.0000,1163,0.6323232323232324 | <PHONE_MASKED> | -0.2045454545454547,merchant_supplier,订单,date_range=..
绩效与商家销售额汇总\01_绩效\非药商务绩效+热销价+商家进度统计_2026-05-28_sub_高运.xlsx,商业每月GMV,供应商ID,text_or_mixed,1.0000,112,720 | 1140 | 1142,merchant_supplier,,date_range=..
绩效与商家销售额汇总\01_绩效\非药商务绩效+热销价+商家进度统计_2026-05-28_sub_高运.xlsx,商业每月GMV,供应商名称,text_or_mixed,1.0000,112,丽康琴保健品 | 都尔东康 | 普宁普慈,merchant_supplier,,date_range=..
绩效与商家销售额汇总\01_绩效\非药商务绩效+热销价+商家进度统计_2026-05-28_sub_高运.xlsx,商业每月GMV,供应商证件名称,text_or_mixed,1.0000,112,四川丽康琴保健用品有限公司 | 成都市尔东康商贸有限公司 | 普宁市普慈医疗器械有限公司,merchant_supplier,,date_range=..
绩效与商家销售额汇总\01_绩效\非药商务绩效+热销价+商家进度统计_2026-05-28_sub_高运.xlsx,商业每月GMV,供应商省份,text_or_mixed,1.0000,6,四川省 | 四川省 | 广东省,merchant_supplier;region,,date_range=..
绩效与商家销售额汇总\01_绩效\非药商务绩效+热销价+商家进度统计_2026-05-28_sub_高运.xlsx,商业每月GMV,供应商城市,text_or_mixed,1.0000,15,成都市 | 成都市 | 揭阳市,merchant_supplier;region,,date_range=..
绩效与商家销售额汇总\01_绩效\非药商务绩效+热销价+商家进度统计_2026-05-28_sub_高运.xlsx,商业每月GMV,商业类型,text_or_mixed,0.1875,5,普通店 | 普通店 | 普通店,merchant_supplier,,date_range=..
绩效与商家销售额汇总\01_绩效\非药商务绩效+热销价+商家进度统计_2026-05-28_sub_高运.xlsx,商业每月GMV,商业开店日期,date_candidate,1.0000,102,20161226 | 20170620 | 20170620,merchant_supplier,,date_range=2016-12-26..2026-05-18
绩效与商家销售额汇总\01_绩效\非药商务绩效+热销价+商家进度统计_2026-05-28_sub_高运.xlsx,商业每月GMV,商业首单日期,date_candidate,1.0000,107,20161230 | 20170622 | 20170628,merchant_supplier,,date_range=2016-12-30..2026-05-19
绩效与商家销售额汇总\01_绩效\非药商务绩效+热销价+商家进度统计_2026-05-28_sub_高运.xlsx,商业每月GMV,状态,text_or_mixed,1.0000,3,有效 | 有效 | 有效,,,date_range=..
绩效与商家销售额汇总\01_绩效\非药商务绩效+热销价+商家进度统计_2026-05-28_sub_高运.xlsx,商业每月GMV,a202605,text_or_mixed,0.7679,86,51486.31 | 10574.2 | 103929.98,,,date_range=..
绩效与商家销售额汇总\01_绩效\非药商务绩效+热销价+商家进度统计_2026-05-28_sub_高运.xlsx,商业每月GMV,a202604,text_or_mixed,0.7411,83,58840.04 | 8755 | 65136.35,,,date_range=..
绩效与商家销售额汇总\01_绩效\非药商务绩效+热销价+商家进度统计_2026-05-28_sub_高运.xlsx,商业每月GMV,a202603,text_or_mixed,0.6964,78,62467.27 | 13328.92 | 82024.43,,,date_range=..
绩效与商家销售额汇总\01_绩效\非药商务绩效+热销价+商家进度统计_2026-05-28_sub_高运.xlsx,商业每月GMV,a202602,text_or_mixed,0.6964,78,70088.97 | 12426.74 | 72862.61,,,date_range=..
绩效与商家销售额汇总\01_绩效\非药商务绩效+热销价+商家进度统计_2026-05-28_sub_高运.xlsx,商业每月GMV,a202601,text_or_mixed,0.8839,82,73712.78 | 17911.74 | 149577.84,,,date_range=..
绩效与商家销售额汇总\01_绩效\非药商务绩效+热销价+商家进度统计_2026-05-28_sub_高运.xlsx,商业每月GMV,a202512,text_or_mixed,0.8839,81,72230.27 | 12727.05 | 198022.37,,,date_range=..
绩效与商家销售额汇总\01_绩效\非药商务绩效+热销价+商家进度统计_2026-05-28_sub_高运.xlsx,商业每月GMV,a202511,text_or_mixed,0.8839,81,76806.85 | 14072.88 | 222823.29,,,date_range=..
绩效与商家销售额汇总\01_绩效\非药商务绩效+热销价+商家进度统计_2026-05-28_sub_高运.xlsx,商业每月GMV,a202510,text_or_mixed,0.8839,79,87872.37 | 13953.8 | 145541.41,,,date_range=..
绩效与商家销售额汇总\01_绩效\非药商务绩效+热销价+商家进度统计_2026-05-28_sub_高运.xlsx,商业每月GMV,a202509,text_or_mixed,0.8839,81,80322.08 | 21033.3 | 134313.87,,,date_range=..
绩效与商家销售额汇总\01_绩效\非药商务绩效+热销价+商家进度统计_2026-05-28_sub_高运.xlsx,商业每月GMV,a202508,text_or_mixed,0.8839,80,89271.63 | 10524.84 | 144887.29,,,date_range=..
绩效与商家销售额汇总\01_绩效\非药商务绩效+热销价+商家进度统计_2026-05-28_sub_高运.xlsx,商业每月GMV,a202507,text_or_mixed,0.8839,78,73174.31 | 11677.14 | 207450.55,,,date_range=..
绩效与商家销售额汇总\01_绩效\非药商务绩效+热销价+商家进度统计_2026-05-28_sub_高运.xlsx,商业每月GMV,a202506,text_or_mixed,0.8839,77,78464.7 | 14282.8 | 190865.97,,,date_range=..
绩效与商家销售额汇总\01_绩效\非药商务绩效+热销价+商家进度统计_2026-05-28_sub_高运.xlsx,商业每月GMV,a202505,text_or_mixed,0.8839,78,97959.95 | 14085.48 | 257435.33,,,date_range=..
绩效与商家销售额汇总\01_绩效\非药商务绩效+热销价+商家进度统计_2026-05-28_sub_高运.xlsx,商业每月GMV,a202504,text_or_mixed,0.8839,79,124454.34 | 15196.01 | 265300.85,,,date_range=..
绩效与商家销售额汇总\01_绩效\非药商务绩效+热销价+商家进度统计_2026-05-28_sub_高运.xlsx,商业每月GMV,a202503,text_or_mixed,0.8839,79,119142.63 | 17008.05 | 261222.86,,,date_range=..
绩效与商家销售额汇总\01_绩效\非药商务绩效+热销价+商家进度统计_2026-05-28_sub_高运.xlsx,商业每月GMV,a202502,text_or_mixed,0.8839,81,107345.95 | 20444.08 | 224217.26,,,date_range=..
绩效与商家销售额汇总\01_绩效\非药商务绩效+热销价+商家进度统计_2026-05-28_sub_高运.xlsx,商业每月GMV,a202501,text_or_mixed,0.8839,82,216985.04 | 17273.34 | 225821.26,,,date_range=..
绩效与商家销售额汇总\01_绩效\非药商务绩效+热销价+商家进度统计_2026-05-28_sub_高运.xlsx,商业每月GMV,a202412,text_or_mixed,0.8839,83,150581.05 | 14806.84 | 307224.83,,,date_range=..
绩效与商家销售额汇总\01_绩效\非药商务绩效+热销价+商家进度统计_2026-05-28_sub_高运.xlsx,商业每月GMV,a202411,text_or_mixed,0.8839,84,136574.85 | 19474.04 | 283024.62,,,date_range=..
绩效与商家销售额汇总\01_绩效\非药商务绩效+热销价+商家进度统计_2026-05-28_sub_高运.xlsx,商业每月GMV,a202410,text_or_mixed,0.8839,82,136677.4 | 24433.22 | 258433.73,,,date_range=..
绩效与商家销售额汇总\01_绩效\非药商务绩效+热销价+商家进度统计_2026-05-28_sub_高运.xlsx,商业每月GMV,a202409,text_or_mixed,0.8839,80,117741.45 | 26263.16 | 322827.73,,,date_range=..
绩效与商家销售额汇总\01_绩效\非药商务绩效+热销价+商家进度统计_2026-05-28_sub_高运.xlsx,商业每月GMV,a202408,text_or_mixed,0.8839,80,132710.36 | 27668.12 | 383287.12,,,date_range=..
绩效与商家销售额汇总\01_绩效\非药商务绩效+热销价+商家进度统计_2026-05-28_sub_高运.xlsx,商业每月GMV,a202407,text_or_mixed,0.8839,81,140849.12 | 21594.92 | 352134.91,,,date_range=..
绩效与商家销售额汇总\01_绩效\非药商务绩效+热销价+商家进度统计_2026-05-28_sub_高运.xlsx,商业每月GMV,a202406,text_or_mixed,0.8839,75,176356.95 | 15325.17 | 384078.32,,,date_range=..
绩效与商家销售额汇总\01_绩效\非药商务绩效+热销价+商家进度统计_2026-05-28_sub_高运.xlsx,商业每月GMV,a202405,text_or_mixed,0.8839,71,185884.52 | 27544.12 | 262181.09,,,date_range=..
绩效与商家销售额汇总\01_绩效\非药商务绩效+热销价+商家进度统计_2026-05-28_sub_高运.xlsx,商业每月GMV,a202404,text_or_mixed,0.8839,71,190726.12 | 17629.62 | 248564.99,,,date_range=..
绩效与商家销售额汇总\01_绩效\非药商务绩效+热销价+商家进度统计_2026-05-28_sub_高运.xlsx,商业每月GMV,a202403,text_or_mixed,0.8839,68,223305.45 | 33861.84 | 279775.63,,,date_range=..
绩效与商家销售额汇总\01_绩效\非药商务绩效+热销价+商家进度统计_2026-05-28_sub_高运.xlsx,商业每月GMV,a202402,text_or_mixed,0.8839,67,107883.01 | 25800.44 | 194033.84,,,date_range=..
绩效与商家销售额汇总\01_绩效\非药商务绩效+热销价+商家进度统计_2026-05-28_sub_高运.xlsx,商业每月GMV,a202401,text_or_mixed,0.8839,66,204531.16 | 31221.48 | 291853.49,,,date_range=..
绩效与商家销售额汇总\01_绩效\非药商务绩效+热销价+商家进度统计_2026-05-28_sub_高运.xlsx,商业每月GMV,a202312,text_or_mixed,0.8839,64,179684.17 | 38456.3 | 335202.99,,,date_range=..
绩效与商家销售额汇总\01_绩效\非药商务绩效+热销价+商家进度统计_2026-05-28_sub_高运.xlsx,商业每月GMV,a202311,text_or_mixed,0.8839,62,196952.79 | 36813.98 | 281698.8,,,date_range=..
绩效与商家销售额汇总\01_绩效\非药商务绩效+热销价+商家进度统计_2026-05-28_sub_高运.xlsx,商业每月GMV,a202310,text_or_mixed,0.8839,62,175128.9 | 35522.49 | 284781.81,,,date_range=..
绩效与商家销售额汇总\01_绩效\非药商务绩效+热销价+商家进度统计_2026-05-28_sub_高运.xlsx,商业每月GMV,a202309,text_or_mixed,0.8839,59,203764.25 | 21204.53 | 243603.64,,,date_range=..
绩效与商家销售额汇总\01_绩效\非药商务绩效+热销价+商家进度统计_2026-05-28_sub_高运.xlsx,商业每月GMV,a202308,text_or_mixed,0.8839,56,206641.73 | 15569.83 | 271599.21,,,date_range=..
绩效与商家销售额汇总\01_绩效\非药商务绩效+热销价+商家进度统计_2026-05-28_sub_高运.xlsx,商业每月GMV,a202307,text_or_mixed,0.8839,56,103920.98 | 13538.42 | 389289.37,,,date_range=..
绩效与商家销售额汇总\01_绩效\非药商务绩效+热销价+商家进度统计_2026-05-28_sub_高运.xlsx,商业每月GMV,a202306,text_or_mixed,0.8839,54,134010.7 | 24475.04 | 345989.87,,,date_range=..
绩效与商家销售额汇总\01_绩效\非药商务绩效+热销价+商家进度统计_2026-05-28_sub_高运.xlsx,商业每月GMV,a202305,text_or_mixed,0.8839,54,173251.53 | 19688.57 | 446453.14,,,date_range=..
绩效与商家销售额汇总\01_绩效\非药商务绩效+热销价+商家进度统计_2026-05-28_sub_高运.xlsx,商业每月GMV,a202304,text_or_mixed,0.8839,51,135352.06 | 25896.85 | 354956.25,,,date_range=..
绩效与商家销售额汇总\01_绩效\非药商务绩效+热销价+商家进度统计_2026-05-28_sub_高运.xlsx,商业每月GMV,a202303,text_or_mixed,0.8839,47,90928.92 | 27909 | 486720.85,,,date_range=..
绩效与商家销售额汇总\01_绩效\非药商务绩效+热销价+商家进度统计_2026-05-28_sub_高运.xlsx,商业每月GMV,a202302,text_or_mixed,0.8839,45,70492.37 | 59331.61 | 529731.56,,,date_range=..
绩效与商家销售额汇总\01_绩效\非药商务绩效+热销价+商家进度统计_2026-05-28_sub_高运.xlsx,商业每月GMV,a202301,text_or_mixed,0.8839,41,42698.89 | 70780.94 | 367291.87,,,date_range=..
绩效与商家销售额汇总\01_绩效\非药商务绩效+热销价+商家进度统计_2026-05-28_sub_高运.xlsx,商业每月GMV,商务对接人,text_or_mixed,0.3125,5,蓝通 | 高运 | 王子翔（医械）,operator,,date_range=..
绩效与商家销售额汇总\01_绩效\非药商务绩效+热销价+商家进度统计_2026-05-28_sub_高运.xlsx,商业每月GMV,简称,text_or_mixed,1.0000,112,丽康琴保健品 | 都尔东康 | 普宁普慈,,,date_range=..
绩效与商家销售额汇总\01_绩效\非药商务绩效+热销价+商家进度统计_2026-05-28_sub_高运.xlsx,商业每月GMV,运营名称,text_or_mixed,0.7679,1,高运 | 高运 | 高运,operator,,date_range=..
绩效与商家销售额汇总\01_绩效\非药商务绩效+热销价+商家进度统计_2026-05-28_sub_高运.xlsx,商业每月GMV,对应人,text_or_mixed,1.0000,1,高运 | 高运 | 高运,,,date_range=..
绩效与商家销售额汇总\01_绩效\非药商务绩效+热销价+商家进度统计_2026-05-28_sub_高运.xlsx,商业每月GMV,主店铺ID,text_or_mixed,1.0000,98,720 | 1140 | 1142,,,date_range=..
绩效与商家销售额汇总\01_绩效\非药商务绩效+热销价+商家进度统计_2026-05-28_sub_高运.xlsx,商业每月GMV,合并统计店铺,text_or_mixed,1.0000,98,丽康琴保健品 | 都尔东康 | 普宁普慈,,,date_range=..
绩效与商家销售额汇总\01_绩效\非药商务绩效+热销价+商家进度统计_2026-05-28_sub_高运.xlsx,新开商业情况,供应商ID,text_or_mixed,1.0000,22,22679 | 22862 | 22917,merchant_supplier,,date_range=..
绩效与商家销售额汇总\01_绩效\非药商务绩效+热销价+商家进度统计_2026-05-28_sub_高运.xlsx,新开商业情况,简称,text_or_mixed,1.0000,22,江西古戈尔商贸 | 四川众恩德科技 | 成都天蕊贸易,,,date_range=..
绩效与商家销售额汇总\01_绩效\非药商务绩效+热销价+商家进度统计_2026-05-28_sub_高运.xlsx,新开商业情况,供应商省份,text_or_mixed,1.0000,5,江西省 | 四川省 | 四川省,merchant_supplier;region,,date_range=..
绩效与商家销售额汇总\01_绩效\非药商务绩效+热销价+商家进度统计_2026-05-28_sub_高运.xlsx,新开商业情况,状态,text_or_mixed,1.0000,2,有效 | 有效 | 有效,,,date_range=..
绩效与商家销售额汇总\01_绩效\非药商务绩效+热销价+商家进度统计_2026-05-28_sub_高运.xlsx,新开商业情况,商业保证金,text_or_mixed,1.0000,3,100000 | 100000 | 100000,merchant_supplier,,date_range=..
绩效与商家销售额汇总\01_绩效\非药商务绩效+热销价+商家进度统计_2026-05-28_sub_高运.xlsx,新开商业情况,实时在架sku数,text_or_mixed,1.0000,20,34 | 117 | 944,product,,date_range=..
绩效与商家销售额汇总\01_绩效\非药商务绩效+热销价+商家进度统计_2026-05-28_sub_高运.xlsx,新开商业情况,主店铺ID,text_or_mixed,1.0000,21,22679 | 22862 | 22917,,,date_range=..
绩效与商家销售额汇总\01_绩效\非药商务绩效+热销价+商家进度统计_2026-05-28_sub_高运.xlsx,新开商业情况,月份,date_candidate,0.9902,17,2026-05 | 2026-05 | 2026-05,,,date_range=2025-01-01..2026-05-01
绩效与商家销售额汇总\01_绩效\非药商务绩效+热销价+商家进度统计_2026-05-28_sub_高运.xlsx,新开商业情况,GMV,text_or_mixed,0.9902,92,25373.1 | 108114.19 | 325999.72,,GMV,date_range=..
绩效与商家销售额汇总\01_绩效\非药商务绩效+热销价+商家进度统计_2026-05-28_sub_高运.xlsx,新开商业情况,之前月份的峰值,text_or_mixed,0.9902,45,36585.54 | 476864.78 | 558654.71,,,date_range=..
绩效与商家销售额汇总\01_绩效\非药商务绩效+热销价+商家进度统计_2026-05-28_sub_高运.xlsx,新开商业情况,在架天数5天以上sku数,text_or_mixed,0.6176,54,35 | 118 | 965,product,,date_range=..
绩效与商家销售额汇总\01_绩效\非药商务绩效+热销价+商家进度统计_2026-05-28_sub_高运.xlsx,新开商业情况,月份差,text_or_mixed,0.9902,22,7 | 6 | 7,,,date_range=..
绩效与商家销售额汇总\01_绩效\非药商务绩效+热销价+商家进度统计_2026-05-28_sub_高运.xlsx,新开商业情况,商务对接人,text_or_mixed,1.0000,1,高运 | 高运 | 高运,operator,,date_range=..
绩效与商家销售额汇总\01_绩效\非药商务绩效+热销价+商家进度统计_2026-05-28_sub_高运.xlsx,新开商业情况,动销店数,text_or_mixed,0.8137,75,297 | 925 | 1639,,,date_range=..
绩效与商家销售额汇总\01_绩效\非药商务绩效+热销价+商家进度统计_2026-05-28_sub_高运.xlsx,新开商业情况,分店GMV,text_or_mixed,0.8137,83,25373.1 | 108114.19 | 232938.72,,GMV,date_range=..
绩效与商家销售额汇总\01_绩效\非药商务绩效+热销价+商家进度统计_2026-05-28_sub_高运.xlsx,新开商业情况,当月是否5万,text_or_mixed,1.0000,2,0 | 1 | 1,,,date_range=..
绩效与商家销售额汇总\01_绩效\非药商务绩效+热销价+商家进度统计_2026-05-28_sub_高运.xlsx,新开商业情况,新开有效,text_or_mixed,1.0000,2,无效 | 无效 | 无效,,,date_range=..
绩效与商家销售额汇总\01_绩效\非药商务绩效+热销价+商家进度统计_2026-05-28_sub_高运.xlsx,新开商业情况,一线品牌品类gmv,text_or_mixed,1.0000,71,0 | 92853.48999999999 | 273311.06,product,GMV,date_range=..
绩效与商家销售额汇总\01_绩效\非药商务绩效+热销价+商家进度统计_2026-05-28_sub_高运.xlsx,新开商业情况,非重点品gmv,text_or_mixed,0.9902,90,25373.1 | 15260.70000000001 | 52688.65999999997,,GMV,date_range=..
绩效与商家销售额汇总\01_绩效\非药商务绩效+热销价+商家进度统计_2026-05-28_sub_高运.xlsx,新开商业情况,之前月份的非重点品峰值,text_or_mixed,1.0000,38,36585.54 | 40898.06 | 73409.32999999996,,,date_range=..
绩效与商家销售额汇总\01_绩效\非药商务绩效+热销价+商家进度统计_2026-05-28_sub_高运.xlsx,新开商业情况,之前月份的重点品峰值,text_or_mixed,1.0000,33,0 | 443561.94 | 485245.38,,,date_range=..
绩效与商家销售额汇总\01_绩效\非药商务绩效+热销价+商家进度统计_2026-05-28_sub_高运.xlsx,新开商业情况,非重点品增量gmv,text_or_mixed,1.0000,49,0 | 0 | 0,,GMV,date_range=..
绩效与商家销售额汇总\01_绩效\非药商务绩效+热销价+商家进度统计_2026-05-28_sub_高运.xlsx,新开商业情况,重点品增量gmv,text_or_mixed,1.0000,39,0 | 0 | 0,,GMV,date_range=..
绩效与商家销售额汇总\01_绩效\非药商务绩效+热销价+商家进度统计_2026-05-28_sub_高运.xlsx,新开商业情况,保证金水平,text_or_mixed,1.0000,4,100000 | 100000 | 100000,,,date_range=..
绩效与商家销售额汇总\01_绩效\非药商务绩效+热销价+商家进度统计_2026-05-28_sub_高运.xlsx,新开商业情况,有效计件,text_or_mixed,1.0000,4,0 | 0 | 0,,,date_range=..
绩效与商家销售额汇总\01_绩效\非药商务绩效+热销价+商家进度统计_2026-05-28_sub_高运.xlsx,新开商业情况,商业类型,text_or_mixed,1.0000,5,普通店 | 普通店 | 普通店,merchant_supplier,,date_range=..
绩效与商家销售额汇总\01_绩效\非药商务绩效+热销价+商家进度统计_2026-05-28_sub_高运.xlsx,新开商业情况,开店月份,date_candidate,1.0000,8,2025-08 | 2025-09 | 2025-09,,,date_range=2025-08-01..2026-05-01
绩效与商家销售额汇总\01_绩效\非药商务绩效+热销价+商家进度统计_2026-05-28_sub_高运.xlsx,新开商业情况,首单月份,date_candidate,1.0000,10,2025-09 | 2025-10 | 2025-09,,,date_range=2025-09-01..2026-05-01
绩效与商家销售额汇总\01_绩效\非药商务绩效+热销价+商家进度统计_2026-05-28_sub_高运.xlsx,新开商业情况,增量分享标记,text_or_mixed,1.0000,1,0 | 0 | 0,,,date_range=..
绩效与商家销售额汇总\01_绩效\非药商务绩效+热销价+商家进度统计_2026-05-28_sub_高运.xlsx,医疗器械经营店,药店ID,text_or_mixed,1.0000,1,3389366,purchasing_customer,,date_range=..
绩效与商家销售额汇总\01_绩效\非药商务绩效+热销价+商家进度统计_2026-05-28_sub_高运.xlsx,医疗器械经营店,省份,text_or_mixed,1.0000,1,重庆市,region,,date_range=..
绩效与商家销售额汇总\01_绩效\非药商务绩效+热销价+商家进度统计_2026-05-28_sub_高运.xlsx,医疗器械经营店,市区,text_or_mixed,1.0000,1,重庆市,region,,date_range=..
绩效与商家销售额汇总\01_绩效\非药商务绩效+热销价+商家进度统计_2026-05-28_sub_高运.xlsx,医疗器械经营店,full_name,text_or_mixed,1.0000,1,重庆康美迪贸易有限公司,,,date_range=..
绩效与商家销售额汇总\01_绩效\非药商务绩效+热销价+商家进度统计_2026-05-28_sub_高运.xlsx,医疗器械经营店,在药师帮注册日期,date_candidate,1.0000,1,2024-08-27 14:21:20,,,date_range=2024-08-27..2024-08-27
绩效与商家销售额汇总\01_绩效\非药商务绩效+热销价+商家进度统计_2026-05-28_sub_高运.xlsx,医疗器械经营店,启用日期,date_candidate,1.0000,1,2025-09-13 11:04:56,,,date_range=2025-09-13..2025-09-13
绩效与商家销售额汇总\01_绩效\非药商务绩效+热销价+商家进度统计_2026-05-28_sub_高运.xlsx,医疗器械经营店,药店首单日期,date_candidate,1.0000,1,2025-11-13 14:23:27,purchasing_customer,,date_range=2025-11-13..2025-11-13
绩效与商家销售额汇总\01_绩效\非药商务绩效+热销价+商家进度统计_2026-05-28_sub_高运.xlsx,医疗器械经营店,BD,text_or_mixed,1.0000,1,唐雯琦,operator,,date_range=..
绩效与商家销售额汇总\01_绩效\非药商务绩效+热销价+商家进度统计_2026-05-28_sub_高运.xlsx,医疗器械经营店,是否添加微信,text_or_mixed,1.0000,1,0,,,date_range=..
绩效与商家销售额汇总\01_绩效\非药商务绩效+热销价+商家进度统计_2026-05-28_sub_高运.xlsx,医疗器械经营店,药采购权限审核通过日期,date_candidate,1.0000,1,2025-09-13 11:04:56,,,date_range=2025-09-13..2025-09-13
绩效与商家销售额汇总\01_绩效\非药商务绩效+热销价+商家进度统计_2026-05-28_sub_高运.xlsx,医疗器械经营店,最近一次申请药采购权限时间,date_candidate,1.0000,1,2025-09-13 11:04:56,,,date_range=2025-09-13..2025-09-13
绩效与商家销售额汇总\01_绩效\非药商务绩效+热销价+商家进度统计_2026-05-28_sub_高运.xlsx,医疗器械经营店,商务对接人,text_or_mixed,1.0000,1,高运,operator,,date_range=..
绩效与商家销售额汇总\01_绩效\非药商务绩效+热销价+商家进度统计_2026-05-28_sub_高运.xlsx,医疗器械经营店,美团评级,text_or_mixed,1.0000,1,0,,,date_range=..
绩效与商家销售额汇总\01_绩效\非药商务绩效+热销价+商家进度统计_2026-05-28_sub_高运.xlsx,医疗器械经营店,商家组负责人,text_or_mixed,1.0000,1,nan,merchant_supplier;operator,,date_range=..
绩效与商家销售额汇总\01_绩效\非药商务绩效+热销价+商家进度统计_2026-05-28_sub_高运.xlsx,医疗器械经营店,线索提供人*,text_or_mixed,1.0000,1,nan,,,date_range=..
绩效与商家销售额汇总\01_绩效\非药商务绩效+热销价+商家进度统计_2026-05-28_sub_高运.xlsx,医疗器械经营店,激励,text_or_mixed,1.0000,1,nan,,,date_range=..
绩效与商家销售额汇总\01_绩效\非药商务绩效+热销价+商家进度统计_2026-05-28_sub_高运.xlsx,医疗器械经营店,BD线索,text_or_mixed,1.0000,1,nan,operator,,date_range=..
绩效与商家销售额汇总\01_绩效\非药商务绩效+热销价+商家进度统计_2026-05-28_sub_高运.xlsx,医疗器械经营店,a202601,text_or_mixed,1.0000,1,0,,,date_range=..
绩效与商家销售额汇总\01_绩效\非药商务绩效+热销价+商家进度统计_2026-05-28_sub_高运.xlsx,医疗器械经营店,a202602,text_or_mixed,1.0000,1,0,,,date_range=..
绩效与商家销售额汇总\01_绩效\非药商务绩效+热销价+商家进度统计_2026-05-28_sub_高运.xlsx,医疗器械经营店,a202603,text_or_mixed,1.0000,1,0,,,date_range=..
绩效与商家销售额汇总\01_绩效\非药商务绩效+热销价+商家进度统计_2026-05-28_sub_高运.xlsx,医疗器械经营店,a202604,text_or_mixed,1.0000,1,0,,,date_range=..
绩效与商家销售额汇总\01_绩效\非药商务绩效+热销价+商家进度统计_2026-05-28_sub_高运.xlsx,医疗器械经营店,a202605,text_or_mixed,1.0000,1,0,,,date_range=..
绩效与商家销售额汇总\01_绩效\非药商务绩效+热销价+商家进度统计_2026-05-28_sub_高运.xlsx,医疗器械经营店,新开标签,text_or_mixed,0.0000,0,,,,date_range=..
绩效与商家销售额汇总\01_绩效\非药商务绩效+热销价+商家进度统计_2026-05-28_sub_高运.xlsx,新开商业补充保证金情况,供应商ID,text_or_mixed,1.0000,1,24732,merchant_supplier,,date_range=..
绩效与商家销售额汇总\01_绩效\非药商务绩效+热销价+商家进度统计_2026-05-28_sub_高运.xlsx,新开商业补充保证金情况,月份,date_candidate,1.0000,1,2026-04,,,date_range=2026-04-01..2026-04-01
绩效与商家销售额汇总\01_绩效\非药商务绩效+热销价+商家进度统计_2026-05-28_sub_高运.xlsx,新开商业补充保证金情况,简称,text_or_mixed,1.0000,1,四川康福达医疗科技,,,date_range=..
绩效与商家销售额汇总\01_绩效\非药商务绩效+热销价+商家进度统计_2026-05-28_sub_高运.xlsx,新开商业补充保证金情况,状态,text_or_mixed,1.0000,1,有效,,,date_range=..
绩效与商家销售额汇总\01_绩效\非药商务绩效+热销价+商家进度统计_2026-05-28_sub_高运.xlsx,新开商业补充保证金情况,商务对接人,text_or_mixed,1.0000,1,高运,operator,,date_range=..
绩效与商家销售额汇总\01_绩效\非药商务绩效+热销价+商家进度统计_2026-05-28_sub_高运.xlsx,新开商业补充保证金情况,最新保证金水平,text_or_mixed,1.0000,1,20000,,,date_range=..
绩效与商家销售额汇总\01_绩效\非药商务绩效+热销价+商家进度统计_2026-05-28_sub_高运.xlsx,新开商业补充保证金情况,过去保证金水平,text_or_mixed,1.0000,1,10000,,,date_range=..
绩效与商家销售额汇总\01_绩效\非药商务绩效+热销价+商家进度统计_2026-05-28_sub_高运.xlsx,新开商业补充保证金情况,过去有效计件,text_or_mixed,1.0000,1,0,,,date_range=..
绩效与商家销售额汇总\01_绩效\非药商务绩效+热销价+商家进度统计_2026-05-28_sub_高运.xlsx,新开商业补充保证金情况,补充新开系数,text_or_mixed,1.0000,1,0,,,date_range=..
绩效与商家销售额汇总\01_绩效\非药商务绩效+热销价+商家进度统计_2026-06-01_sub_高运.xlsx,总体目标,月份,date_candidate,1.0000,6,2026-04 | 2026-06 | 2026-01,,,date_range=2026-01-01..2026-06-01
绩效与商家销售额汇总\01_绩效\非药商务绩效+热销价+商家进度统计_2026-06-01_sub_高运.xlsx,总体目标,商务对接人,text_or_mixed,1.0000,1,高运 | 高运 | 高运,operator,,date_range=..
绩效与商家销售额汇总\01_绩效\非药商务绩效+热销价+商家进度统计_2026-06-01_sub_高运.xlsx,总体目标,非重点品增量gmv,text_or_mixed,1.0000,6,47499.22000000004 | 700 | 66687.72000000003,,GMV,date_range=..
绩效与商家销售额汇总\01_绩效\非药商务绩效+热销价+商家进度统计_2026-06-01_sub_高运.xlsx,总体目标,重点品增量gmv,text_or_mixed,1.0000,6,590020.43 | 0 | 268289.8700000001,,GMV,date_range=..
绩效与商家销售额汇总\01_绩效\非药商务绩效+热销价+商家进度统计_2026-06-01_sub_高运.xlsx,总体目标,新开6个月内5万商家数,text_or_mixed,0.8333,3,5 | 3 | 5,merchant_supplier,,date_range=..
绩效与商家销售额汇总\01_绩效\非药商务绩效+热销价+商家进度统计_2026-06-01_sub_高运.xlsx,总体目标,开店商业数,text_or_mixed,0.6667,4,4 | 2 | 7,merchant_supplier,,date_range=..
绩效与商家销售额汇总\01_绩效\非药商务绩效+热销价+商家进度统计_2026-06-01_sub_高运.xlsx,总体目标,首单商业数,text_or_mixed,0.8333,3,5 | 1 | 4,merchant_supplier,,date_range=..
绩效与商家销售额汇总\01_绩效\非药商务绩效+热销价+商家进度统计_2026-06-01_sub_高运.xlsx,总体目标,品牌店开店商业数,text_or_mixed,0.3333,1,1 | 1,merchant_supplier;product,,date_range=..
绩效与商家销售额汇总\01_绩效\非药商务绩效+热销价+商家进度统计_2026-06-01_sub_高运.xlsx,总体目标,有效新开数,text_or_mixed,1.0000,5,0.4 | 0 | 0,,,date_range=..
绩效与商家销售额汇总\01_绩效\非药商务绩效+热销价+商家进度统计_2026-06-01_sub_高运.xlsx,总体目标,当月订单数,text_or_mixed,0.8333,5,66568 | 85760 | 76348,,订单,date_range=..
绩效与商家销售额汇总\01_绩效\非药商务绩效+热销价+商家进度统计_2026-06-01_sub_高运.xlsx,总体目标,当月商家原因售后订单数,text_or_mixed,0.8333,5,1215 | 1646 | 1445,merchant_supplier,订单,date_range=..
绩效与商家销售额汇总\01_绩效\非药商务绩效+热销价+商家进度统计_2026-06-01_sub_高运.xlsx,总体目标,上月订单数,text_or_mixed,0.8333,5,76348 | 88085 | 61139,,订单,date_range=..
绩效与商家销售额汇总\01_绩效\非药商务绩效+热销价+商家进度统计_2026-06-01_sub_高运.xlsx,总体目标,上月商家原因售后订单数,text_or_mixed,0.8333,5,1445 | 1815 | 1280,merchant_supplier,订单,date_range=..
绩效与商家销售额汇总\01_绩效\非药商务绩效+热销价+商家进度统计_2026-06-01_sub_高运.xlsx,总体目标,当月商家原因售后订单率,text_or_mixed,0.8333,5,<PHONE_MASKED> | <PHONE_MASKED> | <PHONE_MASKED>,merchant_supplier,订单,date_range=..
绩效与商家销售额汇总\01_绩效\非药商务绩效+热销价+商家进度统计_2026-06-01_sub_高运.xlsx,总体目标,上月商家原因售后订单率,text_or_mixed,0.8333,5,<PHONE_MASKED> | 0.02060509734915139 | 0.0209359001619261,merchant_supplier,订单,date_range=..
绩效与商家销售额汇总\01_绩效\非药商务绩效+热销价+商家进度统计_2026-06-01_sub_高运.xlsx,总体目标,当月商家原因售后订单率环比,text_or_mixed,0.8333,5,-0.03563689485351818 | -0.06852674900291933 | -0.09597894877730906,merchant_supplier,订单,date_range=..
绩效与商家销售额汇总\01_绩效\非药商务绩效+热销价+商家进度统计_2026-06-01_sub_高运.xlsx,总体目标,售后备注,text_or_mixed,1.0000,3,无事发生 | 0 | 无事发生,,,date_range=..
绩效与商家销售额汇总\01_绩效\非药商务绩效+热销价+商家进度统计_2026-06-01_sub_高运.xlsx,总体目标,补充新开系数,text_or_mixed,1.0000,1,0 | 0 | 0,,,date_range=..
绩效与商家销售额汇总\01_绩效\非药商务绩效+热销价+商家进度统计_2026-06-01_sub_高运.xlsx,总体目标,新开系数,text_or_mixed,1.0000,5,0.4 | 0 | 0,,,date_range=..
绩效与商家销售额汇总\01_绩效\非药商务绩效+热销价+商家进度统计_2026-06-01_sub_高运.xlsx,总体目标,对应每家计件奖金,text_or_mixed,1.0000,1,0 | 0 | 0,,,date_range=..
绩效与商家销售额汇总\01_绩效\非药商务绩效+热销价+商家进度统计_2026-06-01_sub_高运.xlsx,总体目标,破峰提成系数,text_or_mixed,1.0000,1,0 | 0 | 0,,,date_range=..
绩效与商家销售额汇总\01_绩效\非药商务绩效+热销价+商家进度统计_2026-06-01_sub_高运.xlsx,商业售后情况统计,月份,date_candidate,1.0000,18,202501 | 202605 | 202601,,,date_range=2024-12-01..2026-05-01
绩效与商家销售额汇总\01_绩效\非药商务绩效+热销价+商家进度统计_2026-06-01_sub_高运.xlsx,商业售后情况统计,商务对接人1,text_or_mixed,1.0000,1,高运 | 高运 | 高运,operator,,date_range=..
绩效与商家销售额汇总\01_绩效\非药商务绩效+热销价+商家进度统计_2026-06-01_sub_高运.xlsx,商业售后情况统计,当月订单数,text_or_mixed,1.0000,18,94405 | 67892 | 85760,,订单,date_range=..
绩效与商家销售额汇总\01_绩效\非药商务绩效+热销价+商家进度统计_2026-06-01_sub_高运.xlsx,商业售后情况统计,当月商家原因售后订单数,text_or_mixed,1.0000,17,3681 | 964 | 1646,merchant_supplier,订单,date_range=..
绩效与商家销售额汇总\01_绩效\非药商务绩效+热销价+商家进度统计_2026-06-01_sub_高运.xlsx,商业售后情况统计,上月订单数,text_or_mixed,1.0000,18,103402 | 66559 | 88085,,订单,date_range=..
绩效与商家销售额汇总\01_绩效\非药商务绩效+热销价+商家进度统计_2026-06-01_sub_高运.xlsx,商业售后情况统计,上月商家原因售后订单数,text_or_mixed,1.0000,18,3980 | 1215 | 1815,merchant_supplier,订单,date_range=..
绩效与商家销售额汇总\01_绩效\非药商务绩效+热销价+商家进度统计_2026-06-01_sub_高运.xlsx,商业售后情况统计,当月商家原因售后订单率,text_or_mixed,1.0000,18,<PHONE_MASKED> | <PHONE_MASKED> | <PHONE_MASKED>,merchant_supplier,订单,date_range=..
绩效与商家销售额汇总\01_绩效\非药商务绩效+热销价+商家进度统计_2026-06-01_sub_高运.xlsx,商业售后情况统计,上月商家原因售后订单率,text_or_mixed,0.9444,17,0.03849055144001083 | <PHONE_MASKED> | 0.02060509734915139,merchant_supplier,订单,date_range=..
绩效与商家销售额汇总\01_绩效\非药商务绩效+热销价+商家进度统计_2026-06-01_sub_高运.xlsx,商业售后情况,月份,date_candidate,1.0000,18,202506 | 202507 | 202504,,,date_range=2024-12-01..2026-05-01
绩效与商家销售额汇总\01_绩效\非药商务绩效+热销价+商家进度统计_2026-06-01_sub_高运.xlsx,商业售后情况,供应商ID,text_or_mixed,1.0000,108,2084 | 5379 | 5379,merchant_supplier,,date_range=..
绩效与商家销售额汇总\01_绩效\非药商务绩效+热销价+商家进度统计_2026-06-01_sub_高运.xlsx,商业售后情况,供应商名称,text_or_mixed,1.0000,108,鲁鸿医疗 | 四川长生康 | 四川长生康,merchant_supplier,,date_range=..
绩效与商家销售额汇总\01_绩效\非药商务绩效+热销价+商家进度统计_2026-06-01_sub_高运.xlsx,商业售后情况,商业开店日期,date_candidate,1.0000,98,20180427 | 20210915 | 20210915,merchant_supplier,,date_range=2016-12-26..2026-05-28
绩效与商家销售额汇总\01_绩效\非药商务绩效+热销价+商家进度统计_2026-06-01_sub_高运.xlsx,商业售后情况,当月订单数,text_or_mixed,1.0000,1013,1893 | 682 | 1079,,订单,date_range=..
绩效与商家销售额汇总\01_绩效\非药商务绩效+热销价+商家进度统计_2026-06-01_sub_高运.xlsx,商业售后情况,上月订单数,text_or_mixed,1.0000,969,2361 | 753 | 728,,订单,date_range=..
绩效与商家销售额汇总\01_绩效\非药商务绩效+热销价+商家进度统计_2026-06-01_sub_高运.xlsx,商业售后情况,当月售后订单数,text_or_mixed,1.0000,242,77 | 26 | 75,,订单,date_range=..
绩效与商家销售额汇总\01_绩效\非药商务绩效+热销价+商家进度统计_2026-06-01_sub_高运.xlsx,商业售后情况,上月售后订单数,text_or_mixed,1.0000,241,137 | 33 | 52,,订单,date_range=..
绩效与商家销售额汇总\01_绩效\非药商务绩效+热销价+商家进度统计_2026-06-01_sub_高运.xlsx,商业售后情况,当月商家原因售后订单数,text_or_mixed,1.0000,170,42 | 9 | 36,merchant_supplier,订单,date_range=..
绩效与商家销售额汇总\01_绩效\非药商务绩效+热销价+商家进度统计_2026-06-01_sub_高运.xlsx,商业售后情况,上月商家原因售后订单数,text_or_mixed,1.0000,169,92 | 13 | 24,merchant_supplier,订单,date_range=..
绩效与商家销售额汇总\01_绩效\非药商务绩效+热销价+商家进度统计_2026-06-01_sub_高运.xlsx,商业售后情况,商务对接人,text_or_mixed,0.1297,5,高运 | 高运 | 高运,operator,,date_range=..
绩效与商家销售额汇总\01_绩效\非药商务绩效+热销价+商家进度统计_2026-06-01_sub_高运.xlsx,商业售后情况,供应商省份,text_or_mixed,1.0000,7,四川省 | 四川省 | 四川省,merchant_supplier;region,,date_range=..
绩效与商家销售额汇总\01_绩效\非药商务绩效+热销价+商家进度统计_2026-06-01_sub_高运.xlsx,商业售后情况,运营名称,text_or_mixed,0.8992,1,高运 | 高运 | 高运,operator,,date_range=..
绩效与商家销售额汇总\01_绩效\非药商务绩效+热销价+商家进度统计_2026-06-01_sub_高运.xlsx,商业售后情况,对应人,text_or_mixed,1.0000,1,高运 | 高运 | 高运,,,date_range=..
绩效与商家销售额汇总\01_绩效\非药商务绩效+热销价+商家进度统计_2026-06-01_sub_高运.xlsx,商业售后情况,当月商家原因售后订单率,text_or_mixed,1.0000,1161,<PHONE_MASKED> | <PHONE_MASKED> | 0.03336422613531047,merchant_supplier,订单,date_range=..
绩效与商家销售额汇总\01_绩效\非药商务绩效+热销价+商家进度统计_2026-06-01_sub_高运.xlsx,商业售后情况,上月商家原因售后订单率,text_or_mixed,1.0000,1096,0.03896653960186362 | <PHONE_MASKED> | 0.03296703296703297,merchant_supplier,订单,date_range=..
绩效与商家销售额汇总\01_绩效\非药商务绩效+热销价+商家进度统计_2026-06-01_sub_高运.xlsx,商业售后情况,商家原因售后订单率环比,text_or_mixed,1.0000,1163,<PHONE_MASKED> | <PHONE_MASKED> | <PHONE_MASKED>,merchant_supplier,订单,date_range=..
绩效与商家销售额汇总\01_绩效\非药商务绩效+热销价+商家进度统计_2026-06-01_sub_高运.xlsx,商业每月GMV,供应商ID,text_or_mixed,1.0000,113,720 | 1140 | 1142,merchant_supplier,,date_range=..
绩效与商家销售额汇总\01_绩效\非药商务绩效+热销价+商家进度统计_2026-06-01_sub_高运.xlsx,商业每月GMV,供应商名称,text_or_mixed,1.0000,113,丽康琴保健品 | 都尔东康 | 普宁普慈,merchant_supplier,,date_range=..
绩效与商家销售额汇总\01_绩效\非药商务绩效+热销价+商家进度统计_2026-06-01_sub_高运.xlsx,商业每月GMV,供应商证件名称,text_or_mixed,1.0000,113,四川丽康琴保健用品有限公司 | 成都市尔东康商贸有限公司 | 普宁市普慈医疗器械有限公司,merchant_supplier,,date_range=..
绩效与商家销售额汇总\01_绩效\非药商务绩效+热销价+商家进度统计_2026-06-01_sub_高运.xlsx,商业每月GMV,供应商省份,text_or_mixed,1.0000,7,四川省 | 四川省 | 广东省,merchant_supplier;region,,date_range=..
绩效与商家销售额汇总\01_绩效\非药商务绩效+热销价+商家进度统计_2026-06-01_sub_高运.xlsx,商业每月GMV,供应商城市,text_or_mixed,1.0000,16,成都市 | 成都市 | 揭阳市,merchant_supplier;region,,date_range=..
绩效与商家销售额汇总\01_绩效\非药商务绩效+热销价+商家进度统计_2026-06-01_sub_高运.xlsx,商业每月GMV,商业类型,text_or_mixed,0.1947,5,普通店 | 普通店 | 普通店,merchant_supplier,,date_range=..
绩效与商家销售额汇总\01_绩效\非药商务绩效+热销价+商家进度统计_2026-06-01_sub_高运.xlsx,商业每月GMV,商业开店日期,date_candidate,1.0000,103,20161226 | 20170620 | 20170620,merchant_supplier,,date_range=2016-12-26..2026-05-28
绩效与商家销售额汇总\01_绩效\非药商务绩效+热销价+商家进度统计_2026-06-01_sub_高运.xlsx,商业每月GMV,商业首单日期,date_candidate,1.0000,108,20161230 | 20170622 | 20170628,merchant_supplier,,date_range=2016-12-30..2026-05-29
绩效与商家销售额汇总\01_绩效\非药商务绩效+热销价+商家进度统计_2026-06-01_sub_高运.xlsx,商业每月GMV,状态,text_or_mixed,1.0000,3,有效 | 有效 | 有效,,,date_range=..
绩效与商家销售额汇总\01_绩效\非药商务绩效+热销价+商家进度统计_2026-06-01_sub_高运.xlsx,商业每月GMV,a202605,text_or_mixed,0.7699,87,57593.14 | 11236.7 | 114177.14,,,date_range=..
绩效与商家销售额汇总\01_绩效\非药商务绩效+热销价+商家进度统计_2026-06-01_sub_高运.xlsx,商业每月GMV,a202604,text_or_mixed,0.7345,83,58840.04 | 8755 | 65136.35,,,date_range=..
绩效与商家销售额汇总\01_绩效\非药商务绩效+热销价+商家进度统计_2026-06-01_sub_高运.xlsx,商业每月GMV,a202603,text_or_mixed,0.6903,78,62467.27 | 13328.92 | 82024.43,,,date_range=..
绩效与商家销售额汇总\01_绩效\非药商务绩效+热销价+商家进度统计_2026-06-01_sub_高运.xlsx,商业每月GMV,a202602,text_or_mixed,0.6903,78,70088.97 | 12426.74 | 72862.61,,,date_range=..
绩效与商家销售额汇总\01_绩效\非药商务绩效+热销价+商家进度统计_2026-06-01_sub_高运.xlsx,商业每月GMV,a202601,text_or_mixed,0.8761,82,73712.78 | 17911.74 | 149577.84,,,date_range=..
绩效与商家销售额汇总\01_绩效\非药商务绩效+热销价+商家进度统计_2026-06-01_sub_高运.xlsx,商业每月GMV,a202512,text_or_mixed,0.8761,81,72230.27 | 12727.05 | 198022.37,,,date_range=..
绩效与商家销售额汇总\01_绩效\非药商务绩效+热销价+商家进度统计_2026-06-01_sub_高运.xlsx,商业每月GMV,a202511,text_or_mixed,0.8761,81,76806.85 | 14072.88 | 222823.29,,,date_range=..
绩效与商家销售额汇总\01_绩效\非药商务绩效+热销价+商家进度统计_2026-06-01_sub_高运.xlsx,商业每月GMV,a202510,text_or_mixed,0.8761,79,87872.37 | 13953.8 | 145541.41,,,date_range=..
绩效与商家销售额汇总\01_绩效\非药商务绩效+热销价+商家进度统计_2026-06-01_sub_高运.xlsx,商业每月GMV,a202509,text_or_mixed,0.8761,81,80322.08 | 21033.3 | 134313.87,,,date_range=..
绩效与商家销售额汇总\01_绩效\非药商务绩效+热销价+商家进度统计_2026-06-01_sub_高运.xlsx,商业每月GMV,a202508,text_or_mixed,0.8761,80,89271.63 | 10524.84 | 144887.29,,,date_range=..
绩效与商家销售额汇总\01_绩效\非药商务绩效+热销价+商家进度统计_2026-06-01_sub_高运.xlsx,商业每月GMV,a202507,text_or_mixed,0.8761,78,73174.31 | 11677.14 | 207450.55,,,date_range=..
绩效与商家销售额汇总\01_绩效\非药商务绩效+热销价+商家进度统计_2026-06-01_sub_高运.xlsx,商业每月GMV,a202506,text_or_mixed,0.8761,77,78464.7 | 14282.8 | 190865.97,,,date_range=..
绩效与商家销售额汇总\01_绩效\非药商务绩效+热销价+商家进度统计_2026-06-01_sub_高运.xlsx,商业每月GMV,a202505,text_or_mixed,0.8761,78,97959.95 | 14085.48 | 257435.33,,,date_range=..
绩效与商家销售额汇总\01_绩效\非药商务绩效+热销价+商家进度统计_2026-06-01_sub_高运.xlsx,商业每月GMV,a202504,text_or_mixed,0.8761,79,124454.34 | 15196.01 | 265300.85,,,date_range=..
绩效与商家销售额汇总\01_绩效\非药商务绩效+热销价+商家进度统计_2026-06-01_sub_高运.xlsx,商业每月GMV,a202503,text_or_mixed,0.8761,79,119142.63 | 17008.05 | 261222.86,,,date_range=..
绩效与商家销售额汇总\01_绩效\非药商务绩效+热销价+商家进度统计_2026-06-01_sub_高运.xlsx,商业每月GMV,a202502,text_or_mixed,0.8761,81,107345.95 | 20444.08 | 224217.26,,,date_range=..
绩效与商家销售额汇总\01_绩效\非药商务绩效+热销价+商家进度统计_2026-06-01_sub_高运.xlsx,商业每月GMV,a202501,text_or_mixed,0.8761,82,216985.04 | 17273.34 | 225821.26,,,date_range=..
绩效与商家销售额汇总\01_绩效\非药商务绩效+热销价+商家进度统计_2026-06-01_sub_高运.xlsx,商业每月GMV,a202412,text_or_mixed,0.8761,83,150581.05 | 14806.84 | 307224.83,,,date_range=..
绩效与商家销售额汇总\01_绩效\非药商务绩效+热销价+商家进度统计_2026-06-01_sub_高运.xlsx,商业每月GMV,a202411,text_or_mixed,0.8761,84,136574.85 | 19474.04 | 283024.62,,,date_range=..
绩效与商家销售额汇总\01_绩效\非药商务绩效+热销价+商家进度统计_2026-06-01_sub_高运.xlsx,商业每月GMV,a202410,text_or_mixed,0.8761,82,136677.4 | 24433.22 | 258433.73,,,date_range=..
绩效与商家销售额汇总\01_绩效\非药商务绩效+热销价+商家进度统计_2026-06-01_sub_高运.xlsx,商业每月GMV,a202409,text_or_mixed,0.8761,80,117741.45 | 26263.16 | 322827.73,,,date_range=..
绩效与商家销售额汇总\01_绩效\非药商务绩效+热销价+商家进度统计_2026-06-01_sub_高运.xlsx,商业每月GMV,a202408,text_or_mixed,0.8761,80,132710.36 | 27668.12 | 383287.12,,,date_range=..
绩效与商家销售额汇总\01_绩效\非药商务绩效+热销价+商家进度统计_2026-06-01_sub_高运.xlsx,商业每月GMV,a202407,text_or_mixed,0.8761,81,140849.12 | 21594.92 | 352134.91,,,date_range=..
绩效与商家销售额汇总\01_绩效\非药商务绩效+热销价+商家进度统计_2026-06-01_sub_高运.xlsx,商业每月GMV,a202406,text_or_mixed,0.8761,75,176356.95 | 15325.17 | 384078.32,,,date_range=..
绩效与商家销售额汇总\01_绩效\非药商务绩效+热销价+商家进度统计_2026-06-01_sub_高运.xlsx,商业每月GMV,a202405,text_or_mixed,0.8761,71,185884.52 | 27544.12 | 262181.09,,,date_range=..
绩效与商家销售额汇总\01_绩效\非药商务绩效+热销价+商家进度统计_2026-06-01_sub_高运.xlsx,商业每月GMV,a202404,text_or_mixed,0.8761,71,190726.12 | 17629.62 | 248564.99,,,date_range=..
绩效与商家销售额汇总\01_绩效\非药商务绩效+热销价+商家进度统计_2026-06-01_sub_高运.xlsx,商业每月GMV,a202403,text_or_mixed,0.8761,68,223305.45 | 33861.84 | 279775.63,,,date_range=..
绩效与商家销售额汇总\01_绩效\非药商务绩效+热销价+商家进度统计_2026-06-01_sub_高运.xlsx,商业每月GMV,a202402,text_or_mixed,0.8761,67,107883.01 | 25800.44 | 194033.84,,,date_range=..
绩效与商家销售额汇总\01_绩效\非药商务绩效+热销价+商家进度统计_2026-06-01_sub_高运.xlsx,商业每月GMV,a202401,text_or_mixed,0.8761,66,204531.16 | 31221.48 | 291853.49,,,date_range=..
绩效与商家销售额汇总\01_绩效\非药商务绩效+热销价+商家进度统计_2026-06-01_sub_高运.xlsx,商业每月GMV,a202312,text_or_mixed,0.8761,64,179684.17 | 38456.3 | 335202.99,,,date_range=..
绩效与商家销售额汇总\01_绩效\非药商务绩效+热销价+商家进度统计_2026-06-01_sub_高运.xlsx,商业每月GMV,a202311,text_or_mixed,0.8761,62,196952.79 | 36813.98 | 281698.8,,,date_range=..
绩效与商家销售额汇总\01_绩效\非药商务绩效+热销价+商家进度统计_2026-06-01_sub_高运.xlsx,商业每月GMV,a202310,text_or_mixed,0.8761,62,175128.9 | 35522.49 | 284781.81,,,date_range=..
绩效与商家销售额汇总\01_绩效\非药商务绩效+热销价+商家进度统计_2026-06-01_sub_高运.xlsx,商业每月GMV,a202309,text_or_mixed,0.8761,59,203764.25 | 21204.53 | 243603.64,,,date_range=..
绩效与商家销售额汇总\01_绩效\非药商务绩效+热销价+商家进度统计_2026-06-01_sub_高运.xlsx,商业每月GMV,a202308,text_or_mixed,0.8761,56,206641.73 | 15569.83 | 271599.21,,,date_range=..
绩效与商家销售额汇总\01_绩效\非药商务绩效+热销价+商家进度统计_2026-06-01_sub_高运.xlsx,商业每月GMV,a202307,text_or_mixed,0.8761,56,103920.98 | 13538.42 | 389289.37,,,date_range=..
绩效与商家销售额汇总\01_绩效\非药商务绩效+热销价+商家进度统计_2026-06-01_sub_高运.xlsx,商业每月GMV,a202306,text_or_mixed,0.8761,54,134010.7 | 24475.04 | 345989.87,,,date_range=..
绩效与商家销售额汇总\01_绩效\非药商务绩效+热销价+商家进度统计_2026-06-01_sub_高运.xlsx,商业每月GMV,a202305,text_or_mixed,0.8761,54,173251.53 | 19688.57 | 446453.14,,,date_range=..
绩效与商家销售额汇总\01_绩效\非药商务绩效+热销价+商家进度统计_2026-06-01_sub_高运.xlsx,商业每月GMV,a202304,text_or_mixed,0.8761,51,135352.06 | 25896.85 | 354956.25,,,date_range=..
绩效与商家销售额汇总\01_绩效\非药商务绩效+热销价+商家进度统计_2026-06-01_sub_高运.xlsx,商业每月GMV,a202303,text_or_mixed,0.8761,47,90928.92 | 27909 | 486720.85,,,date_range=..
绩效与商家销售额汇总\01_绩效\非药商务绩效+热销价+商家进度统计_2026-06-01_sub_高运.xlsx,商业每月GMV,a202302,text_or_mixed,0.8761,45,70492.37 | 59331.61 | 529731.56,,,date_range=..
绩效与商家销售额汇总\01_绩效\非药商务绩效+热销价+商家进度统计_2026-06-01_sub_高运.xlsx,商业每月GMV,a202301,text_or_mixed,0.8761,41,42698.89 | 70780.94 | 367291.87,,,date_range=..
绩效与商家销售额汇总\01_绩效\非药商务绩效+热销价+商家进度统计_2026-06-01_sub_高运.xlsx,商业每月GMV,商务对接人,text_or_mixed,0.3186,5,蓝通 | 高运 | 王子翔（医械）,operator,,date_range=..
绩效与商家销售额汇总\01_绩效\非药商务绩效+热销价+商家进度统计_2026-06-01_sub_高运.xlsx,商业每月GMV,简称,text_or_mixed,1.0000,113,丽康琴保健品 | 都尔东康 | 普宁普慈,,,date_range=..
绩效与商家销售额汇总\01_绩效\非药商务绩效+热销价+商家进度统计_2026-06-01_sub_高运.xlsx,商业每月GMV,运营名称,text_or_mixed,0.7611,1,高运 | 高运 | 高运,operator,,date_range=..
绩效与商家销售额汇总\01_绩效\非药商务绩效+热销价+商家进度统计_2026-06-01_sub_高运.xlsx,商业每月GMV,对应人,text_or_mixed,1.0000,1,高运 | 高运 | 高运,,,date_range=..
绩效与商家销售额汇总\01_绩效\非药商务绩效+热销价+商家进度统计_2026-06-01_sub_高运.xlsx,商业每月GMV,主店铺ID,text_or_mixed,1.0000,99,720 | 1140 | 1142,,,date_range=..
绩效与商家销售额汇总\01_绩效\非药商务绩效+热销价+商家进度统计_2026-06-01_sub_高运.xlsx,商业每月GMV,合并统计店铺,text_or_mixed,1.0000,99,丽康琴保健品 | 都尔东康 | 普宁普慈,,,date_range=..
绩效与商家销售额汇总\01_绩效\非药商务绩效+热销价+商家进度统计_2026-06-01_sub_高运.xlsx,新开商业情况,供应商ID,text_or_mixed,1.0000,24,22679 | 22862 | 22917,merchant_supplier,,date_range=..
绩效与商家销售额汇总\01_绩效\非药商务绩效+热销价+商家进度统计_2026-06-01_sub_高运.xlsx,新开商业情况,简称,text_or_mixed,1.0000,24,江西古戈尔商贸 | 四川众恩德科技 | 成都天蕊贸易,,,date_range=..
绩效与商家销售额汇总\01_绩效\非药商务绩效+热销价+商家进度统计_2026-06-01_sub_高运.xlsx,新开商业情况,供应商省份,text_or_mixed,1.0000,6,江西省 | 四川省 | 四川省,merchant_supplier;region,,date_range=..
绩效与商家销售额汇总\01_绩效\非药商务绩效+热销价+商家进度统计_2026-06-01_sub_高运.xlsx,新开商业情况,状态,text_or_mixed,1.0000,2,有效 | 有效 | 有效,,,date_range=..
绩效与商家销售额汇总\01_绩效\非药商务绩效+热销价+商家进度统计_2026-06-01_sub_高运.xlsx,新开商业情况,商业保证金,text_or_mixed,1.0000,3,100000 | 100000 | 100000,merchant_supplier,,date_range=..
绩效与商家销售额汇总\01_绩效\非药商务绩效+热销价+商家进度统计_2026-06-01_sub_高运.xlsx,新开商业情况,实时在架sku数,text_or_mixed,1.0000,22,34 | 117 | 951,product,,date_range=..
绩效与商家销售额汇总\01_绩效\非药商务绩效+热销价+商家进度统计_2026-06-01_sub_高运.xlsx,新开商业情况,主店铺ID,text_or_mixed,1.0000,23,22679 | 22862 | 22917,,,date_range=..
绩效与商家销售额汇总\01_绩效\非药商务绩效+热销价+商家进度统计_2026-06-01_sub_高运.xlsx,新开商业情况,月份,date_candidate,0.9826,18,2026-06 | 2026-06 | 2026-06,,,date_range=2025-01-01..2026-06-01
绩效与商家销售额汇总\01_绩效\非药商务绩效+热销价+商家进度统计_2026-06-01_sub_高运.xlsx,新开商业情况,GMV,text_or_mixed,0.9826,103,61.6 | 165.48 | 1386.5,,GMV,date_range=..
绩效与商家销售额汇总\01_绩效\非药商务绩效+热销价+商家进度统计_2026-06-01_sub_高运.xlsx,新开商业情况,之前月份的峰值,text_or_mixed,0.9826,49,36585.54 | 476864.78 | 558654.71,,,date_range=..
绩效与商家销售额汇总\01_绩效\非药商务绩效+热销价+商家进度统计_2026-06-01_sub_高运.xlsx,新开商业情况,在架天数5天以上sku数,text_or_mixed,0.5478,55,35 | 119 | 971,product,,date_range=..
绩效与商家销售额汇总\01_绩效\非药商务绩效+热销价+商家进度统计_2026-06-01_sub_高运.xlsx,新开商业情况,月份差,text_or_mixed,0.9826,23,8 | 7 | 8,,,date_range=..
绩效与商家销售额汇总\01_绩效\非药商务绩效+热销价+商家进度统计_2026-06-01_sub_高运.xlsx,新开商业情况,商务对接人,text_or_mixed,1.0000,1,高运 | 高运 | 高运,operator,,date_range=..
绩效与商家销售额汇总\01_绩效\非药商务绩效+热销价+商家进度统计_2026-06-01_sub_高运.xlsx,新开商业情况,动销店数,text_or_mixed,0.8261,80,1 | 4 | 4,,,date_range=..
绩效与商家销售额汇总\01_绩效\非药商务绩效+热销价+商家进度统计_2026-06-01_sub_高运.xlsx,新开商业情况,分店GMV,text_or_mixed,0.8261,95,61.6 | 165.48 | 1117,,GMV,date_range=..
绩效与商家销售额汇总\01_绩效\非药商务绩效+热销价+商家进度统计_2026-06-01_sub_高运.xlsx,新开商业情况,当月是否5万,text_or_mixed,1.0000,2,0 | 0 | 0,,,date_range=..
绩效与商家销售额汇总\01_绩效\非药商务绩效+热销价+商家进度统计_2026-06-01_sub_高运.xlsx,新开商业情况,新开有效,text_or_mixed,1.0000,2,无效 | 无效 | 无效,,,date_range=..
绩效与商家销售额汇总\01_绩效\非药商务绩效+热销价+商家进度统计_2026-06-01_sub_高运.xlsx,新开商业情况,一线品牌品类gmv,text_or_mixed,1.0000,72,0 | 0 | 0,product,GMV,date_range=..
绩效与商家销售额汇总\01_绩效\非药商务绩效+热销价+商家进度统计_2026-06-01_sub_高运.xlsx,新开商业情况,非重点品gmv,text_or_mixed,0.9826,99,61.6 | 165.48 | 1386.5,,GMV,date_range=..
绩效与商家销售额汇总\01_绩效\非药商务绩效+热销价+商家进度统计_2026-06-01_sub_高运.xlsx,新开商业情况,之前月份的非重点品峰值,text_or_mixed,1.0000,40,36585.54 | 40898.06 | 73409.32999999996,,,date_range=..
绩效与商家销售额汇总\01_绩效\非药商务绩效+热销价+商家进度统计_2026-06-01_sub_高运.xlsx,新开商业情况,之前月份的重点品峰值,text_or_mixed,1.0000,37,0 | 443561.94 | 485245.38,,,date_range=..
绩效与商家销售额汇总\01_绩效\非药商务绩效+热销价+商家进度统计_2026-06-01_sub_高运.xlsx,新开商业情况,非重点品增量gmv,text_or_mixed,1.0000,50,0 | 0 | 0,,GMV,date_range=..
绩效与商家销售额汇总\01_绩效\非药商务绩效+热销价+商家进度统计_2026-06-01_sub_高运.xlsx,新开商业情况,重点品增量gmv,text_or_mixed,1.0000,41,0 | 0 | 0,,GMV,date_range=..
绩效与商家销售额汇总\01_绩效\非药商务绩效+热销价+商家进度统计_2026-06-01_sub_高运.xlsx,新开商业情况,保证金水平,text_or_mixed,1.0000,4,100000 | 100000 | 100000,,,date_range=..
绩效与商家销售额汇总\01_绩效\非药商务绩效+热销价+商家进度统计_2026-06-01_sub_高运.xlsx,新开商业情况,有效计件,text_or_mixed,1.0000,4,0 | 0 | 0,,,date_range=..
绩效与商家销售额汇总\01_绩效\非药商务绩效+热销价+商家进度统计_2026-06-01_sub_高运.xlsx,新开商业情况,商业类型,text_or_mixed,1.0000,5,普通店 | 普通店 | 普通店,merchant_supplier,,date_range=..
绩效与商家销售额汇总\01_绩效\非药商务绩效+热销价+商家进度统计_2026-06-01_sub_高运.xlsx,新开商业情况,开店月份,date_candidate,1.0000,8,2025-08 | 2025-09 | 2025-09,,,date_range=2025-08-01..2026-05-01
绩效与商家销售额汇总\01_绩效\非药商务绩效+热销价+商家进度统计_2026-06-01_sub_高运.xlsx,新开商业情况,首单月份,date_candidate,1.0000,10,2025-09 | 2025-10 | 2025-09,,,date_range=2025-09-01..2026-05-01
绩效与商家销售额汇总\01_绩效\非药商务绩效+热销价+商家进度统计_2026-06-01_sub_高运.xlsx,新开商业情况,增量分享标记,text_or_mixed,1.0000,1,0 | 0 | 0,,,date_range=..
绩效与商家销售额汇总\01_绩效\非药商务绩效+热销价+商家进度统计_2026-06-01_sub_高运.xlsx,医疗器械经营店,药店ID,text_or_mixed,1.0000,1,3389366,purchasing_customer,,date_range=..
绩效与商家销售额汇总\01_绩效\非药商务绩效+热销价+商家进度统计_2026-06-01_sub_高运.xlsx,医疗器械经营店,省份,text_or_mixed,1.0000,1,重庆市,region,,date_range=..
绩效与商家销售额汇总\01_绩效\非药商务绩效+热销价+商家进度统计_2026-06-01_sub_高运.xlsx,医疗器械经营店,市区,text_or_mixed,1.0000,1,重庆市,region,,date_range=..
绩效与商家销售额汇总\01_绩效\非药商务绩效+热销价+商家进度统计_2026-06-01_sub_高运.xlsx,医疗器械经营店,full_name,text_or_mixed,1.0000,1,重庆康美迪贸易有限公司,,,date_range=..
绩效与商家销售额汇总\01_绩效\非药商务绩效+热销价+商家进度统计_2026-06-01_sub_高运.xlsx,医疗器械经营店,在药师帮注册日期,date_candidate,1.0000,1,2024-08-27 14:21:20,,,date_range=2024-08-27..2024-08-27
绩效与商家销售额汇总\01_绩效\非药商务绩效+热销价+商家进度统计_2026-06-01_sub_高运.xlsx,医疗器械经营店,启用日期,date_candidate,1.0000,1,2025-09-13 11:04:56,,,date_range=2025-09-13..2025-09-13
绩效与商家销售额汇总\01_绩效\非药商务绩效+热销价+商家进度统计_2026-06-01_sub_高运.xlsx,医疗器械经营店,药店首单日期,date_candidate,1.0000,1,2025-11-13 14:23:27,purchasing_customer,,date_range=2025-11-13..2025-11-13
绩效与商家销售额汇总\01_绩效\非药商务绩效+热销价+商家进度统计_2026-06-01_sub_高运.xlsx,医疗器械经营店,BD,text_or_mixed,1.0000,1,唐雯琦,operator,,date_range=..
绩效与商家销售额汇总\01_绩效\非药商务绩效+热销价+商家进度统计_2026-06-01_sub_高运.xlsx,医疗器械经营店,是否添加微信,text_or_mixed,1.0000,1,0,,,date_range=..
绩效与商家销售额汇总\01_绩效\非药商务绩效+热销价+商家进度统计_2026-06-01_sub_高运.xlsx,医疗器械经营店,药采购权限审核通过日期,date_candidate,1.0000,1,2025-09-13 11:04:56,,,date_range=2025-09-13..2025-09-13
绩效与商家销售额汇总\01_绩效\非药商务绩效+热销价+商家进度统计_2026-06-01_sub_高运.xlsx,医疗器械经营店,最近一次申请药采购权限时间,date_candidate,1.0000,1,2025-09-13 11:04:56,,,date_range=2025-09-13..2025-09-13
绩效与商家销售额汇总\01_绩效\非药商务绩效+热销价+商家进度统计_2026-06-01_sub_高运.xlsx,医疗器械经营店,商务对接人,text_or_mixed,1.0000,1,高运,operator,,date_range=..
绩效与商家销售额汇总\01_绩效\非药商务绩效+热销价+商家进度统计_2026-06-01_sub_高运.xlsx,医疗器械经营店,美团评级,text_or_mixed,1.0000,1,0,,,date_range=..
绩效与商家销售额汇总\01_绩效\非药商务绩效+热销价+商家进度统计_2026-06-01_sub_高运.xlsx,医疗器械经营店,商家组负责人,text_or_mixed,1.0000,1,nan,merchant_supplier;operator,,date_range=..
绩效与商家销售额汇总\01_绩效\非药商务绩效+热销价+商家进度统计_2026-06-01_sub_高运.xlsx,医疗器械经营店,线索提供人*,text_or_mixed,1.0000,1,nan,,,date_range=..
绩效与商家销售额汇总\01_绩效\非药商务绩效+热销价+商家进度统计_2026-06-01_sub_高运.xlsx,医疗器械经营店,激励,text_or_mixed,1.0000,1,nan,,,date_range=..
绩效与商家销售额汇总\01_绩效\非药商务绩效+热销价+商家进度统计_2026-06-01_sub_高运.xlsx,医疗器械经营店,BD线索,text_or_mixed,1.0000,1,nan,operator,,date_range=..
绩效与商家销售额汇总\01_绩效\非药商务绩效+热销价+商家进度统计_2026-06-01_sub_高运.xlsx,医疗器械经营店,a202601,text_or_mixed,1.0000,1,0,,,date_range=..
绩效与商家销售额汇总\01_绩效\非药商务绩效+热销价+商家进度统计_2026-06-01_sub_高运.xlsx,医疗器械经营店,a202602,text_or_mixed,1.0000,1,0,,,date_range=..
绩效与商家销售额汇总\01_绩效\非药商务绩效+热销价+商家进度统计_2026-06-01_sub_高运.xlsx,医疗器械经营店,a202603,text_or_mixed,1.0000,1,0,,,date_range=..
绩效与商家销售额汇总\01_绩效\非药商务绩效+热销价+商家进度统计_2026-06-01_sub_高运.xlsx,医疗器械经营店,a202604,text_or_mixed,1.0000,1,0,,,date_range=..
绩效与商家销售额汇总\01_绩效\非药商务绩效+热销价+商家进度统计_2026-06-01_sub_高运.xlsx,医疗器械经营店,a202605,text_or_mixed,1.0000,1,0,,,date_range=..
绩效与商家销售额汇总\01_绩效\非药商务绩效+热销价+商家进度统计_2026-06-01_sub_高运.xlsx,医疗器械经营店,新开标签,text_or_mixed,0.0000,0,,,,date_range=..
绩效与商家销售额汇总\01_绩效\非药商务绩效+热销价+商家进度统计_2026-06-01_sub_高运.xlsx,新开商业补充保证金情况,供应商ID,text_or_mixed,1.0000,1,24732,merchant_supplier,,date_range=..
绩效与商家销售额汇总\01_绩效\非药商务绩效+热销价+商家进度统计_2026-06-01_sub_高运.xlsx,新开商业补充保证金情况,月份,date_candidate,1.0000,1,2026-04,,,date_range=2026-04-01..2026-04-01
绩效与商家销售额汇总\01_绩效\非药商务绩效+热销价+商家进度统计_2026-06-01_sub_高运.xlsx,新开商业补充保证金情况,简称,text_or_mixed,1.0000,1,四川康福达医疗科技,,,date_range=..
绩效与商家销售额汇总\01_绩效\非药商务绩效+热销价+商家进度统计_2026-06-01_sub_高运.xlsx,新开商业补充保证金情况,状态,text_or_mixed,1.0000,1,有效,,,date_range=..
绩效与商家销售额汇总\01_绩效\非药商务绩效+热销价+商家进度统计_2026-06-01_sub_高运.xlsx,新开商业补充保证金情况,商务对接人,text_or_mixed,1.0000,1,高运,operator,,date_range=..
绩效与商家销售额汇总\01_绩效\非药商务绩效+热销价+商家进度统计_2026-06-01_sub_高运.xlsx,新开商业补充保证金情况,最新保证金水平,text_or_mixed,1.0000,1,20000,,,date_range=..
绩效与商家销售额汇总\01_绩效\非药商务绩效+热销价+商家进度统计_2026-06-01_sub_高运.xlsx,新开商业补充保证金情况,过去保证金水平,text_or_mixed,1.0000,1,10000,,,date_range=..
绩效与商家销售额汇总\01_绩效\非药商务绩效+热销价+商家进度统计_2026-06-01_sub_高运.xlsx,新开商业补充保证金情况,过去有效计件,text_or_mixed,1.0000,1,0,,,date_range=..
绩效与商家销售额汇总\01_绩效\非药商务绩效+热销价+商家进度统计_2026-06-01_sub_高运.xlsx,新开商业补充保证金情况,补充新开系数,text_or_mixed,1.0000,1,0,,,date_range=..
绩效与商家销售额汇总\01_绩效\非药商务绩效+热销价+商家进度统计_2026-07-01_sub_高运 (1).xlsx,总体目标,月份,date_candidate,1.0000,7,2026-03 | 2026-06 | 2026-01,,,date_range=2026-01-01..2026-07-01
绩效与商家销售额汇总\01_绩效\非药商务绩效+热销价+商家进度统计_2026-07-01_sub_高运 (1).xlsx,总体目标,商务对接人,text_or_mixed,1.0000,1,高运 | 高运 | 高运,operator,,date_range=..
绩效与商家销售额汇总\01_绩效\非药商务绩效+热销价+商家进度统计_2026-07-01_sub_高运 (1).xlsx,总体目标,非重点品增量gmv,text_or_mixed,1.0000,7,16811.79 | 73639.70000000001 | 66843.96000000004,,GMV,date_range=..
绩效与商家销售额汇总\01_绩效\非药商务绩效+热销价+商家进度统计_2026-07-01_sub_高运 (1).xlsx,总体目标,重点品增量gmv,text_or_mixed,1.0000,7,188012.21 | 338285.41 | 268649.8700000001,,GMV,date_range=..
绩效与商家销售额汇总\01_绩效\非药商务绩效+热销价+商家进度统计_2026-07-01_sub_高运 (1).xlsx,总体目标,新开6个月内5万商家数,text_or_mixed,0.8571,4,5 | 7 | 3,merchant_supplier,,date_range=..
绩效与商家销售额汇总\01_绩效\非药商务绩效+热销价+商家进度统计_2026-07-01_sub_高运 (1).xlsx,总体目标,开店商业数,text_or_mixed,0.7143,5,7 | 6 | 2,merchant_supplier,,date_range=..
绩效与商家销售额汇总\01_绩效\非药商务绩效+热销价+商家进度统计_2026-07-01_sub_高运 (1).xlsx,总体目标,首单商业数,text_or_mixed,0.8571,4,4 | 7 | 1,merchant_supplier,,date_range=..
绩效与商家销售额汇总\01_绩效\非药商务绩效+热销价+商家进度统计_2026-07-01_sub_高运 (1).xlsx,总体目标,品牌店开店商业数,text_or_mixed,0.2857,1,1 | 1,merchant_supplier;product,,date_range=..
绩效与商家销售额汇总\01_绩效\非药商务绩效+热销价+商家进度统计_2026-07-01_sub_高运 (1).xlsx,总体目标,有效新开数,text_or_mixed,1.0000,5,0.6000000000000001 | 3.600000000000001 | 0,,,date_range=..
绩效与商家销售额汇总\01_绩效\非药商务绩效+热销价+商家进度统计_2026-07-01_sub_高运 (1).xlsx,总体目标,当月订单数,text_or_mixed,0.8571,6,13028 | 18602 | 9013,,订单,date_range=..
绩效与商家销售额汇总\01_绩效\非药商务绩效+热销价+商家进度统计_2026-07-01_sub_高运 (1).xlsx,总体目标,当月商家原因售后订单数,text_or_mixed,0.8571,6,190 | 362 | 115,merchant_supplier,订单,date_range=..
绩效与商家销售额汇总\01_绩效\非药商务绩效+热销价+商家进度统计_2026-07-01_sub_高运 (1).xlsx,总体目标,上月订单数,text_or_mixed,0.8571,6,9071 | 15661 | 5854,,订单,date_range=..
绩效与商家销售额汇总\01_绩效\非药商务绩效+热销价+商家进度统计_2026-07-01_sub_高运 (1).xlsx,总体目标,上月商家原因售后订单数,text_or_mixed,0.8571,6,149 | 341 | 81,merchant_supplier,订单,date_range=..
绩效与商家销售额汇总\01_绩效\非药商务绩效+热销价+商家进度统计_2026-07-01_sub_高运 (1).xlsx,总体目标,当月商家原因售后订单率,text_or_mixed,0.8571,6,<PHONE_MASKED> | <PHONE_MASKED> | <PHONE_MASKED>,merchant_supplier,订单,date_range=..
绩效与商家销售额汇总\01_绩效\非药商务绩效+热销价+商家进度统计_2026-07-01_sub_高运 (1).xlsx,总体目标,上月商家原因售后订单率,text_or_mixed,0.8571,6,<PHONE_MASKED> | <PHONE_MASKED> | <PHONE_MASKED>,merchant_supplier,订单,date_range=..
绩效与商家销售额汇总\01_绩效\非药商务绩效+热销价+商家进度统计_2026-07-01_sub_高运 (1).xlsx,总体目标,当月商家原因售后订单率环比,text_or_mixed,0.8571,6,<PHONE_MASKED> | <PHONE_MASKED> | <PHONE_MASKED>,merchant_supplier,订单,date_range=..
绩效与商家销售额汇总\01_绩效\非药商务绩效+热销价+商家进度统计_2026-07-01_sub_高运 (1).xlsx,总体目标,售后备注,text_or_mixed,1.0000,3,无事发生 | 无事发生 | 无事发生,,,date_range=..
绩效与商家销售额汇总\01_绩效\非药商务绩效+热销价+商家进度统计_2026-07-01_sub_高运 (1).xlsx,总体目标,补充新开系数,text_or_mixed,1.0000,1,0 | 0 | 0,,,date_range=..
绩效与商家销售额汇总\01_绩效\非药商务绩效+热销价+商家进度统计_2026-07-01_sub_高运 (1).xlsx,总体目标,新开系数,text_or_mixed,1.0000,5,0.6 | 3.6 | 0,,,date_range=..
绩效与商家销售额汇总\01_绩效\非药商务绩效+热销价+商家进度统计_2026-07-01_sub_高运 (1).xlsx,总体目标,对应每家计件奖金,text_or_mixed,1.0000,2,0 | 200 | 0,,,date_range=..
绩效与商家销售额汇总\01_绩效\非药商务绩效+热销价+商家进度统计_2026-07-01_sub_高运 (1).xlsx,总体目标,破峰提成系数,text_or_mixed,1.0000,2,0 | 0.5 | 0,,,date_range=..
绩效与商家销售额汇总\01_绩效\非药商务绩效+热销价+商家进度统计_2026-07-01_sub_高运 (1).xlsx,商业售后情况统计,月份,date_candidate,1.0000,19,202509 | 202412 | 202504,,,date_range=2024-12-01..2026-06-01
绩效与商家销售额汇总\01_绩效\非药商务绩效+热销价+商家进度统计_2026-07-01_sub_高运 (1).xlsx,商业售后情况统计,商务对接人1,text_or_mixed,1.0000,1,高运 | 高运 | 高运,operator,,date_range=..
绩效与商家销售额汇总\01_绩效\非药商务绩效+热销价+商家进度统计_2026-07-01_sub_高运 (1).xlsx,商业售后情况统计,当月订单数,text_or_mixed,1.0000,19,1268 | 596 | 398,,订单,date_range=..
绩效与商家销售额汇总\01_绩效\非药商务绩效+热销价+商家进度统计_2026-07-01_sub_高运 (1).xlsx,商业售后情况统计,当月商家原因售后订单数,text_or_mixed,1.0000,19,28 | 26 | 32,merchant_supplier,订单,date_range=..
绩效与商家销售额汇总\01_绩效\非药商务绩效+热销价+商家进度统计_2026-07-01_sub_高运 (1).xlsx,商业售后情况统计,上月订单数,text_or_mixed,1.0000,19,1275 | 0 | 324,,订单,date_range=..
绩效与商家销售额汇总\01_绩效\非药商务绩效+热销价+商家进度统计_2026-07-01_sub_高运 (1).xlsx,商业售后情况统计,上月商家原因售后订单数,text_or_mixed,1.0000,19,23 | 0 | 19,merchant_supplier,订单,date_range=..
绩效与商家销售额汇总\01_绩效\非药商务绩效+热销价+商家进度统计_2026-07-01_sub_高运 (1).xlsx,商业售后情况统计,当月商家原因售后订单率,text_or_mixed,1.0000,19,0.0220820189274448 | 0.0436241610738255 | 0.08040201005025126,merchant_supplier,订单,date_range=..
绩效与商家销售额汇总\01_绩效\非药商务绩效+热销价+商家进度统计_2026-07-01_sub_高运 (1).xlsx,商业售后情况统计,上月商家原因售后订单率,text_or_mixed,0.9474,18,<PHONE_MASKED> | <PHONE_MASKED> | <PHONE_MASKED>,merchant_supplier,订单,date_range=..
绩效与商家销售额汇总\01_绩效\非药商务绩效+热销价+商家进度统计_2026-07-01_sub_高运 (1).xlsx,商业售后情况,月份,date_candidate,1.0000,19,202605 | 202509 | 202602,,,date_range=2024-12-01..2026-06-01
绩效与商家销售额汇总\01_绩效\非药商务绩效+热销价+商家进度统计_2026-07-01_sub_高运 (1).xlsx,商业售后情况,供应商ID,text_or_mixed,1.0000,35,22940 | 21117 | 21964,merchant_supplier,,date_range=..
绩效与商家销售额汇总\01_绩效\非药商务绩效+热销价+商家进度统计_2026-07-01_sub_高运 (1).xlsx,商业售后情况,供应商名称,text_or_mixed,1.0000,35,四川壹贝佳健康咨询 | 四川赤泉甘木生物科技 | 四川承泰仁商贸,merchant_supplier,,date_range=..
绩效与商家销售额汇总\01_绩效\非药商务绩效+热销价+商家进度统计_2026-07-01_sub_高运 (1).xlsx,商业售后情况,商业开店日期,date_candidate,1.0000,32,20250928 | 20250407 | 20250619,merchant_supplier,,date_range=2023-01-12..2026-06-23
绩效与商家销售额汇总\01_绩效\非药商务绩效+热销价+商家进度统计_2026-07-01_sub_高运 (1).xlsx,商业售后情况,当月订单数,text_or_mixed,1.0000,154,1319 | 8 | 350,,订单,date_range=..
绩效与商家销售额汇总\01_绩效\非药商务绩效+热销价+商家进度统计_2026-07-01_sub_高运 (1).xlsx,商业售后情况,上月订单数,text_or_mixed,1.0000,130,1199 | 10 | 396,,订单,date_range=..
绩效与商家销售额汇总\01_绩效\非药商务绩效+热销价+商家进度统计_2026-07-01_sub_高运 (1).xlsx,商业售后情况,当月售后订单数,text_or_mixed,1.0000,65,37 | 0 | 12,,订单,date_range=..
绩效与商家销售额汇总\01_绩效\非药商务绩效+热销价+商家进度统计_2026-07-01_sub_高运 (1).xlsx,商业售后情况,上月售后订单数,text_or_mixed,1.0000,59,52 | 0 | 6,,订单,date_range=..
绩效与商家销售额汇总\01_绩效\非药商务绩效+热销价+商家进度统计_2026-07-01_sub_高运 (1).xlsx,商业售后情况,当月商家原因售后订单数,text_or_mixed,1.0000,42,3 | 0 | 3,merchant_supplier,订单,date_range=..
绩效与商家销售额汇总\01_绩效\非药商务绩效+热销价+商家进度统计_2026-07-01_sub_高运 (1).xlsx,商业售后情况,上月商家原因售后订单数,text_or_mixed,1.0000,39,13 | 0 | 1,merchant_supplier,订单,date_range=..
绩效与商家销售额汇总\01_绩效\非药商务绩效+热销价+商家进度统计_2026-07-01_sub_高运 (1).xlsx,商业售后情况,商务对接人,text_or_mixed,1.0000,1,高运 | 高运 | 高运,operator,,date_range=..
绩效与商家销售额汇总\01_绩效\非药商务绩效+热销价+商家进度统计_2026-07-01_sub_高运 (1).xlsx,商业售后情况,供应商省份,text_or_mixed,1.0000,6,四川省 | 四川省 | 四川省,merchant_supplier;region,,date_range=..
绩效与商家销售额汇总\01_绩效\非药商务绩效+热销价+商家进度统计_2026-07-01_sub_高运 (1).xlsx,商业售后情况,运营名称,text_or_mixed,0.7333,1,高运 | 高运 | 高运,operator,,date_range=..
绩效与商家销售额汇总\01_绩效\非药商务绩效+热销价+商家进度统计_2026-07-01_sub_高运 (1).xlsx,商业售后情况,对应人,text_or_mixed,1.0000,1,高运 | 高运 | 高运,,,date_range=..
绩效与商家销售额汇总\01_绩效\非药商务绩效+热销价+商家进度统计_2026-07-01_sub_高运 (1).xlsx,商业售后情况,当月商家原因售后订单率,text_or_mixed,1.0000,134,<ID_MASKED> | 0 | <PHONE_MASKED>,merchant_supplier,订单,date_range=..
绩效与商家销售额汇总\01_绩效\非药商务绩效+热销价+商家进度统计_2026-07-01_sub_高运 (1).xlsx,商业售后情况,上月商家原因售后订单率,text_or_mixed,1.0000,112,<PHONE_MASKED> | 0 | <ID_MASKED>,merchant_supplier,订单,date_range=..
绩效与商家销售额汇总\01_绩效\非药商务绩效+热销价+商家进度统计_2026-07-01_sub_高运 (1).xlsx,商业售后情况,商家原因售后订单率环比,text_or_mixed,1.0000,109,-0.7902256954569312 | 0 | 2.394285714285714,merchant_supplier,订单,date_range=..
绩效与商家销售额汇总\01_绩效\非药商务绩效+热销价+商家进度统计_2026-07-01_sub_高运 (1).xlsx,商业每月GMV,供应商ID,text_or_mixed,1.0000,35,11628 | 21117 | 21206,merchant_supplier,,date_range=..
绩效与商家销售额汇总\01_绩效\非药商务绩效+热销价+商家进度统计_2026-07-01_sub_高运 (1).xlsx,商业每月GMV,供应商名称,text_or_mixed,1.0000,35,子钦医疗 | 四川赤泉甘木生物科技 | 四川共创盛世商贸,merchant_supplier,,date_range=..
绩效与商家销售额汇总\01_绩效\非药商务绩效+热销价+商家进度统计_2026-07-01_sub_高运 (1).xlsx,商业每月GMV,供应商证件名称,text_or_mixed,1.0000,35,子钦医疗器械（重庆）股份有限公司 | 四川赤泉甘木生物科技有限公司 | 四川共创盛世商贸有限公司,merchant_supplier,,date_range=..
绩效与商家销售额汇总\01_绩效\非药商务绩效+热销价+商家进度统计_2026-07-01_sub_高运 (1).xlsx,商业每月GMV,供应商省份,text_or_mixed,1.0000,6,重庆市 | 四川省 | 四川省,merchant_supplier;region,,date_range=..
绩效与商家销售额汇总\01_绩效\非药商务绩效+热销价+商家进度统计_2026-07-01_sub_高运 (1).xlsx,商业每月GMV,供应商城市,text_or_mixed,1.0000,8,重庆市 | 成都市 | 成都市,merchant_supplier;region,,date_range=..
绩效与商家销售额汇总\01_绩效\非药商务绩效+热销价+商家进度统计_2026-07-01_sub_高运 (1).xlsx,商业每月GMV,商业类型,text_or_mixed,0.8286,5,普通店 | 普通店 | 普通店,merchant_supplier,,date_range=..
绩效与商家销售额汇总\01_绩效\非药商务绩效+热销价+商家进度统计_2026-07-01_sub_高运 (1).xlsx,商业每月GMV,商业开店日期,date_candidate,1.0000,32,20230112 | 20250407 | 20250414,merchant_supplier,,date_range=2023-01-12..2026-06-23
绩效与商家销售额汇总\01_绩效\非药商务绩效+热销价+商家进度统计_2026-07-01_sub_高运 (1).xlsx,商业每月GMV,商业首单日期,date_candidate,1.0000,33,20230707 | 20250806 | 20250513,merchant_supplier,,date_range=2023-07-07..2026-06-27
绩效与商家销售额汇总\01_绩效\非药商务绩效+热销价+商家进度统计_2026-07-01_sub_高运 (1).xlsx,商业每月GMV,状态,text_or_mixed,1.0000,2,有效 | 即将上架 | 有效,,,date_range=..
绩效与商家销售额汇总\01_绩效\非药商务绩效+热销价+商家进度统计_2026-07-01_sub_高运 (1).xlsx,商业每月GMV,a202606,text_or_mixed,0.9714,34,1181 | 318981.91 | 49517.4,,,date_range=..
绩效与商家销售额汇总\01_绩效\非药商务绩效+热销价+商家进度统计_2026-07-01_sub_高运 (1).xlsx,商业每月GMV,a202605,text_or_mixed,0.7714,27,300 | 288037.08 | 44724.04,,,date_range=..
绩效与商家销售额汇总\01_绩效\非药商务绩效+热销价+商家进度统计_2026-07-01_sub_高运 (1).xlsx,商业每月GMV,a202604,text_or_mixed,0.6286,22,528 | 208811.94 | 43022.57,,,date_range=..
绩效与商家销售额汇总\01_绩效\非药商务绩效+热销价+商家进度统计_2026-07-01_sub_高运 (1).xlsx,商业每月GMV,a202603,text_or_mixed,0.4857,17,2176 | 292587.04 | 40549.01,,,date_range=..
绩效与商家销售额汇总\01_绩效\非药商务绩效+热销价+商家进度统计_2026-07-01_sub_高运 (1).xlsx,商业每月GMV,a202602,text_or_mixed,0.3714,13,1478 | 120386.2 | 37433.4,,,date_range=..
绩效与商家销售额汇总\01_绩效\非药商务绩效+热销价+商家进度统计_2026-07-01_sub_高运 (1).xlsx,商业每月GMV,a202601,text_or_mixed,0.4000,14,664 | 753.97 | 106946.81,,,date_range=..
绩效与商家销售额汇总\01_绩效\非药商务绩效+热销价+商家进度统计_2026-07-01_sub_高运 (1).xlsx,商业每月GMV,a202512,text_or_mixed,0.4000,13,984 | 812 | 52606,,,date_range=..
绩效与商家销售额汇总\01_绩效\非药商务绩效+热销价+商家进度统计_2026-07-01_sub_高运 (1).xlsx,商业每月GMV,a202511,text_or_mixed,0.4000,12,210 | 3305.95 | 89642.26,,,date_range=..
绩效与商家销售额汇总\01_绩效\非药商务绩效+热销价+商家进度统计_2026-07-01_sub_高运 (1).xlsx,商业每月GMV,a202510,text_or_mixed,0.4000,11,210 | 6072.6 | 39036.46,,,date_range=..
绩效与商家销售额汇总\01_绩效\非药商务绩效+热销价+商家进度统计_2026-07-01_sub_高运 (1).xlsx,商业每月GMV,a202509,text_or_mixed,0.4000,10,64 | 1740 | 58450.55,,,date_range=..
绩效与商家销售额汇总\01_绩效\非药商务绩效+热销价+商家进度统计_2026-07-01_sub_高运 (1).xlsx,商业每月GMV,a202508,text_or_mixed,0.4000,7,845 | 2950 | 126189.06,,,date_range=..
绩效与商家销售额汇总\01_绩效\非药商务绩效+热销价+商家进度统计_2026-07-01_sub_高运 (1).xlsx,商业每月GMV,a202507,text_or_mixed,0.4000,6,1398 | 0 | 94487.05,,,date_range=..
绩效与商家销售额汇总\01_绩效\非药商务绩效+热销价+商家进度统计_2026-07-01_sub_高运 (1).xlsx,商业每月GMV,a202506,text_or_mixed,0.4000,4,906 | 0 | 16273.3,,,date_range=..
绩效与商家销售额汇总\01_绩效\非药商务绩效+热销价+商家进度统计_2026-07-01_sub_高运 (1).xlsx,商业每月GMV,a202505,text_or_mixed,0.4000,4,175 | 0 | 280.4,,,date_range=..
绩效与商家销售额汇总\01_绩效\非药商务绩效+热销价+商家进度统计_2026-07-01_sub_高运 (1).xlsx,商业每月GMV,a202504,text_or_mixed,0.4000,3,745 | 0 | 0,,,date_range=..
绩效与商家销售额汇总\01_绩效\非药商务绩效+热销价+商家进度统计_2026-07-01_sub_高运 (1).xlsx,商业每月GMV,a202503,text_or_mixed,0.4000,3,613 | 0 | 0,,,date_range=..
绩效与商家销售额汇总\01_绩效\非药商务绩效+热销价+商家进度统计_2026-07-01_sub_高运 (1).xlsx,商业每月GMV,a202502,text_or_mixed,0.4000,3,1345 | 0 | 0,,,date_range=..
绩效与商家销售额汇总\01_绩效\非药商务绩效+热销价+商家进度统计_2026-07-01_sub_高运 (1).xlsx,商业每月GMV,a202501,text_or_mixed,0.4000,3,2055 | 0 | 0,,,date_range=..
绩效与商家销售额汇总\01_绩效\非药商务绩效+热销价+商家进度统计_2026-07-01_sub_高运 (1).xlsx,商业每月GMV,a202412,text_or_mixed,0.4000,3,175 | 0 | 0,,,date_range=..
绩效与商家销售额汇总\01_绩效\非药商务绩效+热销价+商家进度统计_2026-07-01_sub_高运 (1).xlsx,商业每月GMV,a202411,text_or_mixed,0.4000,3,1763 | 0 | 0,,,date_range=..
绩效与商家销售额汇总\01_绩效\非药商务绩效+热销价+商家进度统计_2026-07-01_sub_高运 (1).xlsx,商业每月GMV,a202410,text_or_mixed,0.4000,3,3198.8 | 0 | 0,,,date_range=..
绩效与商家销售额汇总\01_绩效\非药商务绩效+热销价+商家进度统计_2026-07-01_sub_高运 (1).xlsx,商业每月GMV,a202409,text_or_mixed,0.4000,2,2267 | 0 | 0,,,date_range=..
绩效与商家销售额汇总\01_绩效\非药商务绩效+热销价+商家进度统计_2026-07-01_sub_高运 (1).xlsx,商业每月GMV,a202408,text_or_mixed,0.4000,2,2305.9 | 0 | 0,,,date_range=..
绩效与商家销售额汇总\01_绩效\非药商务绩效+热销价+商家进度统计_2026-07-01_sub_高运 (1).xlsx,商业每月GMV,a202407,text_or_mixed,0.4000,2,4457.9 | 0 | 0,,,date_range=..
绩效与商家销售额汇总\01_绩效\非药商务绩效+热销价+商家进度统计_2026-07-01_sub_高运 (1).xlsx,商业每月GMV,a202406,text_or_mixed,0.4000,2,3969.42 | 0 | 0,,,date_range=..
绩效与商家销售额汇总\01_绩效\非药商务绩效+热销价+商家进度统计_2026-07-01_sub_高运 (1).xlsx,商业每月GMV,a202405,text_or_mixed,0.4000,2,1632.9 | 0 | 0,,,date_range=..
绩效与商家销售额汇总\01_绩效\非药商务绩效+热销价+商家进度统计_2026-07-01_sub_高运 (1).xlsx,商业每月GMV,a202404,text_or_mixed,0.4000,2,1848.9 | 0 | 0,,,date_range=..
绩效与商家销售额汇总\01_绩效\非药商务绩效+热销价+商家进度统计_2026-07-01_sub_高运 (1).xlsx,商业每月GMV,a202403,text_or_mixed,0.4000,2,1900.9 | 0 | 0,,,date_range=..
绩效与商家销售额汇总\01_绩效\非药商务绩效+热销价+商家进度统计_2026-07-01_sub_高运 (1).xlsx,商业每月GMV,a202402,text_or_mixed,0.4000,2,2435.34 | 0 | 0,,,date_range=..
绩效与商家销售额汇总\01_绩效\非药商务绩效+热销价+商家进度统计_2026-07-01_sub_高运 (1).xlsx,商业每月GMV,a202401,text_or_mixed,0.4000,2,4624.75 | 0 | 0,,,date_range=..
绩效与商家销售额汇总\01_绩效\非药商务绩效+热销价+商家进度统计_2026-07-01_sub_高运 (1).xlsx,商业每月GMV,a202312,text_or_mixed,0.4000,2,849.54 | 0 | 0,,,date_range=..
绩效与商家销售额汇总\01_绩效\非药商务绩效+热销价+商家进度统计_2026-07-01_sub_高运 (1).xlsx,商业每月GMV,a202311,text_or_mixed,0.4000,2,977.58 | 0 | 0,,,date_range=..
绩效与商家销售额汇总\01_绩效\非药商务绩效+热销价+商家进度统计_2026-07-01_sub_高运 (1).xlsx,商业每月GMV,a202310,text_or_mixed,0.4000,2,325.24 | 0 | 0,,,date_range=..
绩效与商家销售额汇总\01_绩效\非药商务绩效+热销价+商家进度统计_2026-07-01_sub_高运 (1).xlsx,商业每月GMV,a202309,text_or_mixed,0.4000,2,314.95 | 0 | 0,,,date_range=..
绩效与商家销售额汇总\01_绩效\非药商务绩效+热销价+商家进度统计_2026-07-01_sub_高运 (1).xlsx,商业每月GMV,a202308,text_or_mixed,0.4000,1,0 | 0 | 0,,,date_range=..
绩效与商家销售额汇总\01_绩效\非药商务绩效+热销价+商家进度统计_2026-07-01_sub_高运 (1).xlsx,商业每月GMV,a202307,text_or_mixed,0.4000,2,100 | 0 | 0,,,date_range=..
绩效与商家销售额汇总\01_绩效\非药商务绩效+热销价+商家进度统计_2026-07-01_sub_高运 (1).xlsx,商业每月GMV,a202306,text_or_mixed,0.4000,1,0 | 0 | 0,,,date_range=..
绩效与商家销售额汇总\01_绩效\非药商务绩效+热销价+商家进度统计_2026-07-01_sub_高运 (1).xlsx,商业每月GMV,a202305,text_or_mixed,0.4000,1,0 | 0 | 0,,,date_range=..
绩效与商家销售额汇总\01_绩效\非药商务绩效+热销价+商家进度统计_2026-07-01_sub_高运 (1).xlsx,商业每月GMV,a202304,text_or_mixed,0.4000,1,0 | 0 | 0,,,date_range=..
绩效与商家销售额汇总\01_绩效\非药商务绩效+热销价+商家进度统计_2026-07-01_sub_高运 (1).xlsx,商业每月GMV,a202303,text_or_mixed,0.4000,1,0 | 0 | 0,,,date_range=..
绩效与商家销售额汇总\01_绩效\非药商务绩效+热销价+商家进度统计_2026-07-01_sub_高运 (1).xlsx,商业每月GMV,a202302,text_or_mixed,0.4000,1,0 | 0 | 0,,,date_range=..
绩效与商家销售额汇总\01_绩效\非药商务绩效+热销价+商家进度统计_2026-07-01_sub_高运 (1).xlsx,商业每月GMV,a202301,text_or_mixed,0.4000,1,0 | 0 | 0,,,date_range=..
绩效与商家销售额汇总\01_绩效\非药商务绩效+热销价+商家进度统计_2026-07-01_sub_高运 (1).xlsx,商业每月GMV,商务对接人,text_or_mixed,1.0000,1,高运 | 高运 | 高运,operator,,date_range=..
绩效与商家销售额汇总\01_绩效\非药商务绩效+热销价+商家进度统计_2026-07-01_sub_高运 (1).xlsx,商业每月GMV,简称,text_or_mixed,1.0000,35,子钦医疗 | 四川赤泉甘木生物科技 | 四川共创盛世商贸,,,date_range=..
绩效与商家销售额汇总\01_绩效\非药商务绩效+热销价+商家进度统计_2026-07-01_sub_高运 (1).xlsx,商业每月GMV,运营名称,text_or_mixed,0.9143,1,高运 | 高运 | 高运,operator,,date_range=..
绩效与商家销售额汇总\01_绩效\非药商务绩效+热销价+商家进度统计_2026-07-01_sub_高运 (1).xlsx,商业每月GMV,对应人,text_or_mixed,1.0000,1,高运 | 高运 | 高运,,,date_range=..
绩效与商家销售额汇总\01_绩效\非药商务绩效+热销价+商家进度统计_2026-07-01_sub_高运 (1).xlsx,商业每月GMV,主店铺ID,text_or_mixed,1.0000,31,11628 | 21117 | 21206,,,date_range=..
绩效与商家销售额汇总\01_绩效\非药商务绩效+热销价+商家进度统计_2026-07-01_sub_高运 (1).xlsx,商业每月GMV,合并统计店铺,text_or_mixed,1.0000,31,子钦医疗 | 四川赤泉甘木生物科技 | 四川共创盛世商贸,,,date_range=..
绩效与商家销售额汇总\01_绩效\非药商务绩效+热销价+商家进度统计_2026-07-01_sub_高运 (1).xlsx,新开商业情况,供应商ID,text_or_mixed,1.0000,23,23871 | 24236 | 24287,merchant_supplier,,date_range=..
绩效与商家销售额汇总\01_绩效\非药商务绩效+热销价+商家进度统计_2026-07-01_sub_高运 (1).xlsx,新开商业情况,简称,text_or_mixed,1.0000,23,好品惠 | 重庆即美购供应链管理 | 四川美恩堂医药,,,date_range=..
绩效与商家销售额汇总\01_绩效\非药商务绩效+热销价+商家进度统计_2026-07-01_sub_高运 (1).xlsx,新开商业情况,供应商省份,text_or_mixed,1.0000,5,广东省 | 重庆市 | 四川省,merchant_supplier;region,,date_range=..
绩效与商家销售额汇总\01_绩效\非药商务绩效+热销价+商家进度统计_2026-07-01_sub_高运 (1).xlsx,新开商业情况,状态,text_or_mixed,1.0000,1,有效 | 有效 | 有效,,,date_range=..
绩效与商家销售额汇总\01_绩效\非药商务绩效+热销价+商家进度统计_2026-07-01_sub_高运 (1).xlsx,新开商业情况,商业保证金,text_or_mixed,1.0000,3,50000 | 100000 | 20000,merchant_supplier,,date_range=..
绩效与商家销售额汇总\01_绩效\非药商务绩效+热销价+商家进度统计_2026-07-01_sub_高运 (1).xlsx,新开商业情况,实时在架sku数,text_or_mixed,1.0000,22,37 | 32 | 302,product,,date_range=..
绩效与商家销售额汇总\01_绩效\非药商务绩效+热销价+商家进度统计_2026-07-01_sub_高运 (1).xlsx,新开商业情况,主店铺ID,text_or_mixed,1.0000,23,23871 | 24236 | 20204,,,date_range=..
绩效与商家销售额汇总\01_绩效\非药商务绩效+热销价+商家进度统计_2026-07-01_sub_高运 (1).xlsx,新开商业情况,月份,date_candidate,1.0000,1,2026-06 | 2026-06 | 2026-06,,,date_range=2026-06-01..2026-06-01
绩效与商家销售额汇总\01_绩效\非药商务绩效+热销价+商家进度统计_2026-07-01_sub_高运 (1).xlsx,新开商业情况,GMV,text_or_mixed,1.0000,23,1797.86 | 478.32 | 238603.63,,GMV,date_range=..
绩效与商家销售额汇总\01_绩效\非药商务绩效+热销价+商家进度统计_2026-07-01_sub_高运 (1).xlsx,新开商业情况,之前月份的峰值,text_or_mixed,1.0000,17,9930.24 | 1496.82 | 409228.99,,,date_range=..
绩效与商家销售额汇总\01_绩效\非药商务绩效+热销价+商家进度统计_2026-07-01_sub_高运 (1).xlsx,新开商业情况,在架天数5天以上sku数,text_or_mixed,1.0000,20,34 | 37 | 302,product,,date_range=..
绩效与商家销售额汇总\01_绩效\非药商务绩效+热销价+商家进度统计_2026-07-01_sub_高运 (1).xlsx,新开商业情况,月份差,text_or_mixed,1.0000,6,4 | 2 | 3,,,date_range=..
绩效与商家销售额汇总\01_绩效\非药商务绩效+热销价+商家进度统计_2026-07-01_sub_高运 (1).xlsx,新开商业情况,商务对接人,text_or_mixed,1.0000,1,高运 | 高运 | 高运,operator,,date_range=..
绩效与商家销售额汇总\01_绩效\非药商务绩效+热销价+商家进度统计_2026-07-01_sub_高运 (1).xlsx,新开商业情况,动销店数,text_or_mixed,1.0000,21,8 | 7 | 262,,,date_range=..
绩效与商家销售额汇总\01_绩效\非药商务绩效+热销价+商家进度统计_2026-07-01_sub_高运 (1).xlsx,新开商业情况,分店GMV,text_or_mixed,1.0000,23,1797.86 | 478.32 | 55992.96,,GMV,date_range=..
绩效与商家销售额汇总\01_绩效\非药商务绩效+热销价+商家进度统计_2026-07-01_sub_高运 (1).xlsx,新开商业情况,新开有效,text_or_mixed,1.0000,2,无效 | 无效 | 无效,,,date_range=..
绩效与商家销售额汇总\01_绩效\非药商务绩效+热销价+商家进度统计_2026-07-01_sub_高运 (1).xlsx,新开商业情况,一线品牌品类gmv,text_or_mixed,1.0000,19,895.54 | 0 | 179007.55,product,GMV,date_range=..
绩效与商家销售额汇总\01_绩效\非药商务绩效+热销价+商家进度统计_2026-07-01_sub_高运 (1).xlsx,新开商业情况,非重点品gmv,text_or_mixed,1.0000,23,<PHONE_MASKED> | 478.32 | 59596.08000000002,,GMV,date_range=..
绩效与商家销售额汇总\01_绩效\非药商务绩效+热销价+商家进度统计_2026-07-01_sub_高运 (1).xlsx,新开商业情况,之前月份的非重点品峰值,text_or_mixed,1.0000,16,1128.6 | 702.5 | <PHONE_MASKED>,,,date_range=..
绩效与商家销售额汇总\01_绩效\非药商务绩效+热销价+商家进度统计_2026-07-01_sub_高运 (1).xlsx,新开商业情况,之前月份的重点品峰值,text_or_mixed,1.0000,14,8801.64 | 1264.06 | 373140.34,,,date_range=..
绩效与商家销售额汇总\01_绩效\非药商务绩效+热销价+商家进度统计_2026-07-01_sub_高运 (1).xlsx,新开商业情况,非重点品增量gmv,text_or_mixed,1.0000,10,0 | 0 | 0,,GMV,date_range=..
绩效与商家销售额汇总\01_绩效\非药商务绩效+热销价+商家进度统计_2026-07-01_sub_高运 (1).xlsx,新开商业情况,重点品增量gmv,text_or_mixed,1.0000,11,0 | 0 | 0,,GMV,date_range=..
绩效与商家销售额汇总\01_绩效\非药商务绩效+热销价+商家进度统计_2026-07-01_sub_高运 (1).xlsx,新开商业情况,保证金水平,text_or_mixed,1.0000,3,50000 | 20000 | 20000,,,date_range=..
绩效与商家销售额汇总\01_绩效\非药商务绩效+热销价+商家进度统计_2026-07-01_sub_高运 (1).xlsx,新开商业情况,有效计件,text_or_mixed,1.0000,3,0 | 0 | 0,,,date_range=..
绩效与商家销售额汇总\01_绩效\非药商务绩效+热销价+商家进度统计_2026-07-01_sub_高运 (1).xlsx,新开商业情况,商业类型,text_or_mixed,1.0000,5,品牌店 | 特殊政策新店 | 分店,merchant_supplier,,date_range=..
绩效与商家销售额汇总\01_绩效\非药商务绩效+热销价+商家进度统计_2026-07-01_sub_高运 (1).xlsx,新开商业情况,开店月份,date_candidate,1.0000,5,2026-01 | 2026-03 | 2026-03,,,date_range=2026-01-01..2026-06-01
绩效与商家销售额汇总\01_绩效\非药商务绩效+热销价+商家进度统计_2026-07-01_sub_高运 (1).xlsx,新开商业情况,首单月份,date_candidate,1.0000,6,2026-02 | 2026-03 | 2026-03,,,date_range=2026-01-01..2026-06-01
绩效与商家销售额汇总\01_绩效\非药商务绩效+热销价+商家进度统计_2026-07-01_sub_高运 (1).xlsx,新开商业情况,增量分享标记,text_or_mixed,1.0000,2,0 | 0 | 0,,,date_range=..
绩效与商家销售额汇总\01_绩效\非药商务绩效+热销价+商家进度统计_2026-07-01_sub_高运 (1).xlsx,新开商业情况,当月是否5万,text_or_mixed,1.0000,2,0 | 0 | 1,,,date_range=..
绩效与商家销售额汇总\01_绩效\非药商务绩效+热销价+商家进度统计_2026-07-01_sub_高运 (1).xlsx,新开商业情况,预估五万达成,text_or_mixed,1.0000,1,1 | 1 | 1,,,date_range=..
绩效与商家销售额汇总\01_绩效\非药商务绩效+热销价+商家进度统计_2026-07-01_sub_高运 (1).xlsx,新开商业情况历史版,供应商ID,text_or_mixed,1.0000,30,22679 | 22862 | 22917,merchant_supplier,,date_range=..
绩效与商家销售额汇总\01_绩效\非药商务绩效+热销价+商家进度统计_2026-07-01_sub_高运 (1).xlsx,新开商业情况历史版,商业开店日期,date_candidate,1.0000,27,20250829 | 20250918 | 20250925,merchant_supplier,,date_range=2025-08-29..2026-06-29
绩效与商家销售额汇总\01_绩效\非药商务绩效+热销价+商家进度统计_2026-07-01_sub_高运 (1).xlsx,新开商业情况历史版,商业首单日期,date_candidate,1.0000,28,20250917.0 | 20251017.0 | 20250926.0,merchant_supplier,,date_range=2025-09-17..2026-06-27
绩效与商家销售额汇总\01_绩效\非药商务绩效+热销价+商家进度统计_2026-07-01_sub_高运 (1).xlsx,新开商业情况历史版,供应商省份,text_or_mixed,1.0000,6,江西省 | 四川省 | 四川省,merchant_supplier;region,,date_range=..
绩效与商家销售额汇总\01_绩效\非药商务绩效+热销价+商家进度统计_2026-07-01_sub_高运 (1).xlsx,新开商业情况历史版,状态,text_or_mixed,1.0000,2,有效 | 有效 | 有效,,,date_range=..
绩效与商家销售额汇总\01_绩效\非药商务绩效+热销价+商家进度统计_2026-07-01_sub_高运 (1).xlsx,新开商业情况历史版,商业保证金,text_or_mixed,1.0000,3,100000 | 100000 | 100000,merchant_supplier,,date_range=..
绩效与商家销售额汇总\01_绩效\非药商务绩效+热销价+商家进度统计_2026-07-01_sub_高运 (1).xlsx,新开商业情况历史版,保证金余额,text_or_mixed,1.0000,16,100000 | 99926.6 | 98798.52,,,date_range=..
绩效与商家销售额汇总\01_绩效\非药商务绩效+热销价+商家进度统计_2026-07-01_sub_高运 (1).xlsx,新开商业情况历史版,business_scope,text_or_mixed,0.9950,26,"6,7,8,12,21 | 0,2,6,8,21,28 | 0,2,3,6,7,8",,,date_range=..
绩效与商家销售额汇总\01_绩效\非药商务绩效+热销价+商家进度统计_2026-07-01_sub_高运 (1).xlsx,新开商业情况历史版,主营业务关键词,text_or_mixed,0.9950,26,"生活用品,外用,消毒用品,计生用品,化妆品 | 生活用品,医疗器械,保健品,消毒用品,食品,计生用品 | 生活用品,医疗器械,保健品,营养品,计生用品,化妆品",,,date_range=..
绩效与商家销售额汇总\01_绩效\非药商务绩效+热销价+商家进度统计_2026-07-01_sub_高运 (1).xlsx,新开商业情况历史版,type_scope,text_or_mixed,0.0000,0,,,,date_range=..
绩效与商家销售额汇总\01_绩效\非药商务绩效+热销价+商家进度统计_2026-07-01_sub_高运 (1).xlsx,新开商业情况历史版,busi_scope,text_or_mixed,1.0000,21,"10,11,12,9 | 19,16,12,11,10,9,8,6 | 19,16,12,11,10,9,8,6",,,date_range=..
绩效与商家销售额汇总\01_绩效\非药商务绩效+热销价+商家进度统计_2026-07-01_sub_高运 (1).xlsx,新开商业情况历史版,分类经营范围,text_or_mixed,0.0000,0,,,,date_range=..
绩效与商家销售额汇总\01_绩效\非药商务绩效+热销价+商家进度统计_2026-07-01_sub_高运 (1).xlsx,新开商业情况历史版,商品经营范围,text_or_mixed,1.0000,20,"医疗器械（一类）,日用品,化妆品,消毒产品 | 医疗器械（一类）,日用品,化妆品,消毒产品,保健食品,医疗器械（二类免备案... | 医疗器械（一类）,日用品,化妆品,消毒产品,保健食品,医疗器械（二类免备案...",product,,date_range=..
绩效与商家销售额汇总\01_绩效\非药商务绩效+热销价+商家进度统计_2026-07-01_sub_高运 (1).xlsx,新开商业情况历史版,冻结状态,text_or_mixed,1.0000,2,0 | 0 | 0,,,date_range=..
绩效与商家销售额汇总\01_绩效\非药商务绩效+热销价+商家进度统计_2026-07-01_sub_高运 (1).xlsx,新开商业情况历史版,实时在架sku数,text_or_mixed,1.0000,28,33 | 142 | 956,product,,date_range=..
绩效与商家销售额汇总\01_绩效\非药商务绩效+热销价+商家进度统计_2026-07-01_sub_高运 (1).xlsx,新开商业情况历史版,主店铺ID,text_or_mixed,1.0000,28,22679 | 22862 | 22917,,,date_range=..
绩效与商家销售额汇总\01_绩效\非药商务绩效+热销价+商家进度统计_2026-07-01_sub_高运 (1).xlsx,新开商业情况历史版,月份,date_candidate,0.9950,19,2026-06 | 2026-07 | 2026-07,,,date_range=2025-01-01..2026-07-01
绩效与商家销售额汇总\01_绩效\非药商务绩效+热销价+商家进度统计_2026-07-01_sub_高运 (1).xlsx,新开商业情况历史版,GMV,text_or_mixed,0.9950,176,27112.36 | 47 | 154.5,,GMV,date_range=..
绩效与商家销售额汇总\01_绩效\非药商务绩效+热销价+商家进度统计_2026-07-01_sub_高运 (1).xlsx,新开商业情况历史版,之前月份的峰值,text_or_mixed,0.9950,65,36585.54 | 476864.78 | 558654.71,,,date_range=..
绩效与商家销售额汇总\01_绩效\非药商务绩效+热销价+商家进度统计_2026-07-01_sub_高运 (1).xlsx,新开商业情况历史版,增量gmv,text_or_mixed,1.0000,73,0 | 0 | 0,,GMV,date_range=..
绩效与商家销售额汇总\01_绩效\非药商务绩效+热销价+商家进度统计_2026-07-01_sub_高运 (1).xlsx,新开商业情况历史版,在架天数5天以上sku数,text_or_mixed,0.4623,74,34 | 35 | 140,product,,date_range=..
绩效与商家销售额汇总\01_绩效\非药商务绩效+热销价+商家进度统计_2026-07-01_sub_高运 (1).xlsx,新开商业情况历史版,日期_dt,date_candidate,0.9950,27,2025-09-17 00:00:00 | 2025-10-17 00:00:00 | 2025-09-26 00:00:00,,,date_range=2025-09-17..2026-06-27
绩效与商家销售额汇总\01_绩效\非药商务绩效+热销价+商家进度统计_2026-07-01_sub_高运 (1).xlsx,新开商业情况历史版,参考月份_dt,date_candidate,0.9950,27,2025-10-17 00:00:00 | 2025-11-17 00:00:00 | 2025-10-26 00:00:00,,,date_range=2025-10-17..2026-07-27
绩效与商家销售额汇总\01_绩效\非药商务绩效+热销价+商家进度统计_2026-07-01_sub_高运 (1).xlsx,新开商业情况历史版,月份_dt,date_candidate,0.9950,19,2026-06-01 00:00:00 | 2026-07-01 00:00:00 | 2026-07-01 00:00:00,,,date_range=2025-01-01..2026-07-01
绩效与商家销售额汇总\01_绩效\非药商务绩效+热销价+商家进度统计_2026-07-01_sub_高运 (1).xlsx,新开商业情况历史版,月份差,text_or_mixed,0.9950,27,8 | 8 | 9,,,date_range=..
绩效与商家销售额汇总\01_绩效\非药商务绩效+热销价+商家进度统计_2026-07-01_sub_高运 (1).xlsx,新开商业情况历史版,商务对接人,text_or_mixed,1.0000,1,高运 | 高运 | 高运,operator,,date_range=..
绩效与商家销售额汇总\01_绩效\非药商务绩效+热销价+商家进度统计_2026-07-01_sub_高运 (1).xlsx,新开商业情况历史版,简称,text_or_mixed,1.0000,30,江西古戈尔商贸 | 四川众恩德科技 | 成都天蕊贸易,,,date_range=..
绩效与商家销售额汇总\01_绩效\非药商务绩效+热销价+商家进度统计_2026-07-01_sub_高运 (1).xlsx,新开商业情况历史版,供应商证件全称,text_or_mixed,1.0000,30,江西古戈尔商贸有限公司 | 四川众恩德科技有限公司 | 成都天蕊贸易有限公司,merchant_supplier,,date_range=..
绩效与商家销售额汇总\01_绩效\非药商务绩效+热销价+商家进度统计_2026-07-01_sub_高运 (1).xlsx,新开商业情况历史版,运营名称,text_or_mixed,0.9950,1,高运 | 高运 | 高运,operator,,date_range=..
绩效与商家销售额汇总\01_绩效\非药商务绩效+热销价+商家进度统计_2026-07-01_sub_高运 (1).xlsx,新开商业情况历史版,一线品牌品类gmv,text_or_mixed,1.0000,136,0 | 0 | 0,product,GMV,date_range=..
绩效与商家销售额汇总\01_绩效\非药商务绩效+热销价+商家进度统计_2026-07-01_sub_高运 (1).xlsx,新开商业情况历史版,动销店数,text_or_mixed,0.6030,100,322 | 1 | 2,,,date_range=..
绩效与商家销售额汇总\01_绩效\非药商务绩效+热销价+商家进度统计_2026-07-01_sub_高运 (1).xlsx,新开商业情况历史版,分店GMV,text_or_mixed,0.6030,120,27112.36 | 47 | 154.5,,GMV,date_range=..
绩效与商家销售额汇总\01_绩效\非药商务绩效+热销价+商家进度统计_2026-07-01_sub_高运 (1).xlsx,新开商业情况历史版,新开有效,text_or_mixed,1.0000,2,无效 | 无效 | 无效,,,date_range=..
绩效与商家销售额汇总\01_绩效\非药商务绩效+热销价+商家进度统计_2026-07-01_sub_高运 (1).xlsx,新开商业情况历史版,非重点品gmv,text_or_mixed,0.9950,173,27112.36 | 47 | 154.5,,GMV,date_range=..
绩效与商家销售额汇总\01_绩效\非药商务绩效+热销价+商家进度统计_2026-07-01_sub_高运 (1).xlsx,新开商业情况历史版,之前月份的非重点品峰值,text_or_mixed,1.0000,63,36585.54 | 40898.06 | 73409.32999999996,,,date_range=..
绩效与商家销售额汇总\01_绩效\非药商务绩效+热销价+商家进度统计_2026-07-01_sub_高运 (1).xlsx,新开商业情况历史版,之前月份的重点品峰值,text_or_mixed,1.0000,47,0 | 442572.18 | 485245.38,,,date_range=..
绩效与商家销售额汇总\01_绩效\非药商务绩效+热销价+商家进度统计_2026-07-01_sub_高运 (1).xlsx,新开商业情况历史版,非重点品增量gmv,text_or_mixed,1.0000,69,0 | 0 | 0,,GMV,date_range=..
绩效与商家销售额汇总\01_绩效\非药商务绩效+热销价+商家进度统计_2026-07-01_sub_高运 (1).xlsx,新开商业情况历史版,重点品增量gmv,text_or_mixed,1.0000,54,0 | 0 | 0,,GMV,date_range=..
绩效与商家销售额汇总\01_绩效\非药商务绩效+热销价+商家进度统计_2026-07-01_sub_高运 (1).xlsx,新开商业情况历史版,保证金水平,text_or_mixed,1.0000,4,100000 | 100000 | 100000,,,date_range=..
绩效与商家销售额汇总\01_绩效\非药商务绩效+热销价+商家进度统计_2026-07-01_sub_高运 (1).xlsx,新开商业情况历史版,有效计件,text_or_mixed,1.0000,4,0 | 0 | 0,,,date_range=..
绩效与商家销售额汇总\01_绩效\非药商务绩效+热销价+商家进度统计_2026-07-01_sub_高运 (1).xlsx,新开商业情况历史版,商业类型,text_or_mixed,1.0000,6,普通店 | 普通店 | 普通店,merchant_supplier,,date_range=..
绩效与商家销售额汇总\01_绩效\非药商务绩效+热销价+商家进度统计_2026-07-01_sub_高运 (1).xlsx,新开商业情况历史版,开店月份,date_candidate,1.0000,9,2025-08 | 2025-09 | 2025-09,,,date_range=2025-08-01..2026-06-01
绩效与商家销售额汇总\01_绩效\非药商务绩效+热销价+商家进度统计_2026-07-01_sub_高运 (1).xlsx,新开商业情况历史版,首单月份,date_candidate,1.0000,11,2025-09 | 2025-10 | 2025-09,,,date_range=2025-09-01..2026-06-01
绩效与商家销售额汇总\01_绩效\非药商务绩效+热销价+商家进度统计_2026-07-01_sub_高运 (1).xlsx,新开商业情况历史版,增量分享标记,text_or_mixed,1.0000,2,0 | 0 | 0,,,date_range=..
绩效与商家销售额汇总\01_绩效\非药商务绩效+热销价+商家进度统计_2026-07-01_sub_高运 (1).xlsx,新开商业情况历史版,当月是否5万,text_or_mixed,1.0000,2,0 | 0 | 0,,,date_range=..
绩效与商家销售额汇总\01_绩效\非药商务绩效+热销价+商家进度统计_2026-07-01_sub_高运 (1).xlsx,新开商业情况历史版,日均gmv,text_or_mixed,0.6030,1,inf | inf | inf,,GMV,date_range=..
绩效与商家销售额汇总\01_绩效\非药商务绩效+热销价+商家进度统计_2026-07-01_sub_高运 (1).xlsx,新开商业情况历史版,预估五万达成,text_or_mixed,1.0000,2,1 | 1 | 1,,,date_range=..
绩效与商家销售额汇总\01_绩效\非药商务绩效+热销价+商家进度统计_2026-07-01_sub_高运 (1).xlsx,医疗器械经营店,药店ID,text_or_mixed,1.0000,1,3389366,purchasing_customer,,date_range=..
绩效与商家销售额汇总\01_绩效\非药商务绩效+热销价+商家进度统计_2026-07-01_sub_高运 (1).xlsx,医疗器械经营店,省份,text_or_mixed,1.0000,1,重庆市,region,,date_range=..
绩效与商家销售额汇总\01_绩效\非药商务绩效+热销价+商家进度统计_2026-07-01_sub_高运 (1).xlsx,医疗器械经营店,市区,text_or_mixed,1.0000,1,重庆市,region,,date_range=..
绩效与商家销售额汇总\01_绩效\非药商务绩效+热销价+商家进度统计_2026-07-01_sub_高运 (1).xlsx,医疗器械经营店,full_name,text_or_mixed,1.0000,1,重庆康美迪贸易有限公司,,,date_range=..
绩效与商家销售额汇总\01_绩效\非药商务绩效+热销价+商家进度统计_2026-07-01_sub_高运 (1).xlsx,医疗器械经营店,在药师帮注册日期,date_candidate,1.0000,1,2024-08-27 14:21:20,,,date_range=2024-08-27..2024-08-27
绩效与商家销售额汇总\01_绩效\非药商务绩效+热销价+商家进度统计_2026-07-01_sub_高运 (1).xlsx,医疗器械经营店,启用日期,date_candidate,1.0000,1,2025-09-13 11:04:56,,,date_range=2025-09-13..2025-09-13
绩效与商家销售额汇总\01_绩效\非药商务绩效+热销价+商家进度统计_2026-07-01_sub_高运 (1).xlsx,医疗器械经营店,药店首单日期,date_candidate,1.0000,1,2025-11-13 14:23:27,purchasing_customer,,date_range=2025-11-13..2025-11-13
绩效与商家销售额汇总\01_绩效\非药商务绩效+热销价+商家进度统计_2026-07-01_sub_高运 (1).xlsx,医疗器械经营店,BD,text_or_mixed,1.0000,1,唐雯琦,operator,,date_range=..
绩效与商家销售额汇总\01_绩效\非药商务绩效+热销价+商家进度统计_2026-07-01_sub_高运 (1).xlsx,医疗器械经营店,是否添加微信,text_or_mixed,1.0000,1,0,,,date_range=..
绩效与商家销售额汇总\01_绩效\非药商务绩效+热销价+商家进度统计_2026-07-01_sub_高运 (1).xlsx,医疗器械经营店,药采购权限审核通过日期,date_candidate,1.0000,1,2025-09-13 11:04:56,,,date_range=2025-09-13..2025-09-13
绩效与商家销售额汇总\01_绩效\非药商务绩效+热销价+商家进度统计_2026-07-01_sub_高运 (1).xlsx,医疗器械经营店,最近一次申请药采购权限时间,date_candidate,1.0000,1,2025-09-13 11:04:56,,,date_range=2025-09-13..2025-09-13
绩效与商家销售额汇总\01_绩效\非药商务绩效+热销价+商家进度统计_2026-07-01_sub_高运 (1).xlsx,医疗器械经营店,商务对接人,text_or_mixed,1.0000,1,高运,operator,,date_range=..
绩效与商家销售额汇总\01_绩效\非药商务绩效+热销价+商家进度统计_2026-07-01_sub_高运 (1).xlsx,医疗器械经营店,美团评级,text_or_mixed,1.0000,1,0,,,date_range=..
绩效与商家销售额汇总\01_绩效\非药商务绩效+热销价+商家进度统计_2026-07-01_sub_高运 (1).xlsx,医疗器械经营店,负责人1,text_or_mixed,0.0000,0,,operator,,date_range=..
绩效与商家销售额汇总\01_绩效\非药商务绩效+热销价+商家进度统计_2026-07-01_sub_高运 (1).xlsx,医疗器械经营店,负责人2,text_or_mixed,0.0000,0,,operator,,date_range=..
绩效与商家销售额汇总\01_绩效\非药商务绩效+热销价+商家进度统计_2026-07-01_sub_高运 (1).xlsx,医疗器械经营店,商家组负责人,text_or_mixed,1.0000,1,nan,merchant_supplier;operator,,date_range=..
绩效与商家销售额汇总\01_绩效\非药商务绩效+热销价+商家进度统计_2026-07-01_sub_高运 (1).xlsx,医疗器械经营店,线索提供人*,text_or_mixed,1.0000,1,nan,,,date_range=..
绩效与商家销售额汇总\01_绩效\非药商务绩效+热销价+商家进度统计_2026-07-01_sub_高运 (1).xlsx,医疗器械经营店,激励,text_or_mixed,1.0000,1,nan,,,date_range=..
绩效与商家销售额汇总\01_绩效\非药商务绩效+热销价+商家进度统计_2026-07-01_sub_高运 (1).xlsx,医疗器械经营店,BD线索,text_or_mixed,1.0000,1,nan,operator,,date_range=..
绩效与商家销售额汇总\01_绩效\非药商务绩效+热销价+商家进度统计_2026-07-01_sub_高运 (1).xlsx,医疗器械经营店,a202601,text_or_mixed,1.0000,1,0,,,date_range=..
绩效与商家销售额汇总\01_绩效\非药商务绩效+热销价+商家进度统计_2026-07-01_sub_高运 (1).xlsx,医疗器械经营店,a202602,text_or_mixed,1.0000,1,0,,,date_range=..
绩效与商家销售额汇总\01_绩效\非药商务绩效+热销价+商家进度统计_2026-07-01_sub_高运 (1).xlsx,医疗器械经营店,a202603,text_or_mixed,1.0000,1,0,,,date_range=..
绩效与商家销售额汇总\01_绩效\非药商务绩效+热销价+商家进度统计_2026-07-01_sub_高运 (1).xlsx,医疗器械经营店,a202604,text_or_mixed,1.0000,1,0,,,date_range=..
绩效与商家销售额汇总\01_绩效\非药商务绩效+热销价+商家进度统计_2026-07-01_sub_高运 (1).xlsx,医疗器械经营店,a202605,text_or_mixed,1.0000,1,0,,,date_range=..
绩效与商家销售额汇总\01_绩效\非药商务绩效+热销价+商家进度统计_2026-07-01_sub_高运 (1).xlsx,医疗器械经营店,a202606,text_or_mixed,1.0000,1,0,,,date_range=..
绩效与商家销售额汇总\01_绩效\非药商务绩效+热销价+商家进度统计_2026-07-01_sub_高运 (1).xlsx,医疗器械经营店,新开标签,text_or_mixed,0.0000,0,,,,date_range=..
绩效与商家销售额汇总\01_绩效\非药商务绩效+热销价+商家进度统计_2026-07-01_sub_高运 (1).xlsx,新开商业补充保证金情况,供应商ID,text_or_mixed,1.0000,1,24447,merchant_supplier,,date_range=..
绩效与商家销售额汇总\01_绩效\非药商务绩效+热销价+商家进度统计_2026-07-01_sub_高运 (1).xlsx,新开商业补充保证金情况,月份,date_candidate,1.0000,1,2026-04,,,date_range=2026-04-01..2026-04-01
绩效与商家销售额汇总\01_绩效\非药商务绩效+热销价+商家进度统计_2026-07-01_sub_高运 (1).xlsx,新开商业补充保证金情况,简称,text_or_mixed,1.0000,1,成都德善堂生物科技,,,date_range=..
绩效与商家销售额汇总\01_绩效\非药商务绩效+热销价+商家进度统计_2026-07-01_sub_高运 (1).xlsx,新开商业补充保证金情况,状态,text_or_mixed,1.0000,1,有效,,,date_range=..
绩效与商家销售额汇总\01_绩效\非药商务绩效+热销价+商家进度统计_2026-07-01_sub_高运 (1).xlsx,新开商业补充保证金情况,商务对接人,text_or_mixed,1.0000,1,高运,operator,,date_range=..
绩效与商家销售额汇总\01_绩效\非药商务绩效+热销价+商家进度统计_2026-07-01_sub_高运 (1).xlsx,新开商业补充保证金情况,最新保证金水平,text_or_mixed,1.0000,1,100000,,,date_range=..
绩效与商家销售额汇总\01_绩效\非药商务绩效+热销价+商家进度统计_2026-07-01_sub_高运 (1).xlsx,新开商业补充保证金情况,过去保证金水平,text_or_mixed,1.0000,1,10000,,,date_range=..
绩效与商家销售额汇总\01_绩效\非药商务绩效+热销价+商家进度统计_2026-07-01_sub_高运 (1).xlsx,新开商业补充保证金情况,过去有效计件,text_or_mixed,1.0000,1,0.2,,,date_range=..
绩效与商家销售额汇总\01_绩效\非药商务绩效+热销价+商家进度统计_2026-07-01_sub_高运 (1).xlsx,新开商业补充保证金情况,补充新开系数,text_or_mixed,1.0000,1,0,,,date_range=..
绩效与商家销售额汇总\01_绩效\非药商务绩效+热销价+商家进度统计_2026-07-01_sub_高运 (1).xlsx,新开商业补充保证金情况,最新当月有效计件,text_or_mixed,1.0000,1,0,,,date_range=..
绩效与商家销售额汇总\01_绩效\非药商务绩效+热销价+商家进度统计_2026-07-01_sub_高运.xlsx,总体目标,月份,date_candidate,1.0000,7,2026-03 | 2026-06 | 2026-01,,,date_range=2026-01-01..2026-07-01
绩效与商家销售额汇总\01_绩效\非药商务绩效+热销价+商家进度统计_2026-07-01_sub_高运.xlsx,总体目标,商务对接人,text_or_mixed,1.0000,1,高运 | 高运 | 高运,operator,,date_range=..
绩效与商家销售额汇总\01_绩效\非药商务绩效+热销价+商家进度统计_2026-07-01_sub_高运.xlsx,总体目标,非重点品增量gmv,text_or_mixed,1.0000,7,16811.79 | 73639.70000000001 | 66843.96000000004,,GMV,date_range=..
绩效与商家销售额汇总\01_绩效\非药商务绩效+热销价+商家进度统计_2026-07-01_sub_高运.xlsx,总体目标,重点品增量gmv,text_or_mixed,1.0000,7,188012.21 | 338285.41 | 268649.8700000001,,GMV,date_range=..
绩效与商家销售额汇总\01_绩效\非药商务绩效+热销价+商家进度统计_2026-07-01_sub_高运.xlsx,总体目标,新开6个月内5万商家数,text_or_mixed,0.8571,4,5 | 7 | 3,merchant_supplier,,date_range=..
绩效与商家销售额汇总\01_绩效\非药商务绩效+热销价+商家进度统计_2026-07-01_sub_高运.xlsx,总体目标,开店商业数,text_or_mixed,0.7143,5,7 | 6 | 2,merchant_supplier,,date_range=..
绩效与商家销售额汇总\01_绩效\非药商务绩效+热销价+商家进度统计_2026-07-01_sub_高运.xlsx,总体目标,首单商业数,text_or_mixed,0.8571,4,4 | 7 | 1,merchant_supplier,,date_range=..
绩效与商家销售额汇总\01_绩效\非药商务绩效+热销价+商家进度统计_2026-07-01_sub_高运.xlsx,总体目标,品牌店开店商业数,text_or_mixed,0.2857,1,1 | 1,merchant_supplier;product,,date_range=..
绩效与商家销售额汇总\01_绩效\非药商务绩效+热销价+商家进度统计_2026-07-01_sub_高运.xlsx,总体目标,有效新开数,text_or_mixed,1.0000,5,0.6000000000000001 | 3.600000000000001 | 0,,,date_range=..
绩效与商家销售额汇总\01_绩效\非药商务绩效+热销价+商家进度统计_2026-07-01_sub_高运.xlsx,总体目标,当月订单数,text_or_mixed,0.8571,6,13028 | 18602 | 9013,,订单,date_range=..
绩效与商家销售额汇总\01_绩效\非药商务绩效+热销价+商家进度统计_2026-07-01_sub_高运.xlsx,总体目标,当月商家原因售后订单数,text_or_mixed,0.8571,6,190 | 362 | 115,merchant_supplier,订单,date_range=..
绩效与商家销售额汇总\01_绩效\非药商务绩效+热销价+商家进度统计_2026-07-01_sub_高运.xlsx,总体目标,上月订单数,text_or_mixed,0.8571,6,9071 | 15661 | 5854,,订单,date_range=..
绩效与商家销售额汇总\01_绩效\非药商务绩效+热销价+商家进度统计_2026-07-01_sub_高运.xlsx,总体目标,上月商家原因售后订单数,text_or_mixed,0.8571,6,149 | 341 | 81,merchant_supplier,订单,date_range=..
绩效与商家销售额汇总\01_绩效\非药商务绩效+热销价+商家进度统计_2026-07-01_sub_高运.xlsx,总体目标,当月商家原因售后订单率,text_or_mixed,0.8571,6,<PHONE_MASKED> | <PHONE_MASKED> | <PHONE_MASKED>,merchant_supplier,订单,date_range=..
绩效与商家销售额汇总\01_绩效\非药商务绩效+热销价+商家进度统计_2026-07-01_sub_高运.xlsx,总体目标,上月商家原因售后订单率,text_or_mixed,0.8571,6,<PHONE_MASKED> | <PHONE_MASKED> | <PHONE_MASKED>,merchant_supplier,订单,date_range=..
绩效与商家销售额汇总\01_绩效\非药商务绩效+热销价+商家进度统计_2026-07-01_sub_高运.xlsx,总体目标,当月商家原因售后订单率环比,text_or_mixed,0.8571,6,<PHONE_MASKED> | <PHONE_MASKED> | <PHONE_MASKED>,merchant_supplier,订单,date_range=..
绩效与商家销售额汇总\01_绩效\非药商务绩效+热销价+商家进度统计_2026-07-01_sub_高运.xlsx,总体目标,售后备注,text_or_mixed,1.0000,3,无事发生 | 无事发生 | 无事发生,,,date_range=..
绩效与商家销售额汇总\01_绩效\非药商务绩效+热销价+商家进度统计_2026-07-01_sub_高运.xlsx,总体目标,补充新开系数,text_or_mixed,1.0000,1,0 | 0 | 0,,,date_range=..
绩效与商家销售额汇总\01_绩效\非药商务绩效+热销价+商家进度统计_2026-07-01_sub_高运.xlsx,总体目标,新开系数,text_or_mixed,1.0000,5,0.6 | 3.6 | 0,,,date_range=..
绩效与商家销售额汇总\01_绩效\非药商务绩效+热销价+商家进度统计_2026-07-01_sub_高运.xlsx,总体目标,对应每家计件奖金,text_or_mixed,1.0000,2,0 | 200 | 0,,,date_range=..
绩效与商家销售额汇总\01_绩效\非药商务绩效+热销价+商家进度统计_2026-07-01_sub_高运.xlsx,总体目标,破峰提成系数,text_or_mixed,1.0000,2,0 | 0.5 | 0,,,date_range=..
绩效与商家销售额汇总\01_绩效\非药商务绩效+热销价+商家进度统计_2026-07-01_sub_高运.xlsx,商业售后情况统计,月份,date_candidate,1.0000,19,202509 | 202412 | 202504,,,date_range=2024-12-01..2026-06-01
绩效与商家销售额汇总\01_绩效\非药商务绩效+热销价+商家进度统计_2026-07-01_sub_高运.xlsx,商业售后情况统计,商务对接人1,text_or_mixed,1.0000,1,高运 | 高运 | 高运,operator,,date_range=..
绩效与商家销售额汇总\01_绩效\非药商务绩效+热销价+商家进度统计_2026-07-01_sub_高运.xlsx,商业售后情况统计,当月订单数,text_or_mixed,1.0000,19,1268 | 596 | 398,,订单,date_range=..
绩效与商家销售额汇总\01_绩效\非药商务绩效+热销价+商家进度统计_2026-07-01_sub_高运.xlsx,商业售后情况统计,当月商家原因售后订单数,text_or_mixed,1.0000,19,28 | 26 | 32,merchant_supplier,订单,date_range=..
绩效与商家销售额汇总\01_绩效\非药商务绩效+热销价+商家进度统计_2026-07-01_sub_高运.xlsx,商业售后情况统计,上月订单数,text_or_mixed,1.0000,19,1275 | 0 | 324,,订单,date_range=..
绩效与商家销售额汇总\01_绩效\非药商务绩效+热销价+商家进度统计_2026-07-01_sub_高运.xlsx,商业售后情况统计,上月商家原因售后订单数,text_or_mixed,1.0000,19,23 | 0 | 19,merchant_supplier,订单,date_range=..
绩效与商家销售额汇总\01_绩效\非药商务绩效+热销价+商家进度统计_2026-07-01_sub_高运.xlsx,商业售后情况统计,当月商家原因售后订单率,text_or_mixed,1.0000,19,0.0220820189274448 | 0.0436241610738255 | 0.08040201005025126,merchant_supplier,订单,date_range=..
绩效与商家销售额汇总\01_绩效\非药商务绩效+热销价+商家进度统计_2026-07-01_sub_高运.xlsx,商业售后情况统计,上月商家原因售后订单率,text_or_mixed,0.9474,18,<PHONE_MASKED> | <PHONE_MASKED> | <PHONE_MASKED>,merchant_supplier,订单,date_range=..
绩效与商家销售额汇总\01_绩效\非药商务绩效+热销价+商家进度统计_2026-07-01_sub_高运.xlsx,商业售后情况,月份,date_candidate,1.0000,19,202605 | 202509 | 202602,,,date_range=2024-12-01..2026-06-01
绩效与商家销售额汇总\01_绩效\非药商务绩效+热销价+商家进度统计_2026-07-01_sub_高运.xlsx,商业售后情况,供应商ID,text_or_mixed,1.0000,35,22940 | 21117 | 21964,merchant_supplier,,date_range=..
绩效与商家销售额汇总\01_绩效\非药商务绩效+热销价+商家进度统计_2026-07-01_sub_高运.xlsx,商业售后情况,供应商名称,text_or_mixed,1.0000,35,四川壹贝佳健康咨询 | 四川赤泉甘木生物科技 | 四川承泰仁商贸,merchant_supplier,,date_range=..
绩效与商家销售额汇总\01_绩效\非药商务绩效+热销价+商家进度统计_2026-07-01_sub_高运.xlsx,商业售后情况,商业开店日期,date_candidate,1.0000,32,20250928 | 20250407 | 20250619,merchant_supplier,,date_range=2023-01-12..2026-06-23
绩效与商家销售额汇总\01_绩效\非药商务绩效+热销价+商家进度统计_2026-07-01_sub_高运.xlsx,商业售后情况,当月订单数,text_or_mixed,1.0000,154,1319 | 8 | 350,,订单,date_range=..
绩效与商家销售额汇总\01_绩效\非药商务绩效+热销价+商家进度统计_2026-07-01_sub_高运.xlsx,商业售后情况,上月订单数,text_or_mixed,1.0000,130,1199 | 10 | 396,,订单,date_range=..
绩效与商家销售额汇总\01_绩效\非药商务绩效+热销价+商家进度统计_2026-07-01_sub_高运.xlsx,商业售后情况,当月售后订单数,text_or_mixed,1.0000,65,37 | 0 | 12,,订单,date_range=..
绩效与商家销售额汇总\01_绩效\非药商务绩效+热销价+商家进度统计_2026-07-01_sub_高运.xlsx,商业售后情况,上月售后订单数,text_or_mixed,1.0000,59,52 | 0 | 6,,订单,date_range=..
绩效与商家销售额汇总\01_绩效\非药商务绩效+热销价+商家进度统计_2026-07-01_sub_高运.xlsx,商业售后情况,当月商家原因售后订单数,text_or_mixed,1.0000,42,3 | 0 | 3,merchant_supplier,订单,date_range=..
绩效与商家销售额汇总\01_绩效\非药商务绩效+热销价+商家进度统计_2026-07-01_sub_高运.xlsx,商业售后情况,上月商家原因售后订单数,text_or_mixed,1.0000,39,13 | 0 | 1,merchant_supplier,订单,date_range=..
绩效与商家销售额汇总\01_绩效\非药商务绩效+热销价+商家进度统计_2026-07-01_sub_高运.xlsx,商业售后情况,商务对接人,text_or_mixed,1.0000,1,高运 | 高运 | 高运,operator,,date_range=..
绩效与商家销售额汇总\01_绩效\非药商务绩效+热销价+商家进度统计_2026-07-01_sub_高运.xlsx,商业售后情况,供应商省份,text_or_mixed,1.0000,6,四川省 | 四川省 | 四川省,merchant_supplier;region,,date_range=..
绩效与商家销售额汇总\01_绩效\非药商务绩效+热销价+商家进度统计_2026-07-01_sub_高运.xlsx,商业售后情况,运营名称,text_or_mixed,0.7333,1,高运 | 高运 | 高运,operator,,date_range=..
绩效与商家销售额汇总\01_绩效\非药商务绩效+热销价+商家进度统计_2026-07-01_sub_高运.xlsx,商业售后情况,对应人,text_or_mixed,1.0000,1,高运 | 高运 | 高运,,,date_range=..
绩效与商家销售额汇总\01_绩效\非药商务绩效+热销价+商家进度统计_2026-07-01_sub_高运.xlsx,商业售后情况,当月商家原因售后订单率,text_or_mixed,1.0000,134,<ID_MASKED> | 0 | <PHONE_MASKED>,merchant_supplier,订单,date_range=..
绩效与商家销售额汇总\01_绩效\非药商务绩效+热销价+商家进度统计_2026-07-01_sub_高运.xlsx,商业售后情况,上月商家原因售后订单率,text_or_mixed,1.0000,112,<PHONE_MASKED> | 0 | <ID_MASKED>,merchant_supplier,订单,date_range=..
绩效与商家销售额汇总\01_绩效\非药商务绩效+热销价+商家进度统计_2026-07-01_sub_高运.xlsx,商业售后情况,商家原因售后订单率环比,text_or_mixed,1.0000,109,-0.7902256954569312 | 0 | 2.394285714285714,merchant_supplier,订单,date_range=..
绩效与商家销售额汇总\01_绩效\非药商务绩效+热销价+商家进度统计_2026-07-01_sub_高运.xlsx,商业每月GMV,供应商ID,text_or_mixed,1.0000,35,11628 | 21117 | 21206,merchant_supplier,,date_range=..
绩效与商家销售额汇总\01_绩效\非药商务绩效+热销价+商家进度统计_2026-07-01_sub_高运.xlsx,商业每月GMV,供应商名称,text_or_mixed,1.0000,35,子钦医疗 | 四川赤泉甘木生物科技 | 四川共创盛世商贸,merchant_supplier,,date_range=..
绩效与商家销售额汇总\01_绩效\非药商务绩效+热销价+商家进度统计_2026-07-01_sub_高运.xlsx,商业每月GMV,供应商证件名称,text_or_mixed,1.0000,35,子钦医疗器械（重庆）股份有限公司 | 四川赤泉甘木生物科技有限公司 | 四川共创盛世商贸有限公司,merchant_supplier,,date_range=..
绩效与商家销售额汇总\01_绩效\非药商务绩效+热销价+商家进度统计_2026-07-01_sub_高运.xlsx,商业每月GMV,供应商省份,text_or_mixed,1.0000,6,重庆市 | 四川省 | 四川省,merchant_supplier;region,,date_range=..
绩效与商家销售额汇总\01_绩效\非药商务绩效+热销价+商家进度统计_2026-07-01_sub_高运.xlsx,商业每月GMV,供应商城市,text_or_mixed,1.0000,8,重庆市 | 成都市 | 成都市,merchant_supplier;region,,date_range=..
绩效与商家销售额汇总\01_绩效\非药商务绩效+热销价+商家进度统计_2026-07-01_sub_高运.xlsx,商业每月GMV,商业类型,text_or_mixed,0.8286,5,普通店 | 普通店 | 普通店,merchant_supplier,,date_range=..
绩效与商家销售额汇总\01_绩效\非药商务绩效+热销价+商家进度统计_2026-07-01_sub_高运.xlsx,商业每月GMV,商业开店日期,date_candidate,1.0000,32,20230112 | 20250407 | 20250414,merchant_supplier,,date_range=2023-01-12..2026-06-23
绩效与商家销售额汇总\01_绩效\非药商务绩效+热销价+商家进度统计_2026-07-01_sub_高运.xlsx,商业每月GMV,商业首单日期,date_candidate,1.0000,33,20230707 | 20250806 | 20250513,merchant_supplier,,date_range=2023-07-07..2026-06-27
绩效与商家销售额汇总\01_绩效\非药商务绩效+热销价+商家进度统计_2026-07-01_sub_高运.xlsx,商业每月GMV,状态,text_or_mixed,1.0000,2,有效 | 即将上架 | 有效,,,date_range=..
绩效与商家销售额汇总\01_绩效\非药商务绩效+热销价+商家进度统计_2026-07-01_sub_高运.xlsx,商业每月GMV,a202606,text_or_mixed,0.9714,34,1181 | 318981.91 | 49517.4,,,date_range=..
绩效与商家销售额汇总\01_绩效\非药商务绩效+热销价+商家进度统计_2026-07-01_sub_高运.xlsx,商业每月GMV,a202605,text_or_mixed,0.7714,27,300 | 288037.08 | 44724.04,,,date_range=..
绩效与商家销售额汇总\01_绩效\非药商务绩效+热销价+商家进度统计_2026-07-01_sub_高运.xlsx,商业每月GMV,a202604,text_or_mixed,0.6286,22,528 | 208811.94 | 43022.57,,,date_range=..
绩效与商家销售额汇总\01_绩效\非药商务绩效+热销价+商家进度统计_2026-07-01_sub_高运.xlsx,商业每月GMV,a202603,text_or_mixed,0.4857,17,2176 | 292587.04 | 40549.01,,,date_range=..
绩效与商家销售额汇总\01_绩效\非药商务绩效+热销价+商家进度统计_2026-07-01_sub_高运.xlsx,商业每月GMV,a202602,text_or_mixed,0.3714,13,1478 | 120386.2 | 37433.4,,,date_range=..
绩效与商家销售额汇总\01_绩效\非药商务绩效+热销价+商家进度统计_2026-07-01_sub_高运.xlsx,商业每月GMV,a202601,text_or_mixed,0.4000,14,664 | 753.97 | 106946.81,,,date_range=..
绩效与商家销售额汇总\01_绩效\非药商务绩效+热销价+商家进度统计_2026-07-01_sub_高运.xlsx,商业每月GMV,a202512,text_or_mixed,0.4000,13,984 | 812 | 52606,,,date_range=..
绩效与商家销售额汇总\01_绩效\非药商务绩效+热销价+商家进度统计_2026-07-01_sub_高运.xlsx,商业每月GMV,a202511,text_or_mixed,0.4000,12,210 | 3305.95 | 89642.26,,,date_range=..
绩效与商家销售额汇总\01_绩效\非药商务绩效+热销价+商家进度统计_2026-07-01_sub_高运.xlsx,商业每月GMV,a202510,text_or_mixed,0.4000,11,210 | 6072.6 | 39036.46,,,date_range=..
绩效与商家销售额汇总\01_绩效\非药商务绩效+热销价+商家进度统计_2026-07-01_sub_高运.xlsx,商业每月GMV,a202509,text_or_mixed,0.4000,10,64 | 1740 | 58450.55,,,date_range=..
绩效与商家销售额汇总\01_绩效\非药商务绩效+热销价+商家进度统计_2026-07-01_sub_高运.xlsx,商业每月GMV,a202508,text_or_mixed,0.4000,7,845 | 2950 | 126189.06,,,date_range=..
绩效与商家销售额汇总\01_绩效\非药商务绩效+热销价+商家进度统计_2026-07-01_sub_高运.xlsx,商业每月GMV,a202507,text_or_mixed,0.4000,6,1398 | 0 | 94487.05,,,date_range=..
绩效与商家销售额汇总\01_绩效\非药商务绩效+热销价+商家进度统计_2026-07-01_sub_高运.xlsx,商业每月GMV,a202506,text_or_mixed,0.4000,4,906 | 0 | 16273.3,,,date_range=..
绩效与商家销售额汇总\01_绩效\非药商务绩效+热销价+商家进度统计_2026-07-01_sub_高运.xlsx,商业每月GMV,a202505,text_or_mixed,0.4000,4,175 | 0 | 280.4,,,date_range=..
绩效与商家销售额汇总\01_绩效\非药商务绩效+热销价+商家进度统计_2026-07-01_sub_高运.xlsx,商业每月GMV,a202504,text_or_mixed,0.4000,3,745 | 0 | 0,,,date_range=..
绩效与商家销售额汇总\01_绩效\非药商务绩效+热销价+商家进度统计_2026-07-01_sub_高运.xlsx,商业每月GMV,a202503,text_or_mixed,0.4000,3,613 | 0 | 0,,,date_range=..
绩效与商家销售额汇总\01_绩效\非药商务绩效+热销价+商家进度统计_2026-07-01_sub_高运.xlsx,商业每月GMV,a202502,text_or_mixed,0.4000,3,1345 | 0 | 0,,,date_range=..
绩效与商家销售额汇总\01_绩效\非药商务绩效+热销价+商家进度统计_2026-07-01_sub_高运.xlsx,商业每月GMV,a202501,text_or_mixed,0.4000,3,2055 | 0 | 0,,,date_range=..
绩效与商家销售额汇总\01_绩效\非药商务绩效+热销价+商家进度统计_2026-07-01_sub_高运.xlsx,商业每月GMV,a202412,text_or_mixed,0.4000,3,175 | 0 | 0,,,date_range=..
绩效与商家销售额汇总\01_绩效\非药商务绩效+热销价+商家进度统计_2026-07-01_sub_高运.xlsx,商业每月GMV,a202411,text_or_mixed,0.4000,3,1763 | 0 | 0,,,date_range=..
绩效与商家销售额汇总\01_绩效\非药商务绩效+热销价+商家进度统计_2026-07-01_sub_高运.xlsx,商业每月GMV,a202410,text_or_mixed,0.4000,3,3198.8 | 0 | 0,,,date_range=..
绩效与商家销售额汇总\01_绩效\非药商务绩效+热销价+商家进度统计_2026-07-01_sub_高运.xlsx,商业每月GMV,a202409,text_or_mixed,0.4000,2,2267 | 0 | 0,,,date_range=..
绩效与商家销售额汇总\01_绩效\非药商务绩效+热销价+商家进度统计_2026-07-01_sub_高运.xlsx,商业每月GMV,a202408,text_or_mixed,0.4000,2,2305.9 | 0 | 0,,,date_range=..
绩效与商家销售额汇总\01_绩效\非药商务绩效+热销价+商家进度统计_2026-07-01_sub_高运.xlsx,商业每月GMV,a202407,text_or_mixed,0.4000,2,4457.9 | 0 | 0,,,date_range=..
绩效与商家销售额汇总\01_绩效\非药商务绩效+热销价+商家进度统计_2026-07-01_sub_高运.xlsx,商业每月GMV,a202406,text_or_mixed,0.4000,2,3969.42 | 0 | 0,,,date_range=..
绩效与商家销售额汇总\01_绩效\非药商务绩效+热销价+商家进度统计_2026-07-01_sub_高运.xlsx,商业每月GMV,a202405,text_or_mixed,0.4000,2,1632.9 | 0 | 0,,,date_range=..
绩效与商家销售额汇总\01_绩效\非药商务绩效+热销价+商家进度统计_2026-07-01_sub_高运.xlsx,商业每月GMV,a202404,text_or_mixed,0.4000,2,1848.9 | 0 | 0,,,date_range=..
绩效与商家销售额汇总\01_绩效\非药商务绩效+热销价+商家进度统计_2026-07-01_sub_高运.xlsx,商业每月GMV,a202403,text_or_mixed,0.4000,2,1900.9 | 0 | 0,,,date_range=..
绩效与商家销售额汇总\01_绩效\非药商务绩效+热销价+商家进度统计_2026-07-01_sub_高运.xlsx,商业每月GMV,a202402,text_or_mixed,0.4000,2,2435.34 | 0 | 0,,,date_range=..
绩效与商家销售额汇总\01_绩效\非药商务绩效+热销价+商家进度统计_2026-07-01_sub_高运.xlsx,商业每月GMV,a202401,text_or_mixed,0.4000,2,4624.75 | 0 | 0,,,date_range=..
绩效与商家销售额汇总\01_绩效\非药商务绩效+热销价+商家进度统计_2026-07-01_sub_高运.xlsx,商业每月GMV,a202312,text_or_mixed,0.4000,2,849.54 | 0 | 0,,,date_range=..
绩效与商家销售额汇总\01_绩效\非药商务绩效+热销价+商家进度统计_2026-07-01_sub_高运.xlsx,商业每月GMV,a202311,text_or_mixed,0.4000,2,977.58 | 0 | 0,,,date_range=..
绩效与商家销售额汇总\01_绩效\非药商务绩效+热销价+商家进度统计_2026-07-01_sub_高运.xlsx,商业每月GMV,a202310,text_or_mixed,0.4000,2,325.24 | 0 | 0,,,date_range=..
绩效与商家销售额汇总\01_绩效\非药商务绩效+热销价+商家进度统计_2026-07-01_sub_高运.xlsx,商业每月GMV,a202309,text_or_mixed,0.4000,2,314.95 | 0 | 0,,,date_range=..
绩效与商家销售额汇总\01_绩效\非药商务绩效+热销价+商家进度统计_2026-07-01_sub_高运.xlsx,商业每月GMV,a202308,text_or_mixed,0.4000,1,0 | 0 | 0,,,date_range=..
绩效与商家销售额汇总\01_绩效\非药商务绩效+热销价+商家进度统计_2026-07-01_sub_高运.xlsx,商业每月GMV,a202307,text_or_mixed,0.4000,2,100 | 0 | 0,,,date_range=..
绩效与商家销售额汇总\01_绩效\非药商务绩效+热销价+商家进度统计_2026-07-01_sub_高运.xlsx,商业每月GMV,a202306,text_or_mixed,0.4000,1,0 | 0 | 0,,,date_range=..
绩效与商家销售额汇总\01_绩效\非药商务绩效+热销价+商家进度统计_2026-07-01_sub_高运.xlsx,商业每月GMV,a202305,text_or_mixed,0.4000,1,0 | 0 | 0,,,date_range=..
绩效与商家销售额汇总\01_绩效\非药商务绩效+热销价+商家进度统计_2026-07-01_sub_高运.xlsx,商业每月GMV,a202304,text_or_mixed,0.4000,1,0 | 0 | 0,,,date_range=..
绩效与商家销售额汇总\01_绩效\非药商务绩效+热销价+商家进度统计_2026-07-01_sub_高运.xlsx,商业每月GMV,a202303,text_or_mixed,0.4000,1,0 | 0 | 0,,,date_range=..
绩效与商家销售额汇总\01_绩效\非药商务绩效+热销价+商家进度统计_2026-07-01_sub_高运.xlsx,商业每月GMV,a202302,text_or_mixed,0.4000,1,0 | 0 | 0,,,date_range=..
绩效与商家销售额汇总\01_绩效\非药商务绩效+热销价+商家进度统计_2026-07-01_sub_高运.xlsx,商业每月GMV,a202301,text_or_mixed,0.4000,1,0 | 0 | 0,,,date_range=..
绩效与商家销售额汇总\01_绩效\非药商务绩效+热销价+商家进度统计_2026-07-01_sub_高运.xlsx,商业每月GMV,商务对接人,text_or_mixed,1.0000,1,高运 | 高运 | 高运,operator,,date_range=..
绩效与商家销售额汇总\01_绩效\非药商务绩效+热销价+商家进度统计_2026-07-01_sub_高运.xlsx,商业每月GMV,简称,text_or_mixed,1.0000,35,子钦医疗 | 四川赤泉甘木生物科技 | 四川共创盛世商贸,,,date_range=..
绩效与商家销售额汇总\01_绩效\非药商务绩效+热销价+商家进度统计_2026-07-01_sub_高运.xlsx,商业每月GMV,运营名称,text_or_mixed,0.9143,1,高运 | 高运 | 高运,operator,,date_range=..
绩效与商家销售额汇总\01_绩效\非药商务绩效+热销价+商家进度统计_2026-07-01_sub_高运.xlsx,商业每月GMV,对应人,text_or_mixed,1.0000,1,高运 | 高运 | 高运,,,date_range=..
绩效与商家销售额汇总\01_绩效\非药商务绩效+热销价+商家进度统计_2026-07-01_sub_高运.xlsx,商业每月GMV,主店铺ID,text_or_mixed,1.0000,31,11628 | 21117 | 21206,,,date_range=..
绩效与商家销售额汇总\01_绩效\非药商务绩效+热销价+商家进度统计_2026-07-01_sub_高运.xlsx,商业每月GMV,合并统计店铺,text_or_mixed,1.0000,31,子钦医疗 | 四川赤泉甘木生物科技 | 四川共创盛世商贸,,,date_range=..
绩效与商家销售额汇总\01_绩效\非药商务绩效+热销价+商家进度统计_2026-07-01_sub_高运.xlsx,新开商业情况,供应商ID,text_or_mixed,1.0000,23,23871 | 24236 | 24287,merchant_supplier,,date_range=..
绩效与商家销售额汇总\01_绩效\非药商务绩效+热销价+商家进度统计_2026-07-01_sub_高运.xlsx,新开商业情况,简称,text_or_mixed,1.0000,23,好品惠 | 重庆即美购供应链管理 | 四川美恩堂医药,,,date_range=..
绩效与商家销售额汇总\01_绩效\非药商务绩效+热销价+商家进度统计_2026-07-01_sub_高运.xlsx,新开商业情况,供应商省份,text_or_mixed,1.0000,5,广东省 | 重庆市 | 四川省,merchant_supplier;region,,date_range=..
绩效与商家销售额汇总\01_绩效\非药商务绩效+热销价+商家进度统计_2026-07-01_sub_高运.xlsx,新开商业情况,状态,text_or_mixed,1.0000,1,有效 | 有效 | 有效,,,date_range=..
绩效与商家销售额汇总\01_绩效\非药商务绩效+热销价+商家进度统计_2026-07-01_sub_高运.xlsx,新开商业情况,商业保证金,text_or_mixed,1.0000,3,50000 | 100000 | 20000,merchant_supplier,,date_range=..
绩效与商家销售额汇总\01_绩效\非药商务绩效+热销价+商家进度统计_2026-07-01_sub_高运.xlsx,新开商业情况,实时在架sku数,text_or_mixed,1.0000,22,37 | 32 | 302,product,,date_range=..
绩效与商家销售额汇总\01_绩效\非药商务绩效+热销价+商家进度统计_2026-07-01_sub_高运.xlsx,新开商业情况,主店铺ID,text_or_mixed,1.0000,23,23871 | 24236 | 20204,,,date_range=..
绩效与商家销售额汇总\01_绩效\非药商务绩效+热销价+商家进度统计_2026-07-01_sub_高运.xlsx,新开商业情况,月份,date_candidate,1.0000,1,2026-06 | 2026-06 | 2026-06,,,date_range=2026-06-01..2026-06-01
绩效与商家销售额汇总\01_绩效\非药商务绩效+热销价+商家进度统计_2026-07-01_sub_高运.xlsx,新开商业情况,GMV,text_or_mixed,1.0000,23,1797.86 | 478.32 | 238603.63,,GMV,date_range=..
绩效与商家销售额汇总\01_绩效\非药商务绩效+热销价+商家进度统计_2026-07-01_sub_高运.xlsx,新开商业情况,之前月份的峰值,text_or_mixed,1.0000,17,9930.24 | 1496.82 | 409228.99,,,date_range=..
绩效与商家销售额汇总\01_绩效\非药商务绩效+热销价+商家进度统计_2026-07-01_sub_高运.xlsx,新开商业情况,在架天数5天以上sku数,text_or_mixed,1.0000,20,34 | 37 | 302,product,,date_range=..
绩效与商家销售额汇总\01_绩效\非药商务绩效+热销价+商家进度统计_2026-07-01_sub_高运.xlsx,新开商业情况,月份差,text_or_mixed,1.0000,6,4 | 2 | 3,,,date_range=..
绩效与商家销售额汇总\01_绩效\非药商务绩效+热销价+商家进度统计_2026-07-01_sub_高运.xlsx,新开商业情况,商务对接人,text_or_mixed,1.0000,1,高运 | 高运 | 高运,operator,,date_range=..
绩效与商家销售额汇总\01_绩效\非药商务绩效+热销价+商家进度统计_2026-07-01_sub_高运.xlsx,新开商业情况,动销店数,text_or_mixed,1.0000,21,8 | 7 | 262,,,date_range=..
绩效与商家销售额汇总\01_绩效\非药商务绩效+热销价+商家进度统计_2026-07-01_sub_高运.xlsx,新开商业情况,分店GMV,text_or_mixed,1.0000,23,1797.86 | 478.32 | 55992.96,,GMV,date_range=..
绩效与商家销售额汇总\01_绩效\非药商务绩效+热销价+商家进度统计_2026-07-01_sub_高运.xlsx,新开商业情况,新开有效,text_or_mixed,1.0000,2,无效 | 无效 | 无效,,,date_range=..
绩效与商家销售额汇总\01_绩效\非药商务绩效+热销价+商家进度统计_2026-07-01_sub_高运.xlsx,新开商业情况,一线品牌品类gmv,text_or_mixed,1.0000,19,895.54 | 0 | 179007.55,product,GMV,date_range=..
绩效与商家销售额汇总\01_绩效\非药商务绩效+热销价+商家进度统计_2026-07-01_sub_高运.xlsx,新开商业情况,非重点品gmv,text_or_mixed,1.0000,23,<PHONE_MASKED> | 478.32 | 59596.08000000002,,GMV,date_range=..
绩效与商家销售额汇总\01_绩效\非药商务绩效+热销价+商家进度统计_2026-07-01_sub_高运.xlsx,新开商业情况,之前月份的非重点品峰值,text_or_mixed,1.0000,16,1128.6 | 702.5 | <PHONE_MASKED>,,,date_range=..
绩效与商家销售额汇总\01_绩效\非药商务绩效+热销价+商家进度统计_2026-07-01_sub_高运.xlsx,新开商业情况,之前月份的重点品峰值,text_or_mixed,1.0000,14,8801.64 | 1264.06 | 373140.34,,,date_range=..
绩效与商家销售额汇总\01_绩效\非药商务绩效+热销价+商家进度统计_2026-07-01_sub_高运.xlsx,新开商业情况,非重点品增量gmv,text_or_mixed,1.0000,10,0 | 0 | 0,,GMV,date_range=..
绩效与商家销售额汇总\01_绩效\非药商务绩效+热销价+商家进度统计_2026-07-01_sub_高运.xlsx,新开商业情况,重点品增量gmv,text_or_mixed,1.0000,11,0 | 0 | 0,,GMV,date_range=..
绩效与商家销售额汇总\01_绩效\非药商务绩效+热销价+商家进度统计_2026-07-01_sub_高运.xlsx,新开商业情况,保证金水平,text_or_mixed,1.0000,3,50000 | 20000 | 20000,,,date_range=..
绩效与商家销售额汇总\01_绩效\非药商务绩效+热销价+商家进度统计_2026-07-01_sub_高运.xlsx,新开商业情况,有效计件,text_or_mixed,1.0000,3,0 | 0 | 0,,,date_range=..
绩效与商家销售额汇总\01_绩效\非药商务绩效+热销价+商家进度统计_2026-07-01_sub_高运.xlsx,新开商业情况,商业类型,text_or_mixed,1.0000,5,品牌店 | 特殊政策新店 | 分店,merchant_supplier,,date_range=..
绩效与商家销售额汇总\01_绩效\非药商务绩效+热销价+商家进度统计_2026-07-01_sub_高运.xlsx,新开商业情况,开店月份,date_candidate,1.0000,5,2026-01 | 2026-03 | 2026-03,,,date_range=2026-01-01..2026-06-01
绩效与商家销售额汇总\01_绩效\非药商务绩效+热销价+商家进度统计_2026-07-01_sub_高运.xlsx,新开商业情况,首单月份,date_candidate,1.0000,6,2026-02 | 2026-03 | 2026-03,,,date_range=2026-01-01..2026-06-01
绩效与商家销售额汇总\01_绩效\非药商务绩效+热销价+商家进度统计_2026-07-01_sub_高运.xlsx,新开商业情况,增量分享标记,text_or_mixed,1.0000,2,0 | 0 | 0,,,date_range=..
绩效与商家销售额汇总\01_绩效\非药商务绩效+热销价+商家进度统计_2026-07-01_sub_高运.xlsx,新开商业情况,当月是否5万,text_or_mixed,1.0000,2,0 | 0 | 1,,,date_range=..
绩效与商家销售额汇总\01_绩效\非药商务绩效+热销价+商家进度统计_2026-07-01_sub_高运.xlsx,新开商业情况,预估五万达成,text_or_mixed,1.0000,1,1 | 1 | 1,,,date_range=..
绩效与商家销售额汇总\01_绩效\非药商务绩效+热销价+商家进度统计_2026-07-01_sub_高运.xlsx,新开商业情况历史版,供应商ID,text_or_mixed,1.0000,30,22679 | 22862 | 22917,merchant_supplier,,date_range=..
绩效与商家销售额汇总\01_绩效\非药商务绩效+热销价+商家进度统计_2026-07-01_sub_高运.xlsx,新开商业情况历史版,商业开店日期,date_candidate,1.0000,27,20250829 | 20250918 | 20250925,merchant_supplier,,date_range=2025-08-29..2026-06-29
绩效与商家销售额汇总\01_绩效\非药商务绩效+热销价+商家进度统计_2026-07-01_sub_高运.xlsx,新开商业情况历史版,商业首单日期,date_candidate,1.0000,28,20250917.0 | 20251017.0 | 20250926.0,merchant_supplier,,date_range=2025-09-17..2026-06-27
绩效与商家销售额汇总\01_绩效\非药商务绩效+热销价+商家进度统计_2026-07-01_sub_高运.xlsx,新开商业情况历史版,供应商省份,text_or_mixed,1.0000,6,江西省 | 四川省 | 四川省,merchant_supplier;region,,date_range=..
绩效与商家销售额汇总\01_绩效\非药商务绩效+热销价+商家进度统计_2026-07-01_sub_高运.xlsx,新开商业情况历史版,状态,text_or_mixed,1.0000,2,有效 | 有效 | 有效,,,date_range=..
绩效与商家销售额汇总\01_绩效\非药商务绩效+热销价+商家进度统计_2026-07-01_sub_高运.xlsx,新开商业情况历史版,商业保证金,text_or_mixed,1.0000,3,100000 | 100000 | 100000,merchant_supplier,,date_range=..
绩效与商家销售额汇总\01_绩效\非药商务绩效+热销价+商家进度统计_2026-07-01_sub_高运.xlsx,新开商业情况历史版,保证金余额,text_or_mixed,1.0000,16,100000 | 99926.6 | 98798.52,,,date_range=..
绩效与商家销售额汇总\01_绩效\非药商务绩效+热销价+商家进度统计_2026-07-01_sub_高运.xlsx,新开商业情况历史版,business_scope,text_or_mixed,0.9950,26,"6,7,8,12,21 | 0,2,6,8,21,28 | 0,2,3,6,7,8",,,date_range=..
绩效与商家销售额汇总\01_绩效\非药商务绩效+热销价+商家进度统计_2026-07-01_sub_高运.xlsx,新开商业情况历史版,主营业务关键词,text_or_mixed,0.9950,26,"生活用品,外用,消毒用品,计生用品,化妆品 | 生活用品,医疗器械,保健品,消毒用品,食品,计生用品 | 生活用品,医疗器械,保健品,营养品,计生用品,化妆品",,,date_range=..
绩效与商家销售额汇总\01_绩效\非药商务绩效+热销价+商家进度统计_2026-07-01_sub_高运.xlsx,新开商业情况历史版,type_scope,text_or_mixed,0.0000,0,,,,date_range=..
绩效与商家销售额汇总\01_绩效\非药商务绩效+热销价+商家进度统计_2026-07-01_sub_高运.xlsx,新开商业情况历史版,busi_scope,text_or_mixed,1.0000,21,"10,11,12,9 | 19,16,12,11,10,9,8,6 | 19,16,12,11,10,9,8,6",,,date_range=..
绩效与商家销售额汇总\01_绩效\非药商务绩效+热销价+商家进度统计_2026-07-01_sub_高运.xlsx,新开商业情况历史版,分类经营范围,text_or_mixed,0.0000,0,,,,date_range=..
绩效与商家销售额汇总\01_绩效\非药商务绩效+热销价+商家进度统计_2026-07-01_sub_高运.xlsx,新开商业情况历史版,商品经营范围,text_or_mixed,1.0000,20,"医疗器械（一类）,日用品,化妆品,消毒产品 | 医疗器械（一类）,日用品,化妆品,消毒产品,保健食品,医疗器械（二类免备案... | 医疗器械（一类）,日用品,化妆品,消毒产品,保健食品,医疗器械（二类免备案...",product,,date_range=..
绩效与商家销售额汇总\01_绩效\非药商务绩效+热销价+商家进度统计_2026-07-01_sub_高运.xlsx,新开商业情况历史版,冻结状态,text_or_mixed,1.0000,2,0 | 0 | 0,,,date_range=..
绩效与商家销售额汇总\01_绩效\非药商务绩效+热销价+商家进度统计_2026-07-01_sub_高运.xlsx,新开商业情况历史版,实时在架sku数,text_or_mixed,1.0000,28,33 | 142 | 956,product,,date_range=..
绩效与商家销售额汇总\01_绩效\非药商务绩效+热销价+商家进度统计_2026-07-01_sub_高运.xlsx,新开商业情况历史版,主店铺ID,text_or_mixed,1.0000,28,22679 | 22862 | 22917,,,date_range=..
绩效与商家销售额汇总\01_绩效\非药商务绩效+热销价+商家进度统计_2026-07-01_sub_高运.xlsx,新开商业情况历史版,月份,date_candidate,0.9950,19,2026-06 | 2026-07 | 2026-07,,,date_range=2025-01-01..2026-07-01
绩效与商家销售额汇总\01_绩效\非药商务绩效+热销价+商家进度统计_2026-07-01_sub_高运.xlsx,新开商业情况历史版,GMV,text_or_mixed,0.9950,176,27112.36 | 47 | 154.5,,GMV,date_range=..
绩效与商家销售额汇总\01_绩效\非药商务绩效+热销价+商家进度统计_2026-07-01_sub_高运.xlsx,新开商业情况历史版,之前月份的峰值,text_or_mixed,0.9950,65,36585.54 | 476864.78 | 558654.71,,,date_range=..
绩效与商家销售额汇总\01_绩效\非药商务绩效+热销价+商家进度统计_2026-07-01_sub_高运.xlsx,新开商业情况历史版,增量gmv,text_or_mixed,1.0000,73,0 | 0 | 0,,GMV,date_range=..
绩效与商家销售额汇总\01_绩效\非药商务绩效+热销价+商家进度统计_2026-07-01_sub_高运.xlsx,新开商业情况历史版,在架天数5天以上sku数,text_or_mixed,0.4623,74,34 | 35 | 140,product,,date_range=..
绩效与商家销售额汇总\01_绩效\非药商务绩效+热销价+商家进度统计_2026-07-01_sub_高运.xlsx,新开商业情况历史版,日期_dt,date_candidate,0.9950,27,2025-09-17 00:00:00 | 2025-10-17 00:00:00 | 2025-09-26 00:00:00,,,date_range=2025-09-17..2026-06-27
绩效与商家销售额汇总\01_绩效\非药商务绩效+热销价+商家进度统计_2026-07-01_sub_高运.xlsx,新开商业情况历史版,参考月份_dt,date_candidate,0.9950,27,2025-10-17 00:00:00 | 2025-11-17 00:00:00 | 2025-10-26 00:00:00,,,date_range=2025-10-17..2026-07-27
绩效与商家销售额汇总\01_绩效\非药商务绩效+热销价+商家进度统计_2026-07-01_sub_高运.xlsx,新开商业情况历史版,月份_dt,date_candidate,0.9950,19,2026-06-01 00:00:00 | 2026-07-01 00:00:00 | 2026-07-01 00:00:00,,,date_range=2025-01-01..2026-07-01
绩效与商家销售额汇总\01_绩效\非药商务绩效+热销价+商家进度统计_2026-07-01_sub_高运.xlsx,新开商业情况历史版,月份差,text_or_mixed,0.9950,27,8 | 8 | 9,,,date_range=..
绩效与商家销售额汇总\01_绩效\非药商务绩效+热销价+商家进度统计_2026-07-01_sub_高运.xlsx,新开商业情况历史版,商务对接人,text_or_mixed,1.0000,1,高运 | 高运 | 高运,operator,,date_range=..
绩效与商家销售额汇总\01_绩效\非药商务绩效+热销价+商家进度统计_2026-07-01_sub_高运.xlsx,新开商业情况历史版,简称,text_or_mixed,1.0000,30,江西古戈尔商贸 | 四川众恩德科技 | 成都天蕊贸易,,,date_range=..
绩效与商家销售额汇总\01_绩效\非药商务绩效+热销价+商家进度统计_2026-07-01_sub_高运.xlsx,新开商业情况历史版,供应商证件全称,text_or_mixed,1.0000,30,江西古戈尔商贸有限公司 | 四川众恩德科技有限公司 | 成都天蕊贸易有限公司,merchant_supplier,,date_range=..
绩效与商家销售额汇总\01_绩效\非药商务绩效+热销价+商家进度统计_2026-07-01_sub_高运.xlsx,新开商业情况历史版,运营名称,text_or_mixed,0.9950,1,高运 | 高运 | 高运,operator,,date_range=..
绩效与商家销售额汇总\01_绩效\非药商务绩效+热销价+商家进度统计_2026-07-01_sub_高运.xlsx,新开商业情况历史版,一线品牌品类gmv,text_or_mixed,1.0000,136,0 | 0 | 0,product,GMV,date_range=..
绩效与商家销售额汇总\01_绩效\非药商务绩效+热销价+商家进度统计_2026-07-01_sub_高运.xlsx,新开商业情况历史版,动销店数,text_or_mixed,0.6030,100,322 | 1 | 2,,,date_range=..
绩效与商家销售额汇总\01_绩效\非药商务绩效+热销价+商家进度统计_2026-07-01_sub_高运.xlsx,新开商业情况历史版,分店GMV,text_or_mixed,0.6030,120,27112.36 | 47 | 154.5,,GMV,date_range=..
绩效与商家销售额汇总\01_绩效\非药商务绩效+热销价+商家进度统计_2026-07-01_sub_高运.xlsx,新开商业情况历史版,新开有效,text_or_mixed,1.0000,2,无效 | 无效 | 无效,,,date_range=..
绩效与商家销售额汇总\01_绩效\非药商务绩效+热销价+商家进度统计_2026-07-01_sub_高运.xlsx,新开商业情况历史版,非重点品gmv,text_or_mixed,0.9950,173,27112.36 | 47 | 154.5,,GMV,date_range=..
绩效与商家销售额汇总\01_绩效\非药商务绩效+热销价+商家进度统计_2026-07-01_sub_高运.xlsx,新开商业情况历史版,之前月份的非重点品峰值,text_or_mixed,1.0000,63,36585.54 | 40898.06 | 73409.32999999996,,,date_range=..
绩效与商家销售额汇总\01_绩效\非药商务绩效+热销价+商家进度统计_2026-07-01_sub_高运.xlsx,新开商业情况历史版,之前月份的重点品峰值,text_or_mixed,1.0000,47,0 | 442572.18 | 485245.38,,,date_range=..
绩效与商家销售额汇总\01_绩效\非药商务绩效+热销价+商家进度统计_2026-07-01_sub_高运.xlsx,新开商业情况历史版,非重点品增量gmv,text_or_mixed,1.0000,69,0 | 0 | 0,,GMV,date_range=..
绩效与商家销售额汇总\01_绩效\非药商务绩效+热销价+商家进度统计_2026-07-01_sub_高运.xlsx,新开商业情况历史版,重点品增量gmv,text_or_mixed,1.0000,54,0 | 0 | 0,,GMV,date_range=..
绩效与商家销售额汇总\01_绩效\非药商务绩效+热销价+商家进度统计_2026-07-01_sub_高运.xlsx,新开商业情况历史版,保证金水平,text_or_mixed,1.0000,4,100000 | 100000 | 100000,,,date_range=..
绩效与商家销售额汇总\01_绩效\非药商务绩效+热销价+商家进度统计_2026-07-01_sub_高运.xlsx,新开商业情况历史版,有效计件,text_or_mixed,1.0000,4,0 | 0 | 0,,,date_range=..
绩效与商家销售额汇总\01_绩效\非药商务绩效+热销价+商家进度统计_2026-07-01_sub_高运.xlsx,新开商业情况历史版,商业类型,text_or_mixed,1.0000,6,普通店 | 普通店 | 普通店,merchant_supplier,,date_range=..
绩效与商家销售额汇总\01_绩效\非药商务绩效+热销价+商家进度统计_2026-07-01_sub_高运.xlsx,新开商业情况历史版,开店月份,date_candidate,1.0000,9,2025-08 | 2025-09 | 2025-09,,,date_range=2025-08-01..2026-06-01
绩效与商家销售额汇总\01_绩效\非药商务绩效+热销价+商家进度统计_2026-07-01_sub_高运.xlsx,新开商业情况历史版,首单月份,date_candidate,1.0000,11,2025-09 | 2025-10 | 2025-09,,,date_range=2025-09-01..2026-06-01
绩效与商家销售额汇总\01_绩效\非药商务绩效+热销价+商家进度统计_2026-07-01_sub_高运.xlsx,新开商业情况历史版,增量分享标记,text_or_mixed,1.0000,2,0 | 0 | 0,,,date_range=..
绩效与商家销售额汇总\01_绩效\非药商务绩效+热销价+商家进度统计_2026-07-01_sub_高运.xlsx,新开商业情况历史版,当月是否5万,text_or_mixed,1.0000,2,0 | 0 | 0,,,date_range=..
绩效与商家销售额汇总\01_绩效\非药商务绩效+热销价+商家进度统计_2026-07-01_sub_高运.xlsx,新开商业情况历史版,日均gmv,text_or_mixed,0.6030,1,inf | inf | inf,,GMV,date_range=..
绩效与商家销售额汇总\01_绩效\非药商务绩效+热销价+商家进度统计_2026-07-01_sub_高运.xlsx,新开商业情况历史版,预估五万达成,text_or_mixed,1.0000,2,1 | 1 | 1,,,date_range=..
绩效与商家销售额汇总\01_绩效\非药商务绩效+热销价+商家进度统计_2026-07-01_sub_高运.xlsx,医疗器械经营店,药店ID,text_or_mixed,1.0000,1,3389366,purchasing_customer,,date_range=..
绩效与商家销售额汇总\01_绩效\非药商务绩效+热销价+商家进度统计_2026-07-01_sub_高运.xlsx,医疗器械经营店,省份,text_or_mixed,1.0000,1,重庆市,region,,date_range=..
绩效与商家销售额汇总\01_绩效\非药商务绩效+热销价+商家进度统计_2026-07-01_sub_高运.xlsx,医疗器械经营店,市区,text_or_mixed,1.0000,1,重庆市,region,,date_range=..
绩效与商家销售额汇总\01_绩效\非药商务绩效+热销价+商家进度统计_2026-07-01_sub_高运.xlsx,医疗器械经营店,full_name,text_or_mixed,1.0000,1,重庆康美迪贸易有限公司,,,date_range=..
绩效与商家销售额汇总\01_绩效\非药商务绩效+热销价+商家进度统计_2026-07-01_sub_高运.xlsx,医疗器械经营店,在药师帮注册日期,date_candidate,1.0000,1,2024-08-27 14:21:20,,,date_range=2024-08-27..2024-08-27
绩效与商家销售额汇总\01_绩效\非药商务绩效+热销价+商家进度统计_2026-07-01_sub_高运.xlsx,医疗器械经营店,启用日期,date_candidate,1.0000,1,2025-09-13 11:04:56,,,date_range=2025-09-13..2025-09-13
绩效与商家销售额汇总\01_绩效\非药商务绩效+热销价+商家进度统计_2026-07-01_sub_高运.xlsx,医疗器械经营店,药店首单日期,date_candidate,1.0000,1,2025-11-13 14:23:27,purchasing_customer,,date_range=2025-11-13..2025-11-13
绩效与商家销售额汇总\01_绩效\非药商务绩效+热销价+商家进度统计_2026-07-01_sub_高运.xlsx,医疗器械经营店,BD,text_or_mixed,1.0000,1,唐雯琦,operator,,date_range=..
绩效与商家销售额汇总\01_绩效\非药商务绩效+热销价+商家进度统计_2026-07-01_sub_高运.xlsx,医疗器械经营店,是否添加微信,text_or_mixed,1.0000,1,0,,,date_range=..
绩效与商家销售额汇总\01_绩效\非药商务绩效+热销价+商家进度统计_2026-07-01_sub_高运.xlsx,医疗器械经营店,药采购权限审核通过日期,date_candidate,1.0000,1,2025-09-13 11:04:56,,,date_range=2025-09-13..2025-09-13
绩效与商家销售额汇总\01_绩效\非药商务绩效+热销价+商家进度统计_2026-07-01_sub_高运.xlsx,医疗器械经营店,最近一次申请药采购权限时间,date_candidate,1.0000,1,2025-09-13 11:04:56,,,date_range=2025-09-13..2025-09-13
绩效与商家销售额汇总\01_绩效\非药商务绩效+热销价+商家进度统计_2026-07-01_sub_高运.xlsx,医疗器械经营店,商务对接人,text_or_mixed,1.0000,1,高运,operator,,date_range=..
绩效与商家销售额汇总\01_绩效\非药商务绩效+热销价+商家进度统计_2026-07-01_sub_高运.xlsx,医疗器械经营店,美团评级,text_or_mixed,1.0000,1,0,,,date_range=..
绩效与商家销售额汇总\01_绩效\非药商务绩效+热销价+商家进度统计_2026-07-01_sub_高运.xlsx,医疗器械经营店,负责人1,text_or_mixed,0.0000,0,,operator,,date_range=..
绩效与商家销售额汇总\01_绩效\非药商务绩效+热销价+商家进度统计_2026-07-01_sub_高运.xlsx,医疗器械经营店,负责人2,text_or_mixed,0.0000,0,,operator,,date_range=..
绩效与商家销售额汇总\01_绩效\非药商务绩效+热销价+商家进度统计_2026-07-01_sub_高运.xlsx,医疗器械经营店,商家组负责人,text_or_mixed,1.0000,1,nan,merchant_supplier;operator,,date_range=..
绩效与商家销售额汇总\01_绩效\非药商务绩效+热销价+商家进度统计_2026-07-01_sub_高运.xlsx,医疗器械经营店,线索提供人*,text_or_mixed,1.0000,1,nan,,,date_range=..
绩效与商家销售额汇总\01_绩效\非药商务绩效+热销价+商家进度统计_2026-07-01_sub_高运.xlsx,医疗器械经营店,激励,text_or_mixed,1.0000,1,nan,,,date_range=..
绩效与商家销售额汇总\01_绩效\非药商务绩效+热销价+商家进度统计_2026-07-01_sub_高运.xlsx,医疗器械经营店,BD线索,text_or_mixed,1.0000,1,nan,operator,,date_range=..
绩效与商家销售额汇总\01_绩效\非药商务绩效+热销价+商家进度统计_2026-07-01_sub_高运.xlsx,医疗器械经营店,a202601,text_or_mixed,1.0000,1,0,,,date_range=..
绩效与商家销售额汇总\01_绩效\非药商务绩效+热销价+商家进度统计_2026-07-01_sub_高运.xlsx,医疗器械经营店,a202602,text_or_mixed,1.0000,1,0,,,date_range=..
绩效与商家销售额汇总\01_绩效\非药商务绩效+热销价+商家进度统计_2026-07-01_sub_高运.xlsx,医疗器械经营店,a202603,text_or_mixed,1.0000,1,0,,,date_range=..
绩效与商家销售额汇总\01_绩效\非药商务绩效+热销价+商家进度统计_2026-07-01_sub_高运.xlsx,医疗器械经营店,a202604,text_or_mixed,1.0000,1,0,,,date_range=..
绩效与商家销售额汇总\01_绩效\非药商务绩效+热销价+商家进度统计_2026-07-01_sub_高运.xlsx,医疗器械经营店,a202605,text_or_mixed,1.0000,1,0,,,date_range=..
绩效与商家销售额汇总\01_绩效\非药商务绩效+热销价+商家进度统计_2026-07-01_sub_高运.xlsx,医疗器械经营店,a202606,text_or_mixed,1.0000,1,0,,,date_range=..
绩效与商家销售额汇总\01_绩效\非药商务绩效+热销价+商家进度统计_2026-07-01_sub_高运.xlsx,医疗器械经营店,新开标签,text_or_mixed,0.0000,0,,,,date_range=..
绩效与商家销售额汇总\01_绩效\非药商务绩效+热销价+商家进度统计_2026-07-01_sub_高运.xlsx,新开商业补充保证金情况,供应商ID,text_or_mixed,1.0000,1,24447,merchant_supplier,,date_range=..
绩效与商家销售额汇总\01_绩效\非药商务绩效+热销价+商家进度统计_2026-07-01_sub_高运.xlsx,新开商业补充保证金情况,月份,date_candidate,1.0000,1,2026-04,,,date_range=2026-04-01..2026-04-01
绩效与商家销售额汇总\01_绩效\非药商务绩效+热销价+商家进度统计_2026-07-01_sub_高运.xlsx,新开商业补充保证金情况,简称,text_or_mixed,1.0000,1,成都德善堂生物科技,,,date_range=..
绩效与商家销售额汇总\01_绩效\非药商务绩效+热销价+商家进度统计_2026-07-01_sub_高运.xlsx,新开商业补充保证金情况,状态,text_or_mixed,1.0000,1,有效,,,date_range=..
绩效与商家销售额汇总\01_绩效\非药商务绩效+热销价+商家进度统计_2026-07-01_sub_高运.xlsx,新开商业补充保证金情况,商务对接人,text_or_mixed,1.0000,1,高运,operator,,date_range=..
绩效与商家销售额汇总\01_绩效\非药商务绩效+热销价+商家进度统计_2026-07-01_sub_高运.xlsx,新开商业补充保证金情况,最新保证金水平,text_or_mixed,1.0000,1,100000,,,date_range=..
绩效与商家销售额汇总\01_绩效\非药商务绩效+热销价+商家进度统计_2026-07-01_sub_高运.xlsx,新开商业补充保证金情况,过去保证金水平,text_or_mixed,1.0000,1,10000,,,date_range=..
绩效与商家销售额汇总\01_绩效\非药商务绩效+热销价+商家进度统计_2026-07-01_sub_高运.xlsx,新开商业补充保证金情况,过去有效计件,text_or_mixed,1.0000,1,0.2,,,date_range=..
绩效与商家销售额汇总\01_绩效\非药商务绩效+热销价+商家进度统计_2026-07-01_sub_高运.xlsx,新开商业补充保证金情况,补充新开系数,text_or_mixed,1.0000,1,0,,,date_range=..
绩效与商家销售额汇总\01_绩效\非药商务绩效+热销价+商家进度统计_2026-07-01_sub_高运.xlsx,新开商业补充保证金情况,最新当月有效计件,text_or_mixed,1.0000,1,0,,,date_range=..
绩效与商家销售额汇总\01_绩效\非药商务绩效+热销价+商家进度统计_2026-07-03_sub_高运.xlsx,总体目标,月份,date_candidate,1.0000,7,2026-03 | 2026-06 | 2026-02,,,date_range=2026-01-01..2026-07-01
绩效与商家销售额汇总\01_绩效\非药商务绩效+热销价+商家进度统计_2026-07-03_sub_高运.xlsx,总体目标,商务对接人,text_or_mixed,1.0000,1,高运 | 高运 | 高运,operator,,date_range=..
绩效与商家销售额汇总\01_绩效\非药商务绩效+热销价+商家进度统计_2026-07-03_sub_高运.xlsx,总体目标,非重点品增量gmv,text_or_mixed,1.0000,7,16811.79 | 20443.19 | 12712.09999999995,,GMV,date_range=..
绩效与商家销售额汇总\01_绩效\非药商务绩效+热销价+商家进度统计_2026-07-03_sub_高运.xlsx,总体目标,重点品增量gmv,text_or_mixed,1.0000,7,146674.96 | 371473.53 | 49572.48,,GMV,date_range=..
绩效与商家销售额汇总\01_绩效\非药商务绩效+热销价+商家进度统计_2026-07-03_sub_高运.xlsx,总体目标,新开6个月内5万商家数,text_or_mixed,0.8571,4,5 | 7 | 4,merchant_supplier,,date_range=..
绩效与商家销售额汇总\01_绩效\非药商务绩效+热销价+商家进度统计_2026-07-03_sub_高运.xlsx,总体目标,开店商业数,text_or_mixed,0.7143,5,7 | 6 | 5,merchant_supplier,,date_range=..
绩效与商家销售额汇总\01_绩效\非药商务绩效+热销价+商家进度统计_2026-07-03_sub_高运.xlsx,总体目标,首单商业数,text_or_mixed,0.8571,4,4 | 7 | 1,merchant_supplier,,date_range=..
绩效与商家销售额汇总\01_绩效\非药商务绩效+热销价+商家进度统计_2026-07-03_sub_高运.xlsx,总体目标,品牌店开店商业数,text_or_mixed,0.4286,1,1 | 1 | 1,merchant_supplier;product,,date_range=..
绩效与商家销售额汇总\01_绩效\非药商务绩效+热销价+商家进度统计_2026-07-03_sub_高运.xlsx,总体目标,有效新开数,text_or_mixed,1.0000,5,0.6000000000000001 | 4.4 | 1.2,,,date_range=..
绩效与商家销售额汇总\01_绩效\非药商务绩效+热销价+商家进度统计_2026-07-03_sub_高运.xlsx,总体目标,当月订单数,text_or_mixed,1.0000,7,13028 | 18602 | 9071,,订单,date_range=..
绩效与商家销售额汇总\01_绩效\非药商务绩效+热销价+商家进度统计_2026-07-03_sub_高运.xlsx,总体目标,当月商家原因售后订单数,text_or_mixed,1.0000,7,190 | 401 | 149,merchant_supplier,订单,date_range=..
绩效与商家销售额汇总\01_绩效\非药商务绩效+热销价+商家进度统计_2026-07-03_sub_高运.xlsx,总体目标,上月订单数,text_or_mixed,1.0000,7,9071 | 15661 | 9006,,订单,date_range=..
绩效与商家销售额汇总\01_绩效\非药商务绩效+热销价+商家进度统计_2026-07-03_sub_高运.xlsx,总体目标,上月商家原因售后订单数,text_or_mixed,1.0000,7,149 | 342 | 115,merchant_supplier,订单,date_range=..
绩效与商家销售额汇总\01_绩效\非药商务绩效+热销价+商家进度统计_2026-07-03_sub_高运.xlsx,总体目标,当月商家原因售后订单率,text_or_mixed,1.0000,7,<PHONE_MASKED> | <PHONE_MASKED> | <PHONE_MASKED>,merchant_supplier,订单,date_range=..
绩效与商家销售额汇总\01_绩效\非药商务绩效+热销价+商家进度统计_2026-07-03_sub_高运.xlsx,总体目标,上月商家原因售后订单率,text_or_mixed,1.0000,7,<PHONE_MASKED> | <PHONE_MASKED> | <PHONE_MASKED>,merchant_supplier,订单,date_range=..
绩效与商家销售额汇总\01_绩效\非药商务绩效+热销价+商家进度统计_2026-07-03_sub_高运.xlsx,总体目标,当月商家原因售后订单率环比,text_or_mixed,1.0000,7,<PHONE_MASKED> | <PHONE_MASKED> | 0.2863679283718299,merchant_supplier,订单,date_range=..
绩效与商家销售额汇总\01_绩效\非药商务绩效+热销价+商家进度统计_2026-07-03_sub_高运.xlsx,总体目标,售后备注,text_or_mixed,1.0000,2,无事发生 | 无事发生 | 绩效扣除10%,,,date_range=..
绩效与商家销售额汇总\01_绩效\非药商务绩效+热销价+商家进度统计_2026-07-03_sub_高运.xlsx,总体目标,补充新开系数,text_or_mixed,1.0000,1,0 | 0 | 0,,,date_range=..
绩效与商家销售额汇总\01_绩效\非药商务绩效+热销价+商家进度统计_2026-07-03_sub_高运.xlsx,总体目标,新开系数,text_or_mixed,1.0000,5,0.6 | 4.4 | 1.2,,,date_range=..
绩效与商家销售额汇总\01_绩效\非药商务绩效+热销价+商家进度统计_2026-07-03_sub_高运.xlsx,总体目标,对应每家计件奖金,text_or_mixed,1.0000,2,0 | 300 | 0,,,date_range=..
绩效与商家销售额汇总\01_绩效\非药商务绩效+热销价+商家进度统计_2026-07-03_sub_高运.xlsx,总体目标,破峰提成系数,text_or_mixed,1.0000,2,0 | 0.5 | 0,,,date_range=..
绩效与商家销售额汇总\01_绩效\非药商务绩效+热销价+商家进度统计_2026-07-03_sub_高运.xlsx,商业售后情况统计,月份,date_candidate,1.0000,20,202509 | 202412 | 202504,,,date_range=2024-12-01..2026-07-01
绩效与商家销售额汇总\01_绩效\非药商务绩效+热销价+商家进度统计_2026-07-03_sub_高运.xlsx,商业售后情况统计,商务对接人1,text_or_mixed,1.0000,1,高运 | 高运 | 高运,operator,,date_range=..
绩效与商家销售额汇总\01_绩效\非药商务绩效+热销价+商家进度统计_2026-07-03_sub_高运.xlsx,商业售后情况统计,当月订单数,text_or_mixed,1.0000,20,1268 | 596 | 398,,订单,date_range=..
绩效与商家销售额汇总\01_绩效\非药商务绩效+热销价+商家进度统计_2026-07-03_sub_高运.xlsx,商业售后情况统计,当月商家原因售后订单数,text_or_mixed,1.0000,20,28 | 26 | 32,merchant_supplier,订单,date_range=..
绩效与商家销售额汇总\01_绩效\非药商务绩效+热销价+商家进度统计_2026-07-03_sub_高运.xlsx,商业售后情况统计,上月订单数,text_or_mixed,1.0000,20,1275 | 0 | 324,,订单,date_range=..
绩效与商家销售额汇总\01_绩效\非药商务绩效+热销价+商家进度统计_2026-07-03_sub_高运.xlsx,商业售后情况统计,上月商家原因售后订单数,text_or_mixed,1.0000,20,23 | 0 | 19,merchant_supplier,订单,date_range=..
绩效与商家销售额汇总\01_绩效\非药商务绩效+热销价+商家进度统计_2026-07-03_sub_高运.xlsx,商业售后情况统计,当月商家原因售后订单率,text_or_mixed,1.0000,20,0.0220820189274448 | 0.0436241610738255 | 0.08040201005025126,merchant_supplier,订单,date_range=..
绩效与商家销售额汇总\01_绩效\非药商务绩效+热销价+商家进度统计_2026-07-03_sub_高运.xlsx,商业售后情况统计,上月商家原因售后订单率,text_or_mixed,0.9500,19,<PHONE_MASKED> | <PHONE_MASKED> | <PHONE_MASKED>,merchant_supplier,订单,date_range=..
绩效与商家销售额汇总\01_绩效\非药商务绩效+热销价+商家进度统计_2026-07-03_sub_高运.xlsx,商业售后情况,月份,date_candidate,1.0000,20,202511 | 202512 | 202512,,,date_range=2024-12-01..2026-07-01
绩效与商家销售额汇总\01_绩效\非药商务绩效+热销价+商家进度统计_2026-07-03_sub_高运.xlsx,商业售后情况,供应商ID,text_or_mixed,1.0000,35,22033 | 22033 | 21117,merchant_supplier,,date_range=..
绩效与商家销售额汇总\01_绩效\非药商务绩效+热销价+商家进度统计_2026-07-03_sub_高运.xlsx,商业售后情况,供应商名称,text_or_mixed,1.0000,35,重庆铃宇消费品供应链 | 重庆铃宇消费品供应链 | 四川赤泉甘木生物科技,merchant_supplier,,date_range=..
绩效与商家销售额汇总\01_绩效\非药商务绩效+热销价+商家进度统计_2026-07-03_sub_高运.xlsx,商业售后情况,商业开店日期,date_candidate,1.0000,32,20250627 | 20250627 | 20250407,merchant_supplier,,date_range=2023-01-12..2026-06-23
绩效与商家销售额汇总\01_绩效\非药商务绩效+热销价+商家进度统计_2026-07-03_sub_高运.xlsx,商业售后情况,当月订单数,text_or_mixed,1.0000,166,52 | 25 | 6,,订单,date_range=..
绩效与商家销售额汇总\01_绩效\非药商务绩效+热销价+商家进度统计_2026-07-03_sub_高运.xlsx,商业售后情况,上月订单数,text_or_mixed,1.0000,155,16 | 52 | 21,,订单,date_range=..
绩效与商家销售额汇总\01_绩效\非药商务绩效+热销价+商家进度统计_2026-07-03_sub_高运.xlsx,商业售后情况,当月售后订单数,text_or_mixed,1.0000,62,2 | 1 | 0,,订单,date_range=..
绩效与商家销售额汇总\01_绩效\非药商务绩效+热销价+商家进度统计_2026-07-03_sub_高运.xlsx,商业售后情况,上月售后订单数,text_or_mixed,1.0000,62,2 | 2 | 0,,订单,date_range=..
绩效与商家销售额汇总\01_绩效\非药商务绩效+热销价+商家进度统计_2026-07-03_sub_高运.xlsx,商业售后情况,当月商家原因售后订单数,text_or_mixed,1.0000,42,0 | 1 | 0,merchant_supplier,订单,date_range=..
绩效与商家销售额汇总\01_绩效\非药商务绩效+热销价+商家进度统计_2026-07-03_sub_高运.xlsx,商业售后情况,上月商家原因售后订单数,text_or_mixed,1.0000,42,2 | 0 | 0,merchant_supplier,订单,date_range=..
绩效与商家销售额汇总\01_绩效\非药商务绩效+热销价+商家进度统计_2026-07-03_sub_高运.xlsx,商业售后情况,商务对接人,text_or_mixed,1.0000,1,高运 | 高运 | 高运,operator,,date_range=..
绩效与商家销售额汇总\01_绩效\非药商务绩效+热销价+商家进度统计_2026-07-03_sub_高运.xlsx,商业售后情况,供应商省份,text_or_mixed,1.0000,6,四川省 | 四川省 | 四川省,merchant_supplier;region,,date_range=..
绩效与商家销售额汇总\01_绩效\非药商务绩效+热销价+商家进度统计_2026-07-03_sub_高运.xlsx,商业售后情况,运营名称,text_or_mixed,0.7600,1,高运 | 高运 | 高运,operator,,date_range=..
绩效与商家销售额汇总\01_绩效\非药商务绩效+热销价+商家进度统计_2026-07-03_sub_高运.xlsx,商业售后情况,对应人,text_or_mixed,1.0000,1,高运 | 高运 | 高运,,,date_range=..
绩效与商家销售额汇总\01_绩效\非药商务绩效+热销价+商家进度统计_2026-07-03_sub_高运.xlsx,商业售后情况,当月商家原因售后订单率,text_or_mixed,1.0000,138,0 | 0.04 | 0,merchant_supplier,订单,date_range=..
绩效与商家销售额汇总\01_绩效\非药商务绩效+热销价+商家进度统计_2026-07-03_sub_高运.xlsx,商业售后情况,上月商家原因售后订单率,text_or_mixed,1.0000,135,0.125 | 0 | 0,merchant_supplier,订单,date_range=..
绩效与商家销售额汇总\01_绩效\非药商务绩效+热销价+商家进度统计_2026-07-03_sub_高运.xlsx,商业售后情况,商家原因售后订单率环比,text_or_mixed,1.0000,111,-1 | 0 | 0,merchant_supplier,订单,date_range=..
绩效与商家销售额汇总\01_绩效\非药商务绩效+热销价+商家进度统计_2026-07-03_sub_高运.xlsx,商业每月GMV,供应商ID,text_or_mixed,1.0000,35,11628 | 21117 | 21206,merchant_supplier,,date_range=..
绩效与商家销售额汇总\01_绩效\非药商务绩效+热销价+商家进度统计_2026-07-03_sub_高运.xlsx,商业每月GMV,供应商名称,text_or_mixed,1.0000,35,子钦医疗 | 四川赤泉甘木生物科技 | 四川共创盛世商贸,merchant_supplier,,date_range=..
绩效与商家销售额汇总\01_绩效\非药商务绩效+热销价+商家进度统计_2026-07-03_sub_高运.xlsx,商业每月GMV,供应商证件名称,text_or_mixed,1.0000,35,子钦医疗器械（重庆）股份有限公司 | 四川赤泉甘木生物科技有限公司 | 四川共创盛世商贸有限公司,merchant_supplier,,date_range=..
绩效与商家销售额汇总\01_绩效\非药商务绩效+热销价+商家进度统计_2026-07-03_sub_高运.xlsx,商业每月GMV,供应商省份,text_or_mixed,1.0000,6,重庆市 | 四川省 | 四川省,merchant_supplier;region,,date_range=..
绩效与商家销售额汇总\01_绩效\非药商务绩效+热销价+商家进度统计_2026-07-03_sub_高运.xlsx,商业每月GMV,供应商城市,text_or_mixed,1.0000,8,重庆市 | 成都市 | 成都市,merchant_supplier;region,,date_range=..
绩效与商家销售额汇总\01_绩效\非药商务绩效+热销价+商家进度统计_2026-07-03_sub_高运.xlsx,商业每月GMV,商业类型,text_or_mixed,0.8286,5,普通店 | 普通店 | 普通店,merchant_supplier,,date_range=..
绩效与商家销售额汇总\01_绩效\非药商务绩效+热销价+商家进度统计_2026-07-03_sub_高运.xlsx,商业每月GMV,商业开店日期,date_candidate,1.0000,32,20230112 | 20250407 | 20250414,merchant_supplier,,date_range=2023-01-12..2026-06-23
绩效与商家销售额汇总\01_绩效\非药商务绩效+热销价+商家进度统计_2026-07-03_sub_高运.xlsx,商业每月GMV,商业首单日期,date_candidate,1.0000,33,20230707 | 20250806 | 20250513,merchant_supplier,,date_range=2023-07-07..2026-06-27
绩效与商家销售额汇总\01_绩效\非药商务绩效+热销价+商家进度统计_2026-07-03_sub_高运.xlsx,商业每月GMV,状态,text_or_mixed,1.0000,2,有效 | 即将上架 | 即将上架,,,date_range=..
绩效与商家销售额汇总\01_绩效\非药商务绩效+热销价+商家进度统计_2026-07-03_sub_高运.xlsx,商业每月GMV,a202606,text_or_mixed,0.9714,34,1181 | 318102.65 | 49476.43,,,date_range=..
绩效与商家销售额汇总\01_绩效\非药商务绩效+热销价+商家进度统计_2026-07-03_sub_高运.xlsx,商业每月GMV,a202605,text_or_mixed,0.7714,27,300 | 288037.08 | 44724.04,,,date_range=..
绩效与商家销售额汇总\01_绩效\非药商务绩效+热销价+商家进度统计_2026-07-03_sub_高运.xlsx,商业每月GMV,a202604,text_or_mixed,0.6286,22,528 | 208811.94 | 43022.57,,,date_range=..
绩效与商家销售额汇总\01_绩效\非药商务绩效+热销价+商家进度统计_2026-07-03_sub_高运.xlsx,商业每月GMV,a202603,text_or_mixed,0.4857,17,2176 | 292587.04 | 40549.01,,,date_range=..
绩效与商家销售额汇总\01_绩效\非药商务绩效+热销价+商家进度统计_2026-07-03_sub_高运.xlsx,商业每月GMV,a202602,text_or_mixed,0.3714,13,1478 | 120386.2 | 37433.4,,,date_range=..
绩效与商家销售额汇总\01_绩效\非药商务绩效+热销价+商家进度统计_2026-07-03_sub_高运.xlsx,商业每月GMV,a202601,text_or_mixed,0.4000,14,664 | 753.97 | 106946.81,,,date_range=..
绩效与商家销售额汇总\01_绩效\非药商务绩效+热销价+商家进度统计_2026-07-03_sub_高运.xlsx,商业每月GMV,a202512,text_or_mixed,0.4000,13,984 | 812 | 52606,,,date_range=..
绩效与商家销售额汇总\01_绩效\非药商务绩效+热销价+商家进度统计_2026-07-03_sub_高运.xlsx,商业每月GMV,a202511,text_or_mixed,0.4000,12,210 | 3305.95 | 89642.26,,,date_range=..
绩效与商家销售额汇总\01_绩效\非药商务绩效+热销价+商家进度统计_2026-07-03_sub_高运.xlsx,商业每月GMV,a202510,text_or_mixed,0.4000,11,210 | 6072.6 | 39036.46,,,date_range=..
绩效与商家销售额汇总\01_绩效\非药商务绩效+热销价+商家进度统计_2026-07-03_sub_高运.xlsx,商业每月GMV,a202509,text_or_mixed,0.4000,10,64 | 1740 | 58450.55,,,date_range=..
绩效与商家销售额汇总\01_绩效\非药商务绩效+热销价+商家进度统计_2026-07-03_sub_高运.xlsx,商业每月GMV,a202508,text_or_mixed,0.4000,7,845 | 2950 | 126189.06,,,date_range=..
绩效与商家销售额汇总\01_绩效\非药商务绩效+热销价+商家进度统计_2026-07-03_sub_高运.xlsx,商业每月GMV,a202507,text_or_mixed,0.4000,6,1398 | 0 | 94487.05,,,date_range=..
绩效与商家销售额汇总\01_绩效\非药商务绩效+热销价+商家进度统计_2026-07-03_sub_高运.xlsx,商业每月GMV,a202506,text_or_mixed,0.4000,4,906 | 0 | 16273.3,,,date_range=..
绩效与商家销售额汇总\01_绩效\非药商务绩效+热销价+商家进度统计_2026-07-03_sub_高运.xlsx,商业每月GMV,a202505,text_or_mixed,0.4000,4,175 | 0 | 280.4,,,date_range=..
绩效与商家销售额汇总\01_绩效\非药商务绩效+热销价+商家进度统计_2026-07-03_sub_高运.xlsx,商业每月GMV,a202504,text_or_mixed,0.4000,3,745 | 0 | 0,,,date_range=..
绩效与商家销售额汇总\01_绩效\非药商务绩效+热销价+商家进度统计_2026-07-03_sub_高运.xlsx,商业每月GMV,a202503,text_or_mixed,0.4000,3,613 | 0 | 0,,,date_range=..
绩效与商家销售额汇总\01_绩效\非药商务绩效+热销价+商家进度统计_2026-07-03_sub_高运.xlsx,商业每月GMV,a202502,text_or_mixed,0.4000,3,1345 | 0 | 0,,,date_range=..
绩效与商家销售额汇总\01_绩效\非药商务绩效+热销价+商家进度统计_2026-07-03_sub_高运.xlsx,商业每月GMV,a202501,text_or_mixed,0.4000,3,2055 | 0 | 0,,,date_range=..
绩效与商家销售额汇总\01_绩效\非药商务绩效+热销价+商家进度统计_2026-07-03_sub_高运.xlsx,商业每月GMV,a202412,text_or_mixed,0.4000,3,175 | 0 | 0,,,date_range=..
绩效与商家销售额汇总\01_绩效\非药商务绩效+热销价+商家进度统计_2026-07-03_sub_高运.xlsx,商业每月GMV,a202411,text_or_mixed,0.4000,3,1763 | 0 | 0,,,date_range=..
绩效与商家销售额汇总\01_绩效\非药商务绩效+热销价+商家进度统计_2026-07-03_sub_高运.xlsx,商业每月GMV,a202410,text_or_mixed,0.4000,3,3198.8 | 0 | 0,,,date_range=..
绩效与商家销售额汇总\01_绩效\非药商务绩效+热销价+商家进度统计_2026-07-03_sub_高运.xlsx,商业每月GMV,a202409,text_or_mixed,0.4000,2,2267 | 0 | 0,,,date_range=..
绩效与商家销售额汇总\01_绩效\非药商务绩效+热销价+商家进度统计_2026-07-03_sub_高运.xlsx,商业每月GMV,a202408,text_or_mixed,0.4000,2,2305.9 | 0 | 0,,,date_range=..
绩效与商家销售额汇总\01_绩效\非药商务绩效+热销价+商家进度统计_2026-07-03_sub_高运.xlsx,商业每月GMV,a202407,text_or_mixed,0.4000,2,4457.9 | 0 | 0,,,date_range=..
绩效与商家销售额汇总\01_绩效\非药商务绩效+热销价+商家进度统计_2026-07-03_sub_高运.xlsx,商业每月GMV,a202406,text_or_mixed,0.4000,2,3969.42 | 0 | 0,,,date_range=..
绩效与商家销售额汇总\01_绩效\非药商务绩效+热销价+商家进度统计_2026-07-03_sub_高运.xlsx,商业每月GMV,a202405,text_or_mixed,0.4000,2,1632.9 | 0 | 0,,,date_range=..
绩效与商家销售额汇总\01_绩效\非药商务绩效+热销价+商家进度统计_2026-07-03_sub_高运.xlsx,商业每月GMV,a202404,text_or_mixed,0.4000,2,1848.9 | 0 | 0,,,date_range=..
绩效与商家销售额汇总\01_绩效\非药商务绩效+热销价+商家进度统计_2026-07-03_sub_高运.xlsx,商业每月GMV,a202403,text_or_mixed,0.4000,2,1900.9 | 0 | 0,,,date_range=..
绩效与商家销售额汇总\01_绩效\非药商务绩效+热销价+商家进度统计_2026-07-03_sub_高运.xlsx,商业每月GMV,a202402,text_or_mixed,0.4000,2,2435.34 | 0 | 0,,,date_range=..
绩效与商家销售额汇总\01_绩效\非药商务绩效+热销价+商家进度统计_2026-07-03_sub_高运.xlsx,商业每月GMV,a202401,text_or_mixed,0.4000,2,4624.75 | 0 | 0,,,date_range=..
绩效与商家销售额汇总\01_绩效\非药商务绩效+热销价+商家进度统计_2026-07-03_sub_高运.xlsx,商业每月GMV,a202312,text_or_mixed,0.4000,2,849.54 | 0 | 0,,,date_range=..
绩效与商家销售额汇总\01_绩效\非药商务绩效+热销价+商家进度统计_2026-07-03_sub_高运.xlsx,商业每月GMV,a202311,text_or_mixed,0.4000,2,977.58 | 0 | 0,,,date_range=..
绩效与商家销售额汇总\01_绩效\非药商务绩效+热销价+商家进度统计_2026-07-03_sub_高运.xlsx,商业每月GMV,a202310,text_or_mixed,0.4000,2,325.24 | 0 | 0,,,date_range=..
绩效与商家销售额汇总\01_绩效\非药商务绩效+热销价+商家进度统计_2026-07-03_sub_高运.xlsx,商业每月GMV,a202309,text_or_mixed,0.4000,2,314.95 | 0 | 0,,,date_range=..
绩效与商家销售额汇总\01_绩效\非药商务绩效+热销价+商家进度统计_2026-07-03_sub_高运.xlsx,商业每月GMV,a202308,text_or_mixed,0.4000,1,0 | 0 | 0,,,date_range=..
绩效与商家销售额汇总\01_绩效\非药商务绩效+热销价+商家进度统计_2026-07-03_sub_高运.xlsx,商业每月GMV,a202307,text_or_mixed,0.4000,2,100 | 0 | 0,,,date_range=..
绩效与商家销售额汇总\01_绩效\非药商务绩效+热销价+商家进度统计_2026-07-03_sub_高运.xlsx,商业每月GMV,a202306,text_or_mixed,0.4000,1,0 | 0 | 0,,,date_range=..
绩效与商家销售额汇总\01_绩效\非药商务绩效+热销价+商家进度统计_2026-07-03_sub_高运.xlsx,商业每月GMV,a202305,text_or_mixed,0.4000,1,0 | 0 | 0,,,date_range=..
绩效与商家销售额汇总\01_绩效\非药商务绩效+热销价+商家进度统计_2026-07-03_sub_高运.xlsx,商业每月GMV,a202304,text_or_mixed,0.4000,1,0 | 0 | 0,,,date_range=..
绩效与商家销售额汇总\01_绩效\非药商务绩效+热销价+商家进度统计_2026-07-03_sub_高运.xlsx,商业每月GMV,a202303,text_or_mixed,0.4000,1,0 | 0 | 0,,,date_range=..
绩效与商家销售额汇总\01_绩效\非药商务绩效+热销价+商家进度统计_2026-07-03_sub_高运.xlsx,商业每月GMV,a202302,text_or_mixed,0.4000,1,0 | 0 | 0,,,date_range=..
绩效与商家销售额汇总\01_绩效\非药商务绩效+热销价+商家进度统计_2026-07-03_sub_高运.xlsx,商业每月GMV,a202301,text_or_mixed,0.4000,1,0 | 0 | 0,,,date_range=..
绩效与商家销售额汇总\01_绩效\非药商务绩效+热销价+商家进度统计_2026-07-03_sub_高运.xlsx,商业每月GMV,商务对接人,text_or_mixed,1.0000,1,高运 | 高运 | 高运,operator,,date_range=..
绩效与商家销售额汇总\01_绩效\非药商务绩效+热销价+商家进度统计_2026-07-03_sub_高运.xlsx,商业每月GMV,简称,text_or_mixed,1.0000,35,子钦医疗 | 四川赤泉甘木生物科技 | 四川共创盛世商贸,,,date_range=..
绩效与商家销售额汇总\01_绩效\非药商务绩效+热销价+商家进度统计_2026-07-03_sub_高运.xlsx,商业每月GMV,运营名称,text_or_mixed,0.9143,1,高运 | 高运 | 高运,operator,,date_range=..
绩效与商家销售额汇总\01_绩效\非药商务绩效+热销价+商家进度统计_2026-07-03_sub_高运.xlsx,商业每月GMV,对应人,text_or_mixed,1.0000,1,高运 | 高运 | 高运,,,date_range=..
绩效与商家销售额汇总\01_绩效\非药商务绩效+热销价+商家进度统计_2026-07-03_sub_高运.xlsx,商业每月GMV,主店铺ID,text_or_mixed,1.0000,31,11628 | 21117 | 21206,,,date_range=..
绩效与商家销售额汇总\01_绩效\非药商务绩效+热销价+商家进度统计_2026-07-03_sub_高运.xlsx,商业每月GMV,合并统计店铺,text_or_mixed,1.0000,31,子钦医疗 | 四川赤泉甘木生物科技 | 四川共创盛世商贸,,,date_range=..
绩效与商家销售额汇总\01_绩效\非药商务绩效+热销价+商家进度统计_2026-07-03_sub_高运.xlsx,新开商业情况,供应商ID,text_or_mixed,1.0000,23,24236 | 24474 | 23871,merchant_supplier,,date_range=..
绩效与商家销售额汇总\01_绩效\非药商务绩效+热销价+商家进度统计_2026-07-03_sub_高运.xlsx,新开商业情况,简称,text_or_mixed,1.0000,23,重庆即美购供应链管理 | 成都三合力医疗用品 | 好品惠,,,date_range=..
绩效与商家销售额汇总\01_绩效\非药商务绩效+热销价+商家进度统计_2026-07-03_sub_高运.xlsx,新开商业情况,供应商省份,text_or_mixed,1.0000,5,重庆市 | 四川省 | 广东省,merchant_supplier;region,,date_range=..
绩效与商家销售额汇总\01_绩效\非药商务绩效+热销价+商家进度统计_2026-07-03_sub_高运.xlsx,新开商业情况,状态,text_or_mixed,1.0000,1,有效 | 有效 | 有效,,,date_range=..
绩效与商家销售额汇总\01_绩效\非药商务绩效+热销价+商家进度统计_2026-07-03_sub_高运.xlsx,新开商业情况,商业保证金,text_or_mixed,1.0000,3,100000 | 100000 | 50000,merchant_supplier,,date_range=..
绩效与商家销售额汇总\01_绩效\非药商务绩效+热销价+商家进度统计_2026-07-03_sub_高运.xlsx,新开商业情况,实时在架sku数,text_or_mixed,1.0000,23,32 | 26 | 37,product,,date_range=..
绩效与商家销售额汇总\01_绩效\非药商务绩效+热销价+商家进度统计_2026-07-03_sub_高运.xlsx,新开商业情况,主店铺ID,text_or_mixed,1.0000,22,24236 | 24474 | 23871,,,date_range=..
绩效与商家销售额汇总\01_绩效\非药商务绩效+热销价+商家进度统计_2026-07-03_sub_高运.xlsx,新开商业情况,月份,date_candidate,1.0000,1,2026-06 | 2026-06 | 2026-06,,,date_range=2026-06-01..2026-06-01
绩效与商家销售额汇总\01_绩效\非药商务绩效+热销价+商家进度统计_2026-07-03_sub_高运.xlsx,新开商业情况,GMV,text_or_mixed,1.0000,21,478.32 | 885.8 | 1797.86,,GMV,date_range=..
绩效与商家销售额汇总\01_绩效\非药商务绩效+热销价+商家进度统计_2026-07-03_sub_高运.xlsx,新开商业情况,之前月份的峰值,text_or_mixed,1.0000,18,1496.82 | 692 | 9930.24,,,date_range=..
绩效与商家销售额汇总\01_绩效\非药商务绩效+热销价+商家进度统计_2026-07-03_sub_高运.xlsx,新开商业情况,在架天数5天以上sku数,text_or_mixed,1.0000,20,37 | 26 | 34,product,,date_range=..
绩效与商家销售额汇总\01_绩效\非药商务绩效+热销价+商家进度统计_2026-07-03_sub_高运.xlsx,新开商业情况,月份差,text_or_mixed,1.0000,6,2 | 2 | 4,,,date_range=..
绩效与商家销售额汇总\01_绩效\非药商务绩效+热销价+商家进度统计_2026-07-03_sub_高运.xlsx,新开商业情况,商务对接人,text_or_mixed,1.0000,1,高运 | 高运 | 高运,operator,,date_range=..
绩效与商家销售额汇总\01_绩效\非药商务绩效+热销价+商家进度统计_2026-07-03_sub_高运.xlsx,新开商业情况,动销店数,text_or_mixed,1.0000,21,7 | 7 | 8,,,date_range=..
绩效与商家销售额汇总\01_绩效\非药商务绩效+热销价+商家进度统计_2026-07-03_sub_高运.xlsx,新开商业情况,分店GMV,text_or_mixed,1.0000,23,478.32 | 885.8 | 1797.86,,GMV,date_range=..
绩效与商家销售额汇总\01_绩效\非药商务绩效+热销价+商家进度统计_2026-07-03_sub_高运.xlsx,新开商业情况,新开有效,text_or_mixed,1.0000,2,无效 | 无效 | 无效,,,date_range=..
绩效与商家销售额汇总\01_绩效\非药商务绩效+热销价+商家进度统计_2026-07-03_sub_高运.xlsx,新开商业情况,一线品牌品类gmv,text_or_mixed,1.0000,17,0 | 0 | 895.54,product,GMV,date_range=..
绩效与商家销售额汇总\01_绩效\非药商务绩效+热销价+商家进度统计_2026-07-03_sub_高运.xlsx,新开商业情况,非重点品gmv,text_or_mixed,1.0000,21,478.32 | 885.8 | <PHONE_MASKED>,,GMV,date_range=..
绩效与商家销售额汇总\01_绩效\非药商务绩效+热销价+商家进度统计_2026-07-03_sub_高运.xlsx,新开商业情况,之前月份的非重点品峰值,text_or_mixed,1.0000,17,702.5 | 692 | 1128.6,,,date_range=..
绩效与商家销售额汇总\01_绩效\非药商务绩效+热销价+商家进度统计_2026-07-03_sub_高运.xlsx,新开商业情况,之前月份的重点品峰值,text_or_mixed,1.0000,15,1264.06 | 0 | 8801.64,,,date_range=..
绩效与商家销售额汇总\01_绩效\非药商务绩效+热销价+商家进度统计_2026-07-03_sub_高运.xlsx,新开商业情况,非重点品增量gmv,text_or_mixed,1.0000,8,0 | 193.8 | 0,,GMV,date_range=..
绩效与商家销售额汇总\01_绩效\非药商务绩效+热销价+商家进度统计_2026-07-03_sub_高运.xlsx,新开商业情况,重点品增量gmv,text_or_mixed,1.0000,8,0 | 0 | 0,,GMV,date_range=..
绩效与商家销售额汇总\01_绩效\非药商务绩效+热销价+商家进度统计_2026-07-03_sub_高运.xlsx,新开商业情况,保证金水平,text_or_mixed,1.0000,3,20000 | 100000 | 50000,,,date_range=..
绩效与商家销售额汇总\01_绩效\非药商务绩效+热销价+商家进度统计_2026-07-03_sub_高运.xlsx,新开商业情况,有效计件,text_or_mixed,1.0000,3,0 | 0 | 0,,,date_range=..
绩效与商家销售额汇总\01_绩效\非药商务绩效+热销价+商家进度统计_2026-07-03_sub_高运.xlsx,新开商业情况,商业类型,text_or_mixed,1.0000,5,特殊政策新店 | 普通店 | 品牌店,merchant_supplier,,date_range=..
绩效与商家销售额汇总\01_绩效\非药商务绩效+热销价+商家进度统计_2026-07-03_sub_高运.xlsx,新开商业情况,开店月份,date_candidate,1.0000,5,2026-03 | 2026-03 | 2026-01,,,date_range=2026-01-01..2026-06-01
绩效与商家销售额汇总\01_绩效\非药商务绩效+热销价+商家进度统计_2026-07-03_sub_高运.xlsx,新开商业情况,首单月份,date_candidate,1.0000,6,2026-03 | 2026-04 | 2026-02,,,date_range=2026-01-01..2026-06-01
绩效与商家销售额汇总\01_绩效\非药商务绩效+热销价+商家进度统计_2026-07-03_sub_高运.xlsx,新开商业情况,增量分享标记,text_or_mixed,1.0000,2,0 | 0 | 0,,,date_range=..
绩效与商家销售额汇总\01_绩效\非药商务绩效+热销价+商家进度统计_2026-07-03_sub_高运.xlsx,新开商业情况,当月是否5万,text_or_mixed,1.0000,2,0 | 0 | 0,,,date_range=..
绩效与商家销售额汇总\01_绩效\非药商务绩效+热销价+商家进度统计_2026-07-03_sub_高运.xlsx,新开商业情况,预估五万达成,text_or_mixed,1.0000,2,0 | 0 | 0,,,date_range=..
绩效与商家销售额汇总\01_绩效\非药商务绩效+热销价+商家进度统计_2026-07-03_sub_高运.xlsx,新开商业情况历史版,供应商ID,text_or_mixed,1.0000,30,22679 | 22862 | 22917,merchant_supplier,,date_range=..
绩效与商家销售额汇总\01_绩效\非药商务绩效+热销价+商家进度统计_2026-07-03_sub_高运.xlsx,新开商业情况历史版,商业开店日期,date_candidate,1.0000,27,20250829 | 20250918 | 20250925,merchant_supplier,,date_range=2025-08-29..2026-06-29
绩效与商家销售额汇总\01_绩效\非药商务绩效+热销价+商家进度统计_2026-07-03_sub_高运.xlsx,新开商业情况历史版,商业首单日期,date_candidate,1.0000,28,20250917.0 | 20251017.0 | 20250926.0,merchant_supplier,,date_range=2025-09-17..2026-06-27
绩效与商家销售额汇总\01_绩效\非药商务绩效+热销价+商家进度统计_2026-07-03_sub_高运.xlsx,新开商业情况历史版,供应商省份,text_or_mixed,1.0000,6,江西省 | 四川省 | 四川省,merchant_supplier;region,,date_range=..
绩效与商家销售额汇总\01_绩效\非药商务绩效+热销价+商家进度统计_2026-07-03_sub_高运.xlsx,新开商业情况历史版,状态,text_or_mixed,1.0000,1,有效 | 有效 | 有效,,,date_range=..
绩效与商家销售额汇总\01_绩效\非药商务绩效+热销价+商家进度统计_2026-07-03_sub_高运.xlsx,新开商业情况历史版,商业保证金,text_or_mixed,1.0000,3,100000 | 100000 | 100000,merchant_supplier,,date_range=..
绩效与商家销售额汇总\01_绩效\非药商务绩效+热销价+商家进度统计_2026-07-03_sub_高运.xlsx,新开商业情况历史版,保证金余额,text_or_mixed,1.0000,17,100000 | 99926.6 | 98782.12,,,date_range=..
绩效与商家销售额汇总\01_绩效\非药商务绩效+热销价+商家进度统计_2026-07-03_sub_高运.xlsx,新开商业情况历史版,business_scope,text_or_mixed,1.0000,26,"6,7,8,12,21 | 0,2,6,8,21,28 | 0,2,3,6,7,8",,,date_range=..
绩效与商家销售额汇总\01_绩效\非药商务绩效+热销价+商家进度统计_2026-07-03_sub_高运.xlsx,新开商业情况历史版,主营业务关键词,text_or_mixed,1.0000,27,"外用,生活用品,化妆品,计生用品,消毒用品 | 医疗器械,生活用品,计生用品,食品,消毒用品,保健品 | 医疗器械,生活用品,化妆品,计生用品,营养品,保健品",,,date_range=..
绩效与商家销售额汇总\01_绩效\非药商务绩效+热销价+商家进度统计_2026-07-03_sub_高运.xlsx,新开商业情况历史版,type_scope,text_or_mixed,0.0000,0,,,,date_range=..
绩效与商家销售额汇总\01_绩效\非药商务绩效+热销价+商家进度统计_2026-07-03_sub_高运.xlsx,新开商业情况历史版,busi_scope,text_or_mixed,1.0000,21,"10,11,12,9 | 19,16,12,11,10,9,8,6 | 19,16,12,11,10,9,8,6",,,date_range=..
绩效与商家销售额汇总\01_绩效\非药商务绩效+热销价+商家进度统计_2026-07-03_sub_高运.xlsx,新开商业情况历史版,分类经营范围,text_or_mixed,0.0000,0,,,,date_range=..
绩效与商家销售额汇总\01_绩效\非药商务绩效+热销价+商家进度统计_2026-07-03_sub_高运.xlsx,新开商业情况历史版,商品经营范围,text_or_mixed,1.0000,19,"日用品,医疗器械（一类）,消毒产品,化妆品 | 日用品,医疗器械（一类）,食品,医疗器械（二类）,医疗器械（二类免备案）,... | 日用品,医疗器械（一类）,食品,医疗器械（二类）,医疗器械（二类免备案）,...",product,,date_range=..
绩效与商家销售额汇总\01_绩效\非药商务绩效+热销价+商家进度统计_2026-07-03_sub_高运.xlsx,新开商业情况历史版,冻结状态,text_or_mixed,1.0000,2,0 | 0 | 0,,,date_range=..
绩效与商家销售额汇总\01_绩效\非药商务绩效+热销价+商家进度统计_2026-07-03_sub_高运.xlsx,新开商业情况历史版,实时在架sku数,text_or_mixed,1.0000,30,33 | 146 | 953,product,,date_range=..
绩效与商家销售额汇总\01_绩效\非药商务绩效+热销价+商家进度统计_2026-07-03_sub_高运.xlsx,新开商业情况历史版,主店铺ID,text_or_mixed,1.0000,27,22679 | 22862 | 22917,,,date_range=..
绩效与商家销售额汇总\01_绩效\非药商务绩效+热销价+商家进度统计_2026-07-03_sub_高运.xlsx,新开商业情况历史版,月份,date_candidate,0.9968,19,2026-07 | 2026-07 | 2026-07,,,date_range=2025-01-01..2026-07-01
绩效与商家销售额汇总\01_绩效\非药商务绩效+热销价+商家进度统计_2026-07-03_sub_高运.xlsx,新开商业情况历史版,GMV,text_or_mixed,0.9968,229,1585 | 7221.68 | 21677.51,,GMV,date_range=..
绩效与商家销售额汇总\01_绩效\非药商务绩效+热销价+商家进度统计_2026-07-03_sub_高运.xlsx,新开商业情况历史版,之前月份的峰值,text_or_mixed,0.9968,74,36585.54 | 476864.78 | 558654.71,,,date_range=..
绩效与商家销售额汇总\01_绩效\非药商务绩效+热销价+商家进度统计_2026-07-03_sub_高运.xlsx,新开商业情况历史版,增量gmv,text_or_mixed,1.0000,77,0 | 0 | 0,,GMV,date_range=..
绩效与商家销售额汇总\01_绩效\非药商务绩效+热销价+商家进度统计_2026-07-03_sub_高运.xlsx,新开商业情况历史版,在架天数5天以上sku数,text_or_mixed,0.3258,74,34 | 140 | 985,product,,date_range=..
绩效与商家销售额汇总\01_绩效\非药商务绩效+热销价+商家进度统计_2026-07-03_sub_高运.xlsx,新开商业情况历史版,日期_dt,date_candidate,0.9968,27,2025-09-17 00:00:00 | 2025-10-17 00:00:00 | 2025-09-26 00:00:00,,,date_range=2025-09-17..2026-06-27
绩效与商家销售额汇总\01_绩效\非药商务绩效+热销价+商家进度统计_2026-07-03_sub_高运.xlsx,新开商业情况历史版,参考月份_dt,date_candidate,0.9968,27,2025-10-17 00:00:00 | 2025-11-17 00:00:00 | 2025-10-26 00:00:00,,,date_range=2025-10-17..2026-07-27
绩效与商家销售额汇总\01_绩效\非药商务绩效+热销价+商家进度统计_2026-07-03_sub_高运.xlsx,新开商业情况历史版,月份_dt,date_candidate,0.9968,19,2026-07-01 00:00:00 | 2026-07-01 00:00:00 | 2026-07-01 00:00:00,,,date_range=2025-01-01..2026-07-01
绩效与商家销售额汇总\01_绩效\非药商务绩效+热销价+商家进度统计_2026-07-03_sub_高运.xlsx,新开商业情况历史版,月份差,text_or_mixed,0.9968,28,9 | 8 | 9,,,date_range=..
绩效与商家销售额汇总\01_绩效\非药商务绩效+热销价+商家进度统计_2026-07-03_sub_高运.xlsx,新开商业情况历史版,商务对接人,text_or_mixed,1.0000,1,高运 | 高运 | 高运,operator,,date_range=..
绩效与商家销售额汇总\01_绩效\非药商务绩效+热销价+商家进度统计_2026-07-03_sub_高运.xlsx,新开商业情况历史版,简称,text_or_mixed,1.0000,30,江西古戈尔商贸 | 四川众恩德科技 | 成都天蕊贸易,,,date_range=..
绩效与商家销售额汇总\01_绩效\非药商务绩效+热销价+商家进度统计_2026-07-03_sub_高运.xlsx,新开商业情况历史版,供应商证件全称,text_or_mixed,1.0000,30,江西古戈尔商贸有限公司 | 四川众恩德科技有限公司 | 成都天蕊贸易有限公司,merchant_supplier,,date_range=..
绩效与商家销售额汇总\01_绩效\非药商务绩效+热销价+商家进度统计_2026-07-03_sub_高运.xlsx,新开商业情况历史版,运营名称,text_or_mixed,0.9968,1,高运 | 高运 | 高运,operator,,date_range=..
绩效与商家销售额汇总\01_绩效\非药商务绩效+热销价+商家进度统计_2026-07-03_sub_高运.xlsx,新开商业情况历史版,一线品牌品类gmv,text_or_mixed,1.0000,191,0 | 3680.44 | 19517.75,product,GMV,date_range=..
绩效与商家销售额汇总\01_绩效\非药商务绩效+热销价+商家进度统计_2026-07-03_sub_高运.xlsx,新开商业情况历史版,动销店数,text_or_mixed,0.4871,111,17 | 61 | 111,,,date_range=..
绩效与商家销售额汇总\01_绩效\非药商务绩效+热销价+商家进度统计_2026-07-03_sub_高运.xlsx,新开商业情况历史版,分店GMV,text_or_mixed,0.4871,139,1585 | 7221.68 | 16287.69,,GMV,date_range=..
绩效与商家销售额汇总\01_绩效\非药商务绩效+热销价+商家进度统计_2026-07-03_sub_高运.xlsx,新开商业情况历史版,新开有效,text_or_mixed,1.0000,2,无效 | 无效 | 无效,,,date_range=..
绩效与商家销售额汇总\01_绩效\非药商务绩效+热销价+商家进度统计_2026-07-03_sub_高运.xlsx,新开商业情况历史版,非重点品gmv,text_or_mixed,0.9968,228,1585 | 3541.24 | 2159.759999999998,,GMV,date_range=..
绩效与商家销售额汇总\01_绩效\非药商务绩效+热销价+商家进度统计_2026-07-03_sub_高运.xlsx,新开商业情况历史版,之前月份的非重点品峰值,text_or_mixed,1.0000,70,36585.54 | 40898.06 | 73409.32999999996,,,date_range=..
绩效与商家销售额汇总\01_绩效\非药商务绩效+热销价+商家进度统计_2026-07-03_sub_高运.xlsx,新开商业情况历史版,之前月份的重点品峰值,text_or_mixed,1.0000,58,0 | 442572.18 | 485245.38,,,date_range=..
绩效与商家销售额汇总\01_绩效\非药商务绩效+热销价+商家进度统计_2026-07-03_sub_高运.xlsx,新开商业情况历史版,非重点品增量gmv,text_or_mixed,1.0000,72,0 | 0 | 0,,GMV,date_range=..
绩效与商家销售额汇总\01_绩效\非药商务绩效+热销价+商家进度统计_2026-07-03_sub_高运.xlsx,新开商业情况历史版,重点品增量gmv,text_or_mixed,1.0000,60,0 | 0 | 0,,GMV,date_range=..
绩效与商家销售额汇总\01_绩效\非药商务绩效+热销价+商家进度统计_2026-07-03_sub_高运.xlsx,新开商业情况历史版,保证金水平,text_or_mixed,1.0000,4,100000 | 100000 | 100000,,,date_range=..
绩效与商家销售额汇总\01_绩效\非药商务绩效+热销价+商家进度统计_2026-07-03_sub_高运.xlsx,新开商业情况历史版,商业类型,text_or_mixed,1.0000,5,普通店 | 普通店 | 普通店,merchant_supplier,,date_range=..
绩效与商家销售额汇总\01_绩效\非药商务绩效+热销价+商家进度统计_2026-07-03_sub_高运.xlsx,新开商业情况历史版,有效计件,text_or_mixed,1.0000,4,0 | 0 | 0,,,date_range=..
绩效与商家销售额汇总\01_绩效\非药商务绩效+热销价+商家进度统计_2026-07-03_sub_高运.xlsx,新开商业情况历史版,开店月份,date_candidate,1.0000,9,2025-08 | 2025-09 | 2025-09,,,date_range=2025-08-01..2026-06-01
绩效与商家销售额汇总\01_绩效\非药商务绩效+热销价+商家进度统计_2026-07-03_sub_高运.xlsx,新开商业情况历史版,首单月份,date_candidate,1.0000,11,2025-09 | 2025-10 | 2025-09,,,date_range=2025-09-01..2026-06-01
绩效与商家销售额汇总\01_绩效\非药商务绩效+热销价+商家进度统计_2026-07-03_sub_高运.xlsx,新开商业情况历史版,增量分享标记,text_or_mixed,1.0000,2,0 | 0 | 0,,,date_range=..
绩效与商家销售额汇总\01_绩效\非药商务绩效+热销价+商家进度统计_2026-07-03_sub_高运.xlsx,新开商业情况历史版,当月是否5万,text_or_mixed,1.0000,2,0 | 0 | 0,,,date_range=..
绩效与商家销售额汇总\01_绩效\非药商务绩效+热销价+商家进度统计_2026-07-03_sub_高运.xlsx,新开商业情况历史版,日均gmv,text_or_mixed,0.4871,139,792.5 | 3610.84 | 8143.845,,GMV,date_range=..
绩效与商家销售额汇总\01_绩效\非药商务绩效+热销价+商家进度统计_2026-07-03_sub_高运.xlsx,新开商业情况历史版,预估五万达成,text_or_mixed,1.0000,2,0 | 1 | 1,,,date_range=..
绩效与商家销售额汇总\01_绩效\非药商务绩效+热销价+商家进度统计_2026-07-03_sub_高运.xlsx,医疗器械经营店,药店ID,text_or_mixed,1.0000,1,3389366,purchasing_customer,,date_range=..
绩效与商家销售额汇总\01_绩效\非药商务绩效+热销价+商家进度统计_2026-07-03_sub_高运.xlsx,医疗器械经营店,省份,text_or_mixed,1.0000,1,重庆市,region,,date_range=..
绩效与商家销售额汇总\01_绩效\非药商务绩效+热销价+商家进度统计_2026-07-03_sub_高运.xlsx,医疗器械经营店,市区,text_or_mixed,1.0000,1,重庆市,region,,date_range=..
绩效与商家销售额汇总\01_绩效\非药商务绩效+热销价+商家进度统计_2026-07-03_sub_高运.xlsx,医疗器械经营店,full_name,text_or_mixed,1.0000,1,重庆康美迪贸易有限公司,,,date_range=..
绩效与商家销售额汇总\01_绩效\非药商务绩效+热销价+商家进度统计_2026-07-03_sub_高运.xlsx,医疗器械经营店,在药师帮注册日期,date_candidate,1.0000,1,2024-08-27 14:21:20,,,date_range=2024-08-27..2024-08-27
绩效与商家销售额汇总\01_绩效\非药商务绩效+热销价+商家进度统计_2026-07-03_sub_高运.xlsx,医疗器械经营店,启用日期,date_candidate,1.0000,1,2025-09-13 11:04:56,,,date_range=2025-09-13..2025-09-13
绩效与商家销售额汇总\01_绩效\非药商务绩效+热销价+商家进度统计_2026-07-03_sub_高运.xlsx,医疗器械经营店,药店首单日期,date_candidate,1.0000,1,2025-11-13 14:23:27,purchasing_customer,,date_range=2025-11-13..2025-11-13
绩效与商家销售额汇总\01_绩效\非药商务绩效+热销价+商家进度统计_2026-07-03_sub_高运.xlsx,医疗器械经营店,BD,text_or_mixed,1.0000,1,唐雯琦,operator,,date_range=..
绩效与商家销售额汇总\01_绩效\非药商务绩效+热销价+商家进度统计_2026-07-03_sub_高运.xlsx,医疗器械经营店,是否添加微信,text_or_mixed,1.0000,1,0,,,date_range=..
绩效与商家销售额汇总\01_绩效\非药商务绩效+热销价+商家进度统计_2026-07-03_sub_高运.xlsx,医疗器械经营店,药采购权限审核通过日期,date_candidate,1.0000,1,2025-09-13 11:04:56,,,date_range=2025-09-13..2025-09-13
绩效与商家销售额汇总\01_绩效\非药商务绩效+热销价+商家进度统计_2026-07-03_sub_高运.xlsx,医疗器械经营店,最近一次申请药采购权限时间,date_candidate,1.0000,1,2025-09-13 11:04:56,,,date_range=2025-09-13..2025-09-13
绩效与商家销售额汇总\01_绩效\非药商务绩效+热销价+商家进度统计_2026-07-03_sub_高运.xlsx,医疗器械经营店,商务对接人,text_or_mixed,1.0000,1,高运,operator,,date_range=..
绩效与商家销售额汇总\01_绩效\非药商务绩效+热销价+商家进度统计_2026-07-03_sub_高运.xlsx,医疗器械经营店,美团评级,text_or_mixed,1.0000,1,0,,,date_range=..
绩效与商家销售额汇总\01_绩效\非药商务绩效+热销价+商家进度统计_2026-07-03_sub_高运.xlsx,医疗器械经营店,负责人1,text_or_mixed,0.0000,0,,operator,,date_range=..
绩效与商家销售额汇总\01_绩效\非药商务绩效+热销价+商家进度统计_2026-07-03_sub_高运.xlsx,医疗器械经营店,负责人2,text_or_mixed,0.0000,0,,operator,,date_range=..
绩效与商家销售额汇总\01_绩效\非药商务绩效+热销价+商家进度统计_2026-07-03_sub_高运.xlsx,医疗器械经营店,商家组负责人,text_or_mixed,1.0000,1,nan,merchant_supplier;operator,,date_range=..
绩效与商家销售额汇总\01_绩效\非药商务绩效+热销价+商家进度统计_2026-07-03_sub_高运.xlsx,医疗器械经营店,线索提供人*,text_or_mixed,1.0000,1,nan,,,date_range=..
绩效与商家销售额汇总\01_绩效\非药商务绩效+热销价+商家进度统计_2026-07-03_sub_高运.xlsx,医疗器械经营店,激励,text_or_mixed,1.0000,1,nan,,,date_range=..
绩效与商家销售额汇总\01_绩效\非药商务绩效+热销价+商家进度统计_2026-07-03_sub_高运.xlsx,医疗器械经营店,BD线索,text_or_mixed,1.0000,1,nan,operator,,date_range=..
绩效与商家销售额汇总\01_绩效\非药商务绩效+热销价+商家进度统计_2026-07-03_sub_高运.xlsx,医疗器械经营店,a202601,text_or_mixed,1.0000,1,0,,,date_range=..
绩效与商家销售额汇总\01_绩效\非药商务绩效+热销价+商家进度统计_2026-07-03_sub_高运.xlsx,医疗器械经营店,a202602,text_or_mixed,1.0000,1,0,,,date_range=..
绩效与商家销售额汇总\01_绩效\非药商务绩效+热销价+商家进度统计_2026-07-03_sub_高运.xlsx,医疗器械经营店,a202603,text_or_mixed,1.0000,1,0,,,date_range=..
绩效与商家销售额汇总\01_绩效\非药商务绩效+热销价+商家进度统计_2026-07-03_sub_高运.xlsx,医疗器械经营店,a202604,text_or_mixed,1.0000,1,0,,,date_range=..
绩效与商家销售额汇总\01_绩效\非药商务绩效+热销价+商家进度统计_2026-07-03_sub_高运.xlsx,医疗器械经营店,a202605,text_or_mixed,1.0000,1,0,,,date_range=..
绩效与商家销售额汇总\01_绩效\非药商务绩效+热销价+商家进度统计_2026-07-03_sub_高运.xlsx,医疗器械经营店,a202606,text_or_mixed,1.0000,1,0,,,date_range=..
绩效与商家销售额汇总\01_绩效\非药商务绩效+热销价+商家进度统计_2026-07-03_sub_高运.xlsx,医疗器械经营店,新开标签,text_or_mixed,0.0000,0,,,,date_range=..
绩效与商家销售额汇总\01_绩效\非药商务绩效+热销价+商家进度统计_2026-07-03_sub_高运.xlsx,新开商业补充保证金情况,供应商ID,text_or_mixed,1.0000,1,24447,merchant_supplier,,date_range=..
绩效与商家销售额汇总\01_绩效\非药商务绩效+热销价+商家进度统计_2026-07-03_sub_高运.xlsx,新开商业补充保证金情况,月份,date_candidate,1.0000,1,2026-04,,,date_range=2026-04-01..2026-04-01
绩效与商家销售额汇总\01_绩效\非药商务绩效+热销价+商家进度统计_2026-07-03_sub_高运.xlsx,新开商业补充保证金情况,简称,text_or_mixed,1.0000,1,成都德善堂生物科技,,,date_range=..
绩效与商家销售额汇总\01_绩效\非药商务绩效+热销价+商家进度统计_2026-07-03_sub_高运.xlsx,新开商业补充保证金情况,状态,text_or_mixed,1.0000,1,有效,,,date_range=..
绩效与商家销售额汇总\01_绩效\非药商务绩效+热销价+商家进度统计_2026-07-03_sub_高运.xlsx,新开商业补充保证金情况,商务对接人,text_or_mixed,1.0000,1,高运,operator,,date_range=..
绩效与商家销售额汇总\01_绩效\非药商务绩效+热销价+商家进度统计_2026-07-03_sub_高运.xlsx,新开商业补充保证金情况,最新保证金水平,text_or_mixed,1.0000,1,100000,,,date_range=..
绩效与商家销售额汇总\01_绩效\非药商务绩效+热销价+商家进度统计_2026-07-03_sub_高运.xlsx,新开商业补充保证金情况,过去保证金水平,text_or_mixed,1.0000,1,10000,,,date_range=..
绩效与商家销售额汇总\01_绩效\非药商务绩效+热销价+商家进度统计_2026-07-03_sub_高运.xlsx,新开商业补充保证金情况,过去有效计件,text_or_mixed,1.0000,1,0.2,,,date_range=..
绩效与商家销售额汇总\01_绩效\非药商务绩效+热销价+商家进度统计_2026-07-03_sub_高运.xlsx,新开商业补充保证金情况,补充新开系数,text_or_mixed,1.0000,1,0,,,date_range=..
绩效与商家销售额汇总\01_绩效\非药商务绩效+热销价+商家进度统计_2026-07-03_sub_高运.xlsx,新开商业补充保证金情况,最新当月有效计件,text_or_mixed,1.0000,1,0,,,date_range=..
绩效与商家销售额汇总\01_绩效\非药商务绩效+热销价+商家进度统计_2026-07-22_sub_高运.xlsx,总体目标,月份,date_candidate,1.0000,7,2026-03 | 2026-06 | 2026-01,,,date_range=2026-01-01..2026-07-01
绩效与商家销售额汇总\01_绩效\非药商务绩效+热销价+商家进度统计_2026-07-22_sub_高运.xlsx,总体目标,商务对接人,text_or_mixed,1.0000,1,高运 | 高运 | 高运,operator,,date_range=..
绩效与商家销售额汇总\01_绩效\非药商务绩效+热销价+商家进度统计_2026-07-22_sub_高运.xlsx,总体目标,非重点品增量gmv,text_or_mixed,1.0000,7,16811.79 | 20244.49999999993 | 66843.97000000004,,GMV,date_range=..
绩效与商家销售额汇总\01_绩效\非药商务绩效+热销价+商家进度统计_2026-07-22_sub_高运.xlsx,总体目标,重点品增量gmv,text_or_mixed,1.0000,7,146674.96 | 369842.77 | 268649.86,,GMV,date_range=..
绩效与商家销售额汇总\01_绩效\非药商务绩效+热销价+商家进度统计_2026-07-22_sub_高运.xlsx,总体目标,新开6个月内5万商家数,text_or_mixed,1.0000,5,5 | 7 | 3,merchant_supplier,,date_range=..
绩效与商家销售额汇总\01_绩效\非药商务绩效+热销价+商家进度统计_2026-07-22_sub_高运.xlsx,总体目标,开店商业数,text_or_mixed,0.8571,5,7 | 6 | 2,merchant_supplier,,date_range=..
绩效与商家销售额汇总\01_绩效\非药商务绩效+热销价+商家进度统计_2026-07-22_sub_高运.xlsx,总体目标,首单商业数,text_or_mixed,1.0000,4,4 | 7 | 1,merchant_supplier,,date_range=..
绩效与商家销售额汇总\01_绩效\非药商务绩效+热销价+商家进度统计_2026-07-22_sub_高运.xlsx,总体目标,品牌店开店商业数,text_or_mixed,0.4286,1,1 | 1 | 1,merchant_supplier;product,,date_range=..
绩效与商家销售额汇总\01_绩效\非药商务绩效+热销价+商家进度统计_2026-07-22_sub_高运.xlsx,总体目标,有效新开数,text_or_mixed,1.0000,6,0.6000000000000001 | 4.4 | 0,,,date_range=..
绩效与商家销售额汇总\01_绩效\非药商务绩效+热销价+商家进度统计_2026-07-22_sub_高运.xlsx,总体目标,当月订单数,text_or_mixed,1.0000,7,13028 | 18602 | 9013,,订单,date_range=..
绩效与商家销售额汇总\01_绩效\非药商务绩效+热销价+商家进度统计_2026-07-22_sub_高运.xlsx,总体目标,当月商家原因售后订单数,text_or_mixed,1.0000,7,190 | 482 | 115,merchant_supplier,订单,date_range=..
绩效与商家销售额汇总\01_绩效\非药商务绩效+热销价+商家进度统计_2026-07-22_sub_高运.xlsx,总体目标,上月订单数,text_or_mixed,1.0000,7,9071 | 15661 | 5854,,订单,date_range=..
绩效与商家销售额汇总\01_绩效\非药商务绩效+热销价+商家进度统计_2026-07-22_sub_高运.xlsx,总体目标,上月商家原因售后订单数,text_or_mixed,1.0000,7,151 | 352 | 81,merchant_supplier,订单,date_range=..
绩效与商家销售额汇总\01_绩效\非药商务绩效+热销价+商家进度统计_2026-07-22_sub_高运.xlsx,总体目标,当月商家原因售后订单率,text_or_mixed,1.0000,7,<PHONE_MASKED> | <PHONE_MASKED> | <PHONE_MASKED>,merchant_supplier,订单,date_range=..
绩效与商家销售额汇总\01_绩效\非药商务绩效+热销价+商家进度统计_2026-07-22_sub_高运.xlsx,总体目标,上月商家原因售后订单率,text_or_mixed,1.0000,7,<PHONE_MASKED> | 0.02247621480109827 | <PHONE_MASKED>,merchant_supplier,订单,date_range=..
绩效与商家销售额汇总\01_绩效\非药商务绩效+热销价+商家进度统计_2026-07-22_sub_高运.xlsx,总体目标,当月商家原因售后订单率环比,text_or_mixed,1.0000,7,<PHONE_MASKED> | <PHONE_MASKED> | <PHONE_MASKED>,merchant_supplier,订单,date_range=..
绩效与商家销售额汇总\01_绩效\非药商务绩效+热销价+商家进度统计_2026-07-22_sub_高运.xlsx,总体目标,售后备注,text_or_mixed,1.0000,2,无事发生 | 绩效扣除10% | 无事发生,,,date_range=..
绩效与商家销售额汇总\01_绩效\非药商务绩效+热销价+商家进度统计_2026-07-22_sub_高运.xlsx,总体目标,补充新开系数,text_or_mixed,1.0000,1,0 | 0 | 0,,,date_range=..
绩效与商家销售额汇总\01_绩效\非药商务绩效+热销价+商家进度统计_2026-07-22_sub_高运.xlsx,总体目标,新开系数,text_or_mixed,1.0000,6,0.6 | 4.4 | 0,,,date_range=..
绩效与商家销售额汇总\01_绩效\非药商务绩效+热销价+商家进度统计_2026-07-22_sub_高运.xlsx,总体目标,对应每家计件奖金,text_or_mixed,1.0000,2,0 | 300 | 0,,,date_range=..
绩效与商家销售额汇总\01_绩效\非药商务绩效+热销价+商家进度统计_2026-07-22_sub_高运.xlsx,总体目标,破峰提成系数,text_or_mixed,1.0000,2,0 | 0.5 | 0,,,date_range=..
绩效与商家销售额汇总\01_绩效\非药商务绩效+热销价+商家进度统计_2026-07-22_sub_高运.xlsx,商业售后情况统计,月份,date_candidate,1.0000,20,202602 | 202601 | 202605,,,date_range=2024-12-01..2026-07-01
绩效与商家销售额汇总\01_绩效\非药商务绩效+热销价+商家进度统计_2026-07-22_sub_高运.xlsx,商业售后情况统计,商务对接人1,text_or_mixed,1.0000,1,高运 | 高运 | 高运,operator,,date_range=..
绩效与商家销售额汇总\01_绩效\非药商务绩效+热销价+商家进度统计_2026-07-22_sub_高运.xlsx,商业售后情况统计,当月订单数,text_or_mixed,1.0000,20,9071 | 9013 | 15661,,订单,date_range=..
绩效与商家销售额汇总\01_绩效\非药商务绩效+热销价+商家进度统计_2026-07-22_sub_高运.xlsx,商业售后情况统计,当月商家原因售后订单数,text_or_mixed,1.0000,20,151 | 115 | 352,merchant_supplier,订单,date_range=..
绩效与商家销售额汇总\01_绩效\非药商务绩效+热销价+商家进度统计_2026-07-22_sub_高运.xlsx,商业售后情况统计,上月订单数,text_or_mixed,1.0000,20,9006 | 5854 | 13589,,订单,date_range=..
绩效与商家销售额汇总\01_绩效\非药商务绩效+热销价+商家进度统计_2026-07-22_sub_高运.xlsx,商业售后情况统计,上月商家原因售后订单数,text_or_mixed,1.0000,20,115 | 81 | 281,merchant_supplier,订单,date_range=..
绩效与商家销售额汇总\01_绩效\非药商务绩效+热销价+商家进度统计_2026-07-22_sub_高运.xlsx,商业售后情况统计,当月商家原因售后订单率,text_or_mixed,1.0000,20,<PHONE_MASKED> | <PHONE_MASKED> | 0.02247621480109827,merchant_supplier,订单,date_range=..
绩效与商家销售额汇总\01_绩效\非药商务绩效+热销价+商家进度统计_2026-07-22_sub_高运.xlsx,商业售后情况统计,上月商家原因售后订单率,text_or_mixed,0.9500,19,<PHONE_MASKED> | <PHONE_MASKED> | 0.02067848995511075,merchant_supplier,订单,date_range=..
绩效与商家销售额汇总\01_绩效\非药商务绩效+热销价+商家进度统计_2026-07-22_sub_高运.xlsx,商业售后情况,月份,date_candidate,1.0000,20,202510 | 202509 | 202507,,,date_range=2024-12-01..2026-07-01
绩效与商家销售额汇总\01_绩效\非药商务绩效+热销价+商家进度统计_2026-07-22_sub_高运.xlsx,商业售后情况,供应商ID,text_or_mixed,1.0000,39,22940 | 21206 | 21206,merchant_supplier,,date_range=..
绩效与商家销售额汇总\01_绩效\非药商务绩效+热销价+商家进度统计_2026-07-22_sub_高运.xlsx,商业售后情况,供应商名称,text_or_mixed,1.0000,39,四川壹贝佳健康咨询 | 四川共创盛世商贸 | 四川共创盛世商贸,merchant_supplier,,date_range=..
绩效与商家销售额汇总\01_绩效\非药商务绩效+热销价+商家进度统计_2026-07-22_sub_高运.xlsx,商业售后情况,商业开店日期,date_candidate,1.0000,36,20250928 | 20250414 | 20250414,merchant_supplier,,date_range=2023-01-12..2026-07-17
绩效与商家销售额汇总\01_绩效\非药商务绩效+热销价+商家进度统计_2026-07-22_sub_高运.xlsx,商业售后情况,当月订单数,text_or_mixed,1.0000,179,1077 | 291 | 449,,订单,date_range=..
绩效与商家销售额汇总\01_绩效\非药商务绩效+热销价+商家进度统计_2026-07-22_sub_高运.xlsx,商业售后情况,上月订单数,text_or_mixed,1.0000,155,1 | 580 | 89,,订单,date_range=..
绩效与商家销售额汇总\01_绩效\非药商务绩效+热销价+商家进度统计_2026-07-22_sub_高运.xlsx,商业售后情况,当月售后订单数,text_or_mixed,1.0000,66,42 | 16 | 14,,订单,date_range=..
绩效与商家销售额汇总\01_绩效\非药商务绩效+热销价+商家进度统计_2026-07-22_sub_高运.xlsx,商业售后情况,上月售后订单数,text_or_mixed,1.0000,63,0 | 15 | 11,,订单,date_range=..
绩效与商家销售额汇总\01_绩效\非药商务绩效+热销价+商家进度统计_2026-07-22_sub_高运.xlsx,商业售后情况,当月商家原因售后订单数,text_or_mixed,1.0000,45,8 | 4 | 7,merchant_supplier,订单,date_range=..
绩效与商家销售额汇总\01_绩效\非药商务绩效+热销价+商家进度统计_2026-07-22_sub_高运.xlsx,商业售后情况,上月商家原因售后订单数,text_or_mixed,1.0000,45,0 | 6 | 7,merchant_supplier,订单,date_range=..
绩效与商家销售额汇总\01_绩效\非药商务绩效+热销价+商家进度统计_2026-07-22_sub_高运.xlsx,商业售后情况,商务对接人,text_or_mixed,1.0000,1,高运 | 高运 | 高运,operator,,date_range=..
绩效与商家销售额汇总\01_绩效\非药商务绩效+热销价+商家进度统计_2026-07-22_sub_高运.xlsx,商业售后情况,供应商省份,text_or_mixed,1.0000,6,四川省 | 四川省 | 四川省,merchant_supplier;region,,date_range=..
绩效与商家销售额汇总\01_绩效\非药商务绩效+热销价+商家进度统计_2026-07-22_sub_高运.xlsx,商业售后情况,运营名称,text_or_mixed,0.7468,1,高运 | 高运 | 高运,operator,,date_range=..
绩效与商家销售额汇总\01_绩效\非药商务绩效+热销价+商家进度统计_2026-07-22_sub_高运.xlsx,商业售后情况,对应人,text_or_mixed,1.0000,1,高运 | 高运 | 高运,,,date_range=..
绩效与商家销售额汇总\01_绩效\非药商务绩效+热销价+商家进度统计_2026-07-22_sub_高运.xlsx,商业售后情况,当月商家原因售后订单率,text_or_mixed,1.0000,158,<ID_MASKED> | <PHONE_MASKED> | <PHONE_MASKED>,merchant_supplier,订单,date_range=..
绩效与商家销售额汇总\01_绩效\非药商务绩效+热销价+商家进度统计_2026-07-22_sub_高运.xlsx,商业售后情况,上月商家原因售后订单率,text_or_mixed,1.0000,136,0 | <PHONE_MASKED> | <PHONE_MASKED>,merchant_supplier,订单,date_range=..
绩效与商家销售额汇总\01_绩效\非药商务绩效+热销价+商家进度统计_2026-07-22_sub_高运.xlsx,商业售后情况,商家原因售后订单率环比,text_or_mixed,1.0000,129,0 | <PHONE_MASKED> | <PHONE_MASKED>,merchant_supplier,订单,date_range=..
绩效与商家销售额汇总\01_绩效\非药商务绩效+热销价+商家进度统计_2026-07-22_sub_高运.xlsx,商业每月GMV,供应商ID,text_or_mixed,1.0000,39,11628 | 21117 | 21206,merchant_supplier,,date_range=..
绩效与商家销售额汇总\01_绩效\非药商务绩效+热销价+商家进度统计_2026-07-22_sub_高运.xlsx,商业每月GMV,供应商名称,text_or_mixed,1.0000,39,子钦医疗 | 四川赤泉甘木生物科技 | 四川共创盛世商贸,merchant_supplier,,date_range=..
绩效与商家销售额汇总\01_绩效\非药商务绩效+热销价+商家进度统计_2026-07-22_sub_高运.xlsx,商业每月GMV,供应商证件名称,text_or_mixed,1.0000,39,子钦医疗器械（重庆）股份有限公司 | 四川赤泉甘木生物科技有限公司 | 四川共创盛世商贸有限公司,merchant_supplier,,date_range=..
绩效与商家销售额汇总\01_绩效\非药商务绩效+热销价+商家进度统计_2026-07-22_sub_高运.xlsx,商业每月GMV,供应商省份,text_or_mixed,1.0000,6,重庆市 | 四川省 | 四川省,merchant_supplier;region,,date_range=..
绩效与商家销售额汇总\01_绩效\非药商务绩效+热销价+商家进度统计_2026-07-22_sub_高运.xlsx,商业每月GMV,供应商城市,text_or_mixed,1.0000,10,重庆市 | 成都市 | 成都市,merchant_supplier;region,,date_range=..
绩效与商家销售额汇总\01_绩效\非药商务绩效+热销价+商家进度统计_2026-07-22_sub_高运.xlsx,商业每月GMV,商业类型,text_or_mixed,0.8462,5,普通店 | 普通店 | 普通店,merchant_supplier,,date_range=..
绩效与商家销售额汇总\01_绩效\非药商务绩效+热销价+商家进度统计_2026-07-22_sub_高运.xlsx,商业每月GMV,商业开店日期,date_candidate,1.0000,36,20230112 | 20250407 | 20250414,merchant_supplier,,date_range=2023-01-12..2026-07-17
绩效与商家销售额汇总\01_绩效\非药商务绩效+热销价+商家进度统计_2026-07-22_sub_高运.xlsx,商业每月GMV,商业首单日期,date_candidate,1.0000,36,20230707 | 20250806 | 20250513,merchant_supplier,,date_range=2023-07-07..2026-07-21
绩效与商家销售额汇总\01_绩效\非药商务绩效+热销价+商家进度统计_2026-07-22_sub_高运.xlsx,商业每月GMV,状态,text_or_mixed,1.0000,2,有效 | 即将上架 | 即将上架,,,date_range=..
绩效与商家销售额汇总\01_绩效\非药商务绩效+热销价+商家进度统计_2026-07-22_sub_高运.xlsx,商业每月GMV,a202607,text_or_mixed,0.9744,38,316.2 | 1759.29 | 33395.3,,,date_range=..
绩效与商家销售额汇总\01_绩效\非药商务绩效+热销价+商家进度统计_2026-07-22_sub_高运.xlsx,商业每月GMV,a202606,text_or_mixed,0.8718,34,1181 | 318553.35 | 49478.84,,,date_range=..
绩效与商家销售额汇总\01_绩效\非药商务绩效+热销价+商家进度统计_2026-07-22_sub_高运.xlsx,商业每月GMV,a202605,text_or_mixed,0.6923,27,300 | 288037.08 | 44724.04,,,date_range=..
绩效与商家销售额汇总\01_绩效\非药商务绩效+热销价+商家进度统计_2026-07-22_sub_高运.xlsx,商业每月GMV,a202604,text_or_mixed,0.5641,22,528 | 208811.94 | 43022.57,,,date_range=..
绩效与商家销售额汇总\01_绩效\非药商务绩效+热销价+商家进度统计_2026-07-22_sub_高运.xlsx,商业每月GMV,a202603,text_or_mixed,0.4359,17,2176 | 292587.04 | 40549.01,,,date_range=..
绩效与商家销售额汇总\01_绩效\非药商务绩效+热销价+商家进度统计_2026-07-22_sub_高运.xlsx,商业每月GMV,a202602,text_or_mixed,0.3333,13,1478 | 120386.2 | 37433.4,,,date_range=..
绩效与商家销售额汇总\01_绩效\非药商务绩效+热销价+商家进度统计_2026-07-22_sub_高运.xlsx,商业每月GMV,a202601,text_or_mixed,0.3590,14,664 | 753.97 | 106946.81,,,date_range=..
绩效与商家销售额汇总\01_绩效\非药商务绩效+热销价+商家进度统计_2026-07-22_sub_高运.xlsx,商业每月GMV,a202512,text_or_mixed,0.3590,13,984 | 812 | 52606,,,date_range=..
绩效与商家销售额汇总\01_绩效\非药商务绩效+热销价+商家进度统计_2026-07-22_sub_高运.xlsx,商业每月GMV,a202511,text_or_mixed,0.3590,12,210 | 3305.95 | 89642.26,,,date_range=..
绩效与商家销售额汇总\01_绩效\非药商务绩效+热销价+商家进度统计_2026-07-22_sub_高运.xlsx,商业每月GMV,a202510,text_or_mixed,0.3590,11,210 | 6072.6 | 39036.46,,,date_range=..
绩效与商家销售额汇总\01_绩效\非药商务绩效+热销价+商家进度统计_2026-07-22_sub_高运.xlsx,商业每月GMV,a202509,text_or_mixed,0.3590,10,64 | 1740 | 58450.55,,,date_range=..
绩效与商家销售额汇总\01_绩效\非药商务绩效+热销价+商家进度统计_2026-07-22_sub_高运.xlsx,商业每月GMV,a202508,text_or_mixed,0.3590,7,845 | 2950 | 126189.06,,,date_range=..
绩效与商家销售额汇总\01_绩效\非药商务绩效+热销价+商家进度统计_2026-07-22_sub_高运.xlsx,商业每月GMV,a202507,text_or_mixed,0.3590,6,1398 | 0 | 94487.05,,,date_range=..
绩效与商家销售额汇总\01_绩效\非药商务绩效+热销价+商家进度统计_2026-07-22_sub_高运.xlsx,商业每月GMV,a202506,text_or_mixed,0.3590,4,906 | 0 | 16273.3,,,date_range=..
绩效与商家销售额汇总\01_绩效\非药商务绩效+热销价+商家进度统计_2026-07-22_sub_高运.xlsx,商业每月GMV,a202505,text_or_mixed,0.3590,4,175 | 0 | 280.4,,,date_range=..
绩效与商家销售额汇总\01_绩效\非药商务绩效+热销价+商家进度统计_2026-07-22_sub_高运.xlsx,商业每月GMV,a202504,text_or_mixed,0.3590,3,745 | 0 | 0,,,date_range=..
绩效与商家销售额汇总\01_绩效\非药商务绩效+热销价+商家进度统计_2026-07-22_sub_高运.xlsx,商业每月GMV,a202503,text_or_mixed,0.3590,3,613 | 0 | 0,,,date_range=..
绩效与商家销售额汇总\01_绩效\非药商务绩效+热销价+商家进度统计_2026-07-22_sub_高运.xlsx,商业每月GMV,a202502,text_or_mixed,0.3590,3,1345 | 0 | 0,,,date_range=..
绩效与商家销售额汇总\01_绩效\非药商务绩效+热销价+商家进度统计_2026-07-22_sub_高运.xlsx,商业每月GMV,a202501,text_or_mixed,0.3590,3,2055 | 0 | 0,,,date_range=..
绩效与商家销售额汇总\01_绩效\非药商务绩效+热销价+商家进度统计_2026-07-22_sub_高运.xlsx,商业每月GMV,a202412,text_or_mixed,0.3590,3,175 | 0 | 0,,,date_range=..
绩效与商家销售额汇总\01_绩效\非药商务绩效+热销价+商家进度统计_2026-07-22_sub_高运.xlsx,商业每月GMV,a202411,text_or_mixed,0.3590,3,1763 | 0 | 0,,,date_range=..
绩效与商家销售额汇总\01_绩效\非药商务绩效+热销价+商家进度统计_2026-07-22_sub_高运.xlsx,商业每月GMV,a202410,text_or_mixed,0.3590,3,3198.8 | 0 | 0,,,date_range=..
绩效与商家销售额汇总\01_绩效\非药商务绩效+热销价+商家进度统计_2026-07-22_sub_高运.xlsx,商业每月GMV,a202409,text_or_mixed,0.3590,2,2267 | 0 | 0,,,date_range=..
绩效与商家销售额汇总\01_绩效\非药商务绩效+热销价+商家进度统计_2026-07-22_sub_高运.xlsx,商业每月GMV,a202408,text_or_mixed,0.3590,2,2305.9 | 0 | 0,,,date_range=..
绩效与商家销售额汇总\01_绩效\非药商务绩效+热销价+商家进度统计_2026-07-22_sub_高运.xlsx,商业每月GMV,a202407,text_or_mixed,0.3590,2,4457.9 | 0 | 0,,,date_range=..
绩效与商家销售额汇总\01_绩效\非药商务绩效+热销价+商家进度统计_2026-07-22_sub_高运.xlsx,商业每月GMV,a202406,text_or_mixed,0.3590,2,3969.42 | 0 | 0,,,date_range=..
绩效与商家销售额汇总\01_绩效\非药商务绩效+热销价+商家进度统计_2026-07-22_sub_高运.xlsx,商业每月GMV,a202405,text_or_mixed,0.3590,2,1632.9 | 0 | 0,,,date_range=..
绩效与商家销售额汇总\01_绩效\非药商务绩效+热销价+商家进度统计_2026-07-22_sub_高运.xlsx,商业每月GMV,a202404,text_or_mixed,0.3590,2,1848.9 | 0 | 0,,,date_range=..
绩效与商家销售额汇总\01_绩效\非药商务绩效+热销价+商家进度统计_2026-07-22_sub_高运.xlsx,商业每月GMV,a202403,text_or_mixed,0.3590,2,1900.9 | 0 | 0,,,date_range=..
绩效与商家销售额汇总\01_绩效\非药商务绩效+热销价+商家进度统计_2026-07-22_sub_高运.xlsx,商业每月GMV,a202402,text_or_mixed,0.3590,2,2435.34 | 0 | 0,,,date_range=..
绩效与商家销售额汇总\01_绩效\非药商务绩效+热销价+商家进度统计_2026-07-22_sub_高运.xlsx,商业每月GMV,a202401,text_or_mixed,0.3590,2,4624.75 | 0 | 0,,,date_range=..
绩效与商家销售额汇总\01_绩效\非药商务绩效+热销价+商家进度统计_2026-07-22_sub_高运.xlsx,商业每月GMV,a202312,text_or_mixed,0.3590,2,849.54 | 0 | 0,,,date_range=..
绩效与商家销售额汇总\01_绩效\非药商务绩效+热销价+商家进度统计_2026-07-22_sub_高运.xlsx,商业每月GMV,a202311,text_or_mixed,0.3590,2,977.58 | 0 | 0,,,date_range=..
绩效与商家销售额汇总\01_绩效\非药商务绩效+热销价+商家进度统计_2026-07-22_sub_高运.xlsx,商业每月GMV,a202310,text_or_mixed,0.3590,2,325.24 | 0 | 0,,,date_range=..
绩效与商家销售额汇总\01_绩效\非药商务绩效+热销价+商家进度统计_2026-07-22_sub_高运.xlsx,商业每月GMV,a202309,text_or_mixed,0.3590,2,314.95 | 0 | 0,,,date_range=..
绩效与商家销售额汇总\01_绩效\非药商务绩效+热销价+商家进度统计_2026-07-22_sub_高运.xlsx,商业每月GMV,a202308,text_or_mixed,0.3590,1,0 | 0 | 0,,,date_range=..
绩效与商家销售额汇总\01_绩效\非药商务绩效+热销价+商家进度统计_2026-07-22_sub_高运.xlsx,商业每月GMV,a202307,text_or_mixed,0.3590,2,100 | 0 | 0,,,date_range=..
绩效与商家销售额汇总\01_绩效\非药商务绩效+热销价+商家进度统计_2026-07-22_sub_高运.xlsx,商业每月GMV,a202306,text_or_mixed,0.3590,1,0 | 0 | 0,,,date_range=..
绩效与商家销售额汇总\01_绩效\非药商务绩效+热销价+商家进度统计_2026-07-22_sub_高运.xlsx,商业每月GMV,a202305,text_or_mixed,0.3590,1,0 | 0 | 0,,,date_range=..
绩效与商家销售额汇总\01_绩效\非药商务绩效+热销价+商家进度统计_2026-07-22_sub_高运.xlsx,商业每月GMV,a202304,text_or_mixed,0.3590,1,0 | 0 | 0,,,date_range=..
绩效与商家销售额汇总\01_绩效\非药商务绩效+热销价+商家进度统计_2026-07-22_sub_高运.xlsx,商业每月GMV,a202303,text_or_mixed,0.3590,1,0 | 0 | 0,,,date_range=..
绩效与商家销售额汇总\01_绩效\非药商务绩效+热销价+商家进度统计_2026-07-22_sub_高运.xlsx,商业每月GMV,a202302,text_or_mixed,0.3590,1,0 | 0 | 0,,,date_range=..
绩效与商家销售额汇总\01_绩效\非药商务绩效+热销价+商家进度统计_2026-07-22_sub_高运.xlsx,商业每月GMV,a202301,text_or_mixed,0.3590,1,0 | 0 | 0,,,date_range=..
绩效与商家销售额汇总\01_绩效\非药商务绩效+热销价+商家进度统计_2026-07-22_sub_高运.xlsx,商业每月GMV,商务对接人,text_or_mixed,1.0000,1,高运 | 高运 | 高运,operator,,date_range=..
绩效与商家销售额汇总\01_绩效\非药商务绩效+热销价+商家进度统计_2026-07-22_sub_高运.xlsx,商业每月GMV,简称,text_or_mixed,1.0000,39,子钦医疗 | 四川赤泉甘木生物科技 | 四川共创盛世商贸,,,date_range=..
绩效与商家销售额汇总\01_绩效\非药商务绩效+热销价+商家进度统计_2026-07-22_sub_高运.xlsx,商业每月GMV,运营名称,text_or_mixed,0.8205,1,高运 | 高运 | 高运,operator,,date_range=..
绩效与商家销售额汇总\01_绩效\非药商务绩效+热销价+商家进度统计_2026-07-22_sub_高运.xlsx,商业每月GMV,对应人,text_or_mixed,1.0000,1,高运 | 高运 | 高运,,,date_range=..
绩效与商家销售额汇总\01_绩效\非药商务绩效+热销价+商家进度统计_2026-07-22_sub_高运.xlsx,商业每月GMV,主店铺ID,text_or_mixed,1.0000,35,11628 | 21117 | 21206,,,date_range=..
绩效与商家销售额汇总\01_绩效\非药商务绩效+热销价+商家进度统计_2026-07-22_sub_高运.xlsx,商业每月GMV,合并统计店铺,text_or_mixed,1.0000,35,子钦医疗 | 四川赤泉甘木生物科技 | 四川共创盛世商贸,,,date_range=..
绩效与商家销售额汇总\01_绩效\非药商务绩效+热销价+商家进度统计_2026-07-22_sub_高运.xlsx,新开商业情况,供应商ID,text_or_mixed,1.0000,27,23871 | 24075 | 24236,merchant_supplier,,date_range=..
绩效与商家销售额汇总\01_绩效\非药商务绩效+热销价+商家进度统计_2026-07-22_sub_高运.xlsx,新开商业情况,简称,text_or_mixed,1.0000,27,好品惠 | 好尔思健康 | 重庆即美购供应链管理,,,date_range=..
绩效与商家销售额汇总\01_绩效\非药商务绩效+热销价+商家进度统计_2026-07-22_sub_高运.xlsx,新开商业情况,供应商省份,text_or_mixed,1.0000,6,广东省 | 四川省 | 重庆市,merchant_supplier;region,,date_range=..
绩效与商家销售额汇总\01_绩效\非药商务绩效+热销价+商家进度统计_2026-07-22_sub_高运.xlsx,新开商业情况,状态,text_or_mixed,1.0000,1,有效 | 有效 | 有效,,,date_range=..
绩效与商家销售额汇总\01_绩效\非药商务绩效+热销价+商家进度统计_2026-07-22_sub_高运.xlsx,新开商业情况,商业保证金,text_or_mixed,1.0000,3,50000 | 20000 | 100000,merchant_supplier,,date_range=..
绩效与商家销售额汇总\01_绩效\非药商务绩效+热销价+商家进度统计_2026-07-22_sub_高运.xlsx,新开商业情况,实时在架sku数,text_or_mixed,1.0000,26,37 | 738 | 31,product,,date_range=..
绩效与商家销售额汇总\01_绩效\非药商务绩效+热销价+商家进度统计_2026-07-22_sub_高运.xlsx,新开商业情况,主店铺ID,text_or_mixed,1.0000,26,23871 | 22917 | 24236,,,date_range=..
绩效与商家销售额汇总\01_绩效\非药商务绩效+热销价+商家进度统计_2026-07-22_sub_高运.xlsx,新开商业情况,月份,date_candidate,1.0000,1,2026-07 | 2026-07 | 2026-07,,,date_range=2026-07-01..2026-07-01
绩效与商家销售额汇总\01_绩效\非药商务绩效+热销价+商家进度统计_2026-07-22_sub_高运.xlsx,新开商业情况,GMV,text_or_mixed,1.0000,25,8401.64 | 240366.99 | 460.66,,GMV,date_range=..
绩效与商家销售额汇总\01_绩效\非药商务绩效+热销价+商家进度统计_2026-07-22_sub_高运.xlsx,新开商业情况,之前月份的峰值,text_or_mixed,1.0000,22,9930.24 | 558654.71 | 1496.82,,,date_range=..
绩效与商家销售额汇总\01_绩效\非药商务绩效+热销价+商家进度统计_2026-07-22_sub_高运.xlsx,新开商业情况,在架天数5天以上sku数,text_or_mixed,0.9333,24,37 | 762 | 32,product,,date_range=..
绩效与商家销售额汇总\01_绩效\非药商务绩效+热销价+商家进度统计_2026-07-22_sub_高运.xlsx,新开商业情况,月份差,text_or_mixed,1.0000,7,5 | 5 | 3,,,date_range=..
绩效与商家销售额汇总\01_绩效\非药商务绩效+热销价+商家进度统计_2026-07-22_sub_高运.xlsx,新开商业情况,商务对接人,text_or_mixed,1.0000,1,高运 | 高运 | 高运,operator,,date_range=..
绩效与商家销售额汇总\01_绩效\非药商务绩效+热销价+商家进度统计_2026-07-22_sub_高运.xlsx,新开商业情况,动销店数,text_or_mixed,1.0000,26,30 | 431 | 9,,,date_range=..
绩效与商家销售额汇总\01_绩效\非药商务绩效+热销价+商家进度统计_2026-07-22_sub_高运.xlsx,新开商业情况,分店GMV,text_or_mixed,1.0000,27,8401.64 | 61834.66 | 460.66,,GMV,date_range=..
绩效与商家销售额汇总\01_绩效\非药商务绩效+热销价+商家进度统计_2026-07-22_sub_高运.xlsx,新开商业情况,新开有效,text_or_mixed,1.0000,2,无效 | 无效 | 无效,,,date_range=..
绩效与商家销售额汇总\01_绩效\非药商务绩效+热销价+商家进度统计_2026-07-22_sub_高运.xlsx,新开商业情况,一线品牌品类gmv,text_or_mixed,1.0000,21,6525.809999999999 | 214885.86 | 128.7,product,GMV,date_range=..
绩效与商家销售额汇总\01_绩效\非药商务绩效+热销价+商家进度统计_2026-07-22_sub_高运.xlsx,新开商业情况,非重点品gmv,text_or_mixed,1.0000,25,1875.830000000001 | 25481.13 | 331.96,,GMV,date_range=..
绩效与商家销售额汇总\01_绩效\非药商务绩效+热销价+商家进度统计_2026-07-22_sub_高运.xlsx,新开商业情况,之前月份的非重点品峰值,text_or_mixed,1.0000,22,1128.6 | 73409.32999999996 | 702.5,,,date_range=..
绩效与商家销售额汇总\01_绩效\非药商务绩效+热销价+商家进度统计_2026-07-22_sub_高运.xlsx,新开商业情况,之前月份的重点品峰值,text_or_mixed,1.0000,18,8801.64 | 485245.38 | 1264.06,,,date_range=..
绩效与商家销售额汇总\01_绩效\非药商务绩效+热销价+商家进度统计_2026-07-22_sub_高运.xlsx,新开商业情况,非重点品增量gmv,text_or_mixed,1.0000,13,747.2300000000005 | 0 | 0,,GMV,date_range=..
绩效与商家销售额汇总\01_绩效\非药商务绩效+热销价+商家进度统计_2026-07-22_sub_高运.xlsx,新开商业情况,重点品增量gmv,text_or_mixed,1.0000,8,0 | 0 | 0,,GMV,date_range=..
绩效与商家销售额汇总\01_绩效\非药商务绩效+热销价+商家进度统计_2026-07-22_sub_高运.xlsx,新开商业情况,保证金水平,text_or_mixed,1.0000,4,50000 | 20000 | 20000,,,date_range=..
绩效与商家销售额汇总\01_绩效\非药商务绩效+热销价+商家进度统计_2026-07-22_sub_高运.xlsx,新开商业情况,有效计件,text_or_mixed,1.0000,3,0 | 0 | 0,,,date_range=..
绩效与商家销售额汇总\01_绩效\非药商务绩效+热销价+商家进度统计_2026-07-22_sub_高运.xlsx,新开商业情况,商业类型,text_or_mixed,1.0000,5,品牌店 | 分店 | 特殊政策新店,merchant_supplier,,date_range=..
绩效与商家销售额汇总\01_绩效\非药商务绩效+热销价+商家进度统计_2026-07-22_sub_高运.xlsx,新开商业情况,开店月份,date_candidate,1.0000,6,2026-01 | 2026-01 | 2026-03,,,date_range=2026-01-01..2026-07-01
绩效与商家销售额汇总\01_绩效\非药商务绩效+热销价+商家进度统计_2026-07-22_sub_高运.xlsx,新开商业情况,首单月份,date_candidate,1.0000,7,2026-02 | 2026-01 | 2026-03,,,date_range=2026-01-01..2026-07-01
绩效与商家销售额汇总\01_绩效\非药商务绩效+热销价+商家进度统计_2026-07-22_sub_高运.xlsx,新开商业情况,增量分享标记,text_or_mixed,1.0000,2,0 | 0 | 0,,,date_range=..
绩效与商家销售额汇总\01_绩效\非药商务绩效+热销价+商家进度统计_2026-07-22_sub_高运.xlsx,新开商业情况,当月是否5万,text_or_mixed,1.0000,2,0 | 1 | 0,,,date_range=..
绩效与商家销售额汇总\01_绩效\非药商务绩效+热销价+商家进度统计_2026-07-22_sub_高运.xlsx,新开商业情况,预估五万达成,text_or_mixed,1.0000,2,0 | 1 | 0,,,date_range=..
绩效与商家销售额汇总\01_绩效\非药商务绩效+热销价+商家进度统计_2026-07-22_sub_高运.xlsx,新开商业情况历史版,供应商ID,text_or_mixed,1.0000,35,22679 | 22862 | 22917,merchant_supplier,,date_range=..
绩效与商家销售额汇总\01_绩效\非药商务绩效+热销价+商家进度统计_2026-07-22_sub_高运.xlsx,新开商业情况历史版,商业开店日期,date_candidate,1.0000,31,20250829 | 20250918 | 20250925,merchant_supplier,,date_range=2025-08-29..2026-07-17
绩效与商家销售额汇总\01_绩效\非药商务绩效+热销价+商家进度统计_2026-07-22_sub_高运.xlsx,新开商业情况历史版,商业首单日期,date_candidate,1.0000,31,20250917.0 | 20251017.0 | 20250926.0,merchant_supplier,,date_range=2025-09-17..2026-07-21
绩效与商家销售额汇总\01_绩效\非药商务绩效+热销价+商家进度统计_2026-07-22_sub_高运.xlsx,新开商业情况历史版,供应商省份,text_or_mixed,1.0000,7,江西省 | 四川省 | 四川省,merchant_supplier;region,,date_range=..
绩效与商家销售额汇总\01_绩效\非药商务绩效+热销价+商家进度统计_2026-07-22_sub_高运.xlsx,新开商业情况历史版,状态,text_or_mixed,1.0000,2,有效 | 有效 | 有效,,,date_range=..
绩效与商家销售额汇总\01_绩效\非药商务绩效+热销价+商家进度统计_2026-07-22_sub_高运.xlsx,新开商业情况历史版,商业保证金,text_or_mixed,1.0000,3,100000 | 100000 | 100000,merchant_supplier,,date_range=..
绩效与商家销售额汇总\01_绩效\非药商务绩效+热销价+商家进度统计_2026-07-22_sub_高运.xlsx,新开商业情况历史版,保证金余额,text_or_mixed,1.0000,20,100000 | 99926.6 | 98782.12,,,date_range=..
绩效与商家销售额汇总\01_绩效\非药商务绩效+热销价+商家进度统计_2026-07-22_sub_高运.xlsx,新开商业情况历史版,business_scope,text_or_mixed,0.9969,29,"6,7,8,12,21 | 0,2,6,8,21,28 | 0,2,3,6,7,8",,,date_range=..
绩效与商家销售额汇总\01_绩效\非药商务绩效+热销价+商家进度统计_2026-07-22_sub_高运.xlsx,新开商业情况历史版,主营业务关键词,text_or_mixed,0.9969,29,"生活用品,外用,消毒用品,计生用品,化妆品 | 生活用品,医疗器械,保健品,消毒用品,食品,计生用品 | 生活用品,医疗器械,保健品,营养品,计生用品,化妆品",,,date_range=..
绩效与商家销售额汇总\01_绩效\非药商务绩效+热销价+商家进度统计_2026-07-22_sub_高运.xlsx,新开商业情况历史版,type_scope,text_or_mixed,0.0000,0,,,,date_range=..
绩效与商家销售额汇总\01_绩效\非药商务绩效+热销价+商家进度统计_2026-07-22_sub_高运.xlsx,新开商业情况历史版,busi_scope,text_or_mixed,1.0000,23,"10,11,12,9 | 19,16,12,11,10,9,8,6 | 19,16,12,11,10,9,8,6",,,date_range=..
绩效与商家销售额汇总\01_绩效\非药商务绩效+热销价+商家进度统计_2026-07-22_sub_高运.xlsx,新开商业情况历史版,分类经营范围,text_or_mixed,0.0000,0,,,,date_range=..
绩效与商家销售额汇总\01_绩效\非药商务绩效+热销价+商家进度统计_2026-07-22_sub_高运.xlsx,新开商业情况历史版,商品经营范围,text_or_mixed,1.0000,21,"医疗器械（一类）,日用品,化妆品,消毒产品 | 医疗器械（一类）,日用品,化妆品,消毒产品,保健食品,医疗器械（二类免备案... | 医疗器械（一类）,日用品,化妆品,消毒产品,保健食品,医疗器械（二类免备案...",product,,date_range=..
绩效与商家销售额汇总\01_绩效\非药商务绩效+热销价+商家进度统计_2026-07-22_sub_高运.xlsx,新开商业情况历史版,冻结状态,text_or_mixed,1.0000,2,0 | 0 | 0,,,date_range=..
绩效与商家销售额汇总\01_绩效\非药商务绩效+热销价+商家进度统计_2026-07-22_sub_高运.xlsx,新开商业情况历史版,实时在架sku数,text_or_mixed,1.0000,33,33 | 148 | 954,product,,date_range=..
绩效与商家销售额汇总\01_绩效\非药商务绩效+热销价+商家进度统计_2026-07-22_sub_高运.xlsx,新开商业情况历史版,主店铺ID,text_or_mixed,1.0000,32,22679 | 22862 | 22917,,,date_range=..
绩效与商家销售额汇总\01_绩效\非药商务绩效+热销价+商家进度统计_2026-07-22_sub_高运.xlsx,新开商业情况历史版,月份,date_candidate,0.9937,19,2026-07 | 2026-07 | 2026-07,,,date_range=2025-01-01..2026-07-01
绩效与商家销售额汇总\01_绩效\非药商务绩效+热销价+商家进度统计_2026-07-22_sub_高运.xlsx,新开商业情况历史版,GMV,text_or_mixed,0.9937,236,23593.68 | 70986.71 | 240366.99,,GMV,date_range=..
绩效与商家销售额汇总\01_绩效\非药商务绩效+热销价+商家进度统计_2026-07-22_sub_高运.xlsx,新开商业情况历史版,之前月份的峰值,text_or_mixed,0.9937,76,36585.54 | 476864.78 | 558654.71,,,date_range=..
绩效与商家销售额汇总\01_绩效\非药商务绩效+热销价+商家进度统计_2026-07-22_sub_高运.xlsx,新开商业情况历史版,增量gmv,text_or_mixed,1.0000,86,0 | 0 | 0,,GMV,date_range=..
绩效与商家销售额汇总\01_绩效\非药商务绩效+热销价+商家进度统计_2026-07-22_sub_高运.xlsx,新开商业情况历史版,在架天数5天以上sku数,text_or_mixed,0.4245,90,33 | 152 | 965,product,,date_range=..
绩效与商家销售额汇总\01_绩效\非药商务绩效+热销价+商家进度统计_2026-07-22_sub_高运.xlsx,新开商业情况历史版,日期_dt,date_candidate,0.9937,30,2025-09-17 00:00:00 | 2025-10-17 00:00:00 | 2025-09-26 00:00:00,,,date_range=2025-09-17..2026-07-21
绩效与商家销售额汇总\01_绩效\非药商务绩效+热销价+商家进度统计_2026-07-22_sub_高运.xlsx,新开商业情况历史版,参考月份_dt,date_candidate,0.9937,30,2025-10-17 00:00:00 | 2025-11-17 00:00:00 | 2025-10-26 00:00:00,,,date_range=2025-10-17..2026-08-21
绩效与商家销售额汇总\01_绩效\非药商务绩效+热销价+商家进度统计_2026-07-22_sub_高运.xlsx,新开商业情况历史版,月份_dt,date_candidate,0.9937,19,2026-07-01 00:00:00 | 2026-07-01 00:00:00 | 2026-07-01 00:00:00,,,date_range=2025-01-01..2026-07-01
绩效与商家销售额汇总\01_绩效\非药商务绩效+热销价+商家进度统计_2026-07-22_sub_高运.xlsx,新开商业情况历史版,月份差,text_or_mixed,0.9937,28,9 | 8 | 9,,,date_range=..
绩效与商家销售额汇总\01_绩效\非药商务绩效+热销价+商家进度统计_2026-07-22_sub_高运.xlsx,新开商业情况历史版,商务对接人,text_or_mixed,1.0000,1,高运 | 高运 | 高运,operator,,date_range=..
绩效与商家销售额汇总\01_绩效\非药商务绩效+热销价+商家进度统计_2026-07-22_sub_高运.xlsx,新开商业情况历史版,简称,text_or_mixed,1.0000,35,江西古戈尔商贸 | 四川众恩德科技 | 成都天蕊贸易,,,date_range=..
绩效与商家销售额汇总\01_绩效\非药商务绩效+热销价+商家进度统计_2026-07-22_sub_高运.xlsx,新开商业情况历史版,供应商证件全称,text_or_mixed,1.0000,35,江西古戈尔商贸有限公司 | 四川众恩德科技有限公司 | 成都天蕊贸易有限公司,merchant_supplier,,date_range=..
绩效与商家销售额汇总\01_绩效\非药商务绩效+热销价+商家进度统计_2026-07-22_sub_高运.xlsx,新开商业情况历史版,运营名称,text_or_mixed,0.9811,1,高运 | 高运 | 高运,operator,,date_range=..
绩效与商家销售额汇总\01_绩效\非药商务绩效+热销价+商家进度统计_2026-07-22_sub_高运.xlsx,新开商业情况历史版,一线品牌品类gmv,text_or_mixed,1.0000,195,0 | 46285.55 | 214885.86,product,GMV,date_range=..
绩效与商家销售额汇总\01_绩效\非药商务绩效+热销价+商家进度统计_2026-07-22_sub_高运.xlsx,新开商业情况历史版,动销店数,text_or_mixed,0.4969,127,284 | 632 | 1167,,,date_range=..
绩效与商家销售额汇总\01_绩效\非药商务绩效+热销价+商家进度统计_2026-07-22_sub_高运.xlsx,新开商业情况历史版,分店GMV,text_or_mixed,0.4969,146,23593.68 | 70986.71 | 178532.33,,GMV,date_range=..
绩效与商家销售额汇总\01_绩效\非药商务绩效+热销价+商家进度统计_2026-07-22_sub_高运.xlsx,新开商业情况历史版,新开有效,text_or_mixed,1.0000,2,无效 | 无效 | 无效,,,date_range=..
绩效与商家销售额汇总\01_绩效\非药商务绩效+热销价+商家进度统计_2026-07-22_sub_高运.xlsx,新开商业情况历史版,非重点品gmv,text_or_mixed,0.9937,234,23593.68 | 24701.16 | 25481.13,,GMV,date_range=..
绩效与商家销售额汇总\01_绩效\非药商务绩效+热销价+商家进度统计_2026-07-22_sub_高运.xlsx,新开商业情况历史版,之前月份的非重点品峰值,text_or_mixed,1.0000,72,36585.54 | 40898.06 | 73409.32999999996,,,date_range=..
绩效与商家销售额汇总\01_绩效\非药商务绩效+热销价+商家进度统计_2026-07-22_sub_高运.xlsx,新开商业情况历史版,之前月份的重点品峰值,text_or_mixed,1.0000,58,0 | 442572.18 | 485245.38,,,date_range=..
绩效与商家销售额汇总\01_绩效\非药商务绩效+热销价+商家进度统计_2026-07-22_sub_高运.xlsx,新开商业情况历史版,非重点品增量gmv,text_or_mixed,1.0000,84,0 | 0 | 0,,GMV,date_range=..
绩效与商家销售额汇总\01_绩效\非药商务绩效+热销价+商家进度统计_2026-07-22_sub_高运.xlsx,新开商业情况历史版,重点品增量gmv,text_or_mixed,1.0000,66,0 | 0 | 0,,GMV,date_range=..
绩效与商家销售额汇总\01_绩效\非药商务绩效+热销价+商家进度统计_2026-07-22_sub_高运.xlsx,新开商业情况历史版,保证金水平,text_or_mixed,1.0000,4,100000 | 100000 | 100000,,,date_range=..
绩效与商家销售额汇总\01_绩效\非药商务绩效+热销价+商家进度统计_2026-07-22_sub_高运.xlsx,新开商业情况历史版,商业类型,text_or_mixed,1.0000,5,普通店 | 普通店 | 普通店,merchant_supplier,,date_range=..
绩效与商家销售额汇总\01_绩效\非药商务绩效+热销价+商家进度统计_2026-07-22_sub_高运.xlsx,新开商业情况历史版,有效计件,text_or_mixed,1.0000,4,0 | 0 | 0,,,date_range=..
绩效与商家销售额汇总\01_绩效\非药商务绩效+热销价+商家进度统计_2026-07-22_sub_高运.xlsx,新开商业情况历史版,开店月份,date_candidate,1.0000,10,2025-08 | 2025-09 | 2025-09,,,date_range=2025-08-01..2026-07-01
绩效与商家销售额汇总\01_绩效\非药商务绩效+热销价+商家进度统计_2026-07-22_sub_高运.xlsx,新开商业情况历史版,首单月份,date_candidate,1.0000,12,2025-09 | 2025-10 | 2025-09,,,date_range=2025-09-01..2026-07-01
绩效与商家销售额汇总\01_绩效\非药商务绩效+热销价+商家进度统计_2026-07-22_sub_高运.xlsx,新开商业情况历史版,增量分享标记,text_or_mixed,1.0000,2,0 | 0 | 0,,,date_range=..
绩效与商家销售额汇总\01_绩效\非药商务绩效+热销价+商家进度统计_2026-07-22_sub_高运.xlsx,新开商业情况历史版,当月是否5万,text_or_mixed,1.0000,2,0 | 1 | 1,,,date_range=..
绩效与商家销售额汇总\01_绩效\非药商务绩效+热销价+商家进度统计_2026-07-22_sub_高运.xlsx,新开商业情况历史版,日均gmv,text_or_mixed,0.4969,146,1123.508571428571 | <PHONE_MASKED> | 8501.539523809523,,GMV,date_range=..
绩效与商家销售额汇总\01_绩效\非药商务绩效+热销价+商家进度统计_2026-07-22_sub_高运.xlsx,新开商业情况历史版,预估五万达成,text_or_mixed,1.0000,2,0 | 1 | 1,,,date_range=..
绩效与商家销售额汇总\01_绩效\非药商务绩效+热销价+商家进度统计_2026-07-22_sub_高运.xlsx,医疗器械经营店,药店ID,text_or_mixed,1.0000,1,3389366,purchasing_customer,,date_range=..
绩效与商家销售额汇总\01_绩效\非药商务绩效+热销价+商家进度统计_2026-07-22_sub_高运.xlsx,医疗器械经营店,省份,text_or_mixed,1.0000,1,重庆市,region,,date_range=..
绩效与商家销售额汇总\01_绩效\非药商务绩效+热销价+商家进度统计_2026-07-22_sub_高运.xlsx,医疗器械经营店,市区,text_or_mixed,1.0000,1,重庆市,region,,date_range=..
绩效与商家销售额汇总\01_绩效\非药商务绩效+热销价+商家进度统计_2026-07-22_sub_高运.xlsx,医疗器械经营店,full_name,text_or_mixed,1.0000,1,重庆康美迪贸易有限公司,,,date_range=..
绩效与商家销售额汇总\01_绩效\非药商务绩效+热销价+商家进度统计_2026-07-22_sub_高运.xlsx,医疗器械经营店,在药师帮注册日期,date_candidate,1.0000,1,2024-08-27 14:21:20,,,date_range=2024-08-27..2024-08-27
绩效与商家销售额汇总\01_绩效\非药商务绩效+热销价+商家进度统计_2026-07-22_sub_高运.xlsx,医疗器械经营店,启用日期,date_candidate,1.0000,1,2025-09-13 11:04:56,,,date_range=2025-09-13..2025-09-13
绩效与商家销售额汇总\01_绩效\非药商务绩效+热销价+商家进度统计_2026-07-22_sub_高运.xlsx,医疗器械经营店,药店首单日期,date_candidate,1.0000,1,2025-11-13 14:23:27,purchasing_customer,,date_range=2025-11-13..2025-11-13
绩效与商家销售额汇总\01_绩效\非药商务绩效+热销价+商家进度统计_2026-07-22_sub_高运.xlsx,医疗器械经营店,BD,text_or_mixed,1.0000,1,唐雯琦,operator,,date_range=..
绩效与商家销售额汇总\01_绩效\非药商务绩效+热销价+商家进度统计_2026-07-22_sub_高运.xlsx,医疗器械经营店,是否添加微信,text_or_mixed,1.0000,1,0,,,date_range=..
绩效与商家销售额汇总\01_绩效\非药商务绩效+热销价+商家进度统计_2026-07-22_sub_高运.xlsx,医疗器械经营店,药采购权限审核通过日期,date_candidate,1.0000,1,2025-09-13 11:04:56,,,date_range=2025-09-13..2025-09-13
绩效与商家销售额汇总\01_绩效\非药商务绩效+热销价+商家进度统计_2026-07-22_sub_高运.xlsx,医疗器械经营店,最近一次申请药采购权限时间,date_candidate,1.0000,1,2025-09-13 11:04:56,,,date_range=2025-09-13..2025-09-13
绩效与商家销售额汇总\01_绩效\非药商务绩效+热销价+商家进度统计_2026-07-22_sub_高运.xlsx,医疗器械经营店,商务对接人,text_or_mixed,1.0000,1,高运,operator,,date_range=..
绩效与商家销售额汇总\01_绩效\非药商务绩效+热销价+商家进度统计_2026-07-22_sub_高运.xlsx,医疗器械经营店,美团评级,text_or_mixed,1.0000,1,0,,,date_range=..
绩效与商家销售额汇总\01_绩效\非药商务绩效+热销价+商家进度统计_2026-07-22_sub_高运.xlsx,医疗器械经营店,标签,text_or_mixed,0.0000,0,,,,date_range=..
绩效与商家销售额汇总\01_绩效\非药商务绩效+热销价+商家进度统计_2026-07-22_sub_高运.xlsx,医疗器械经营店,对接,text_or_mixed,0.0000,0,,,,date_range=..
绩效与商家销售额汇总\01_绩效\非药商务绩效+热销价+商家进度统计_2026-07-22_sub_高运.xlsx,医疗器械经营店,负责人1,text_or_mixed,0.0000,0,,operator,,date_range=..
绩效与商家销售额汇总\01_绩效\非药商务绩效+热销价+商家进度统计_2026-07-22_sub_高运.xlsx,医疗器械经营店,负责人2,text_or_mixed,0.0000,0,,operator,,date_range=..
绩效与商家销售额汇总\01_绩效\非药商务绩效+热销价+商家进度统计_2026-07-22_sub_高运.xlsx,医疗器械经营店,商家组负责人,text_or_mixed,1.0000,1,nan,merchant_supplier;operator,,date_range=..
绩效与商家销售额汇总\01_绩效\非药商务绩效+热销价+商家进度统计_2026-07-22_sub_高运.xlsx,医疗器械经营店,线索提供人*,text_or_mixed,1.0000,1,nan,,,date_range=..
绩效与商家销售额汇总\01_绩效\非药商务绩效+热销价+商家进度统计_2026-07-22_sub_高运.xlsx,医疗器械经营店,激励,text_or_mixed,1.0000,1,nan,,,date_range=..
绩效与商家销售额汇总\01_绩效\非药商务绩效+热销价+商家进度统计_2026-07-22_sub_高运.xlsx,医疗器械经营店,BD线索,text_or_mixed,1.0000,1,nan,operator,,date_range=..
绩效与商家销售额汇总\01_绩效\非药商务绩效+热销价+商家进度统计_2026-07-22_sub_高运.xlsx,医疗器械经营店,a202601,text_or_mixed,1.0000,1,0,,,date_range=..
绩效与商家销售额汇总\01_绩效\非药商务绩效+热销价+商家进度统计_2026-07-22_sub_高运.xlsx,医疗器械经营店,a202602,text_or_mixed,1.0000,1,0,,,date_range=..
绩效与商家销售额汇总\01_绩效\非药商务绩效+热销价+商家进度统计_2026-07-22_sub_高运.xlsx,医疗器械经营店,a202603,text_or_mixed,1.0000,1,0,,,date_range=..
绩效与商家销售额汇总\01_绩效\非药商务绩效+热销价+商家进度统计_2026-07-22_sub_高运.xlsx,医疗器械经营店,a202604,text_or_mixed,1.0000,1,0,,,date_range=..
绩效与商家销售额汇总\01_绩效\非药商务绩效+热销价+商家进度统计_2026-07-22_sub_高运.xlsx,医疗器械经营店,a202605,text_or_mixed,1.0000,1,0,,,date_range=..
绩效与商家销售额汇总\01_绩效\非药商务绩效+热销价+商家进度统计_2026-07-22_sub_高运.xlsx,医疗器械经营店,a202606,text_or_mixed,1.0000,1,0,,,date_range=..
绩效与商家销售额汇总\01_绩效\非药商务绩效+热销价+商家进度统计_2026-07-22_sub_高运.xlsx,医疗器械经营店,a202607,text_or_mixed,1.0000,1,0,,,date_range=..
绩效与商家销售额汇总\01_绩效\非药商务绩效+热销价+商家进度统计_2026-07-22_sub_高运.xlsx,医疗器械经营店,新开标签,text_or_mixed,0.0000,0,,,,date_range=..
绩效与商家销售额汇总\01_绩效\非药商务绩效+热销价+商家进度统计_2026-07-22_sub_高运.xlsx,新开商业补充保证金情况,供应商ID,text_or_mixed,1.0000,1,24447,merchant_supplier,,date_range=..
绩效与商家销售额汇总\01_绩效\非药商务绩效+热销价+商家进度统计_2026-07-22_sub_高运.xlsx,新开商业补充保证金情况,月份,date_candidate,1.0000,1,2026-04,,,date_range=2026-04-01..2026-04-01
绩效与商家销售额汇总\01_绩效\非药商务绩效+热销价+商家进度统计_2026-07-22_sub_高运.xlsx,新开商业补充保证金情况,简称,text_or_mixed,1.0000,1,成都德善堂生物科技,,,date_range=..
绩效与商家销售额汇总\01_绩效\非药商务绩效+热销价+商家进度统计_2026-07-22_sub_高运.xlsx,新开商业补充保证金情况,状态,text_or_mixed,1.0000,1,有效,,,date_range=..
绩效与商家销售额汇总\01_绩效\非药商务绩效+热销价+商家进度统计_2026-07-22_sub_高运.xlsx,新开商业补充保证金情况,商务对接人,text_or_mixed,1.0000,1,高运,operator,,date_range=..
绩效与商家销售额汇总\01_绩效\非药商务绩效+热销价+商家进度统计_2026-07-22_sub_高运.xlsx,新开商业补充保证金情况,最新保证金水平,text_or_mixed,1.0000,1,100000,,,date_range=..
绩效与商家销售额汇总\01_绩效\非药商务绩效+热销价+商家进度统计_2026-07-22_sub_高运.xlsx,新开商业补充保证金情况,过去保证金水平,text_or_mixed,1.0000,1,10000,,,date_range=..
绩效与商家销售额汇总\01_绩效\非药商务绩效+热销价+商家进度统计_2026-07-22_sub_高运.xlsx,新开商业补充保证金情况,过去有效计件,text_or_mixed,1.0000,1,0.2,,,date_range=..
绩效与商家销售额汇总\01_绩效\非药商务绩效+热销价+商家进度统计_2026-07-22_sub_高运.xlsx,新开商业补充保证金情况,补充新开系数,text_or_mixed,1.0000,1,0,,,date_range=..
绩效与商家销售额汇总\01_绩效\非药商务绩效+热销价+商家进度统计_2026-07-22_sub_高运.xlsx,新开商业补充保证金情况,最新当月有效计件,text_or_mixed,1.0000,1,0,,,date_range=..
绩效与商家销售额汇总\01_绩效\非药商务绩效+热销价+商家进度统计_2026-07-27_sub_高运.xlsx,总体目标,月份,date_candidate,1.0000,7,2026-02 | 2026-05 | 2026-07,,,date_range=2026-01-01..2026-07-01
绩效与商家销售额汇总\01_绩效\非药商务绩效+热销价+商家进度统计_2026-07-27_sub_高运.xlsx,总体目标,商务对接人,text_or_mixed,1.0000,1,高运 | 高运 | 高运,operator,,date_range=..
绩效与商家销售额汇总\01_绩效\非药商务绩效+热销价+商家进度统计_2026-07-27_sub_高运.xlsx,总体目标,非重点品增量gmv,text_or_mixed,1.0000,7,<PHONE_MASKED> | 51825.07 | 84925.55000000002,,GMV,date_range=..
绩效与商家销售额汇总\01_绩效\非药商务绩效+热销价+商家进度统计_2026-07-27_sub_高运.xlsx,总体目标,重点品增量gmv,text_or_mixed,1.0000,7,49572.46999999999 | 13129.34 | 148188.73,,GMV,date_range=..
绩效与商家销售额汇总\01_绩效\非药商务绩效+热销价+商家进度统计_2026-07-27_sub_高运.xlsx,总体目标,新开6个月内5万商家数,text_or_mixed,1.0000,5,4 | 5 | 11,merchant_supplier,,date_range=..
绩效与商家销售额汇总\01_绩效\非药商务绩效+热销价+商家进度统计_2026-07-27_sub_高运.xlsx,总体目标,开店商业数,text_or_mixed,0.8571,4,4 | 4 | 2,merchant_supplier,,date_range=..
绩效与商家销售额汇总\01_绩效\非药商务绩效+热销价+商家进度统计_2026-07-27_sub_高运.xlsx,总体目标,首单商业数,text_or_mixed,1.0000,5,1 | 5 | 3,merchant_supplier,,date_range=..
绩效与商家销售额汇总\01_绩效\非药商务绩效+热销价+商家进度统计_2026-07-27_sub_高运.xlsx,总体目标,品牌店开店商业数,text_or_mixed,0.4286,1,1 | 1 | 1,merchant_supplier;product,,date_range=..
绩效与商家销售额汇总\01_绩效\非药商务绩效+热销价+商家进度统计_2026-07-27_sub_高运.xlsx,总体目标,有效新开数,text_or_mixed,1.0000,6,1.2 | 1.3 | 1.1,,,date_range=..
绩效与商家销售额汇总\01_绩效\非药商务绩效+热销价+商家进度统计_2026-07-27_sub_高运.xlsx,总体目标,当月订单数,text_or_mixed,1.0000,7,9530 | 16095 | 17367,,订单,date_range=..
绩效与商家销售额汇总\01_绩效\非药商务绩效+热销价+商家进度统计_2026-07-27_sub_高运.xlsx,总体目标,当月商家原因售后订单数,text_or_mixed,1.0000,7,167 | 363 | 322,merchant_supplier,订单,date_range=..
绩效与商家销售额汇总\01_绩效\非药商务绩效+热销价+商家进度统计_2026-07-27_sub_高运.xlsx,总体目标,上月订单数,text_or_mixed,1.0000,7,9566 | 14020 | 18944,,订单,date_range=..
绩效与商家销售额汇总\01_绩效\非药商务绩效+热销价+商家进度统计_2026-07-27_sub_高运.xlsx,总体目标,上月商家原因售后订单数,text_or_mixed,1.0000,7,127 | 293 | 486,merchant_supplier,订单,date_range=..
绩效与商家销售额汇总\01_绩效\非药商务绩效+热销价+商家进度统计_2026-07-27_sub_高运.xlsx,总体目标,当月商家原因售后订单率,text_or_mixed,1.0000,7,<PHONE_MASKED> | 0.02255358807082945 | <PHONE_MASKED>,merchant_supplier,订单,date_range=..
绩效与商家销售额汇总\01_绩效\非药商务绩效+热销价+商家进度统计_2026-07-27_sub_高运.xlsx,总体目标,上月商家原因售后订单率,text_or_mixed,1.0000,7,<PHONE_MASKED> | 0.02089871611982881 | 0.02565456081081081,merchant_supplier,订单,date_range=..
绩效与商家销售额汇总\01_绩效\非药商务绩效+热销价+商家进度统计_2026-07-27_sub_高运.xlsx,总体目标,当月商家原因售后订单率环比,text_or_mixed,1.0000,7,<PHONE_MASKED> | <PHONE_MASKED> | -0.2772859742271718,merchant_supplier,订单,date_range=..
绩效与商家销售额汇总\01_绩效\非药商务绩效+热销价+商家进度统计_2026-07-27_sub_高运.xlsx,总体目标,售后备注,text_or_mixed,1.0000,2,绩效扣除10% | 绩效扣除10% | 无事发生,,,date_range=..
绩效与商家销售额汇总\01_绩效\非药商务绩效+热销价+商家进度统计_2026-07-27_sub_高运.xlsx,总体目标,补充新开系数,text_or_mixed,1.0000,1,0 | 0 | 0,,,date_range=..
绩效与商家销售额汇总\01_绩效\非药商务绩效+热销价+商家进度统计_2026-07-27_sub_高运.xlsx,总体目标,新开系数,text_or_mixed,1.0000,6,1.2 | 1.3 | 1.1,,,date_range=..
绩效与商家销售额汇总\01_绩效\非药商务绩效+热销价+商家进度统计_2026-07-27_sub_高运.xlsx,总体目标,对应每家计件奖金,text_or_mixed,1.0000,2,0 | 0 | 0,,,date_range=..
绩效与商家销售额汇总\01_绩效\非药商务绩效+热销价+商家进度统计_2026-07-27_sub_高运.xlsx,总体目标,破峰提成系数,text_or_mixed,1.0000,2,0 | 0 | 0,,,date_range=..
绩效与商家销售额汇总\01_绩效\非药商务绩效+热销价+商家进度统计_2026-07-27_sub_高运.xlsx,商业售后情况统计,月份,date_candidate,1.0000,20,202512 | 202503 | 202502,,,date_range=2024-12-01..2026-07-01
绩效与商家销售额汇总\01_绩效\非药商务绩效+热销价+商家进度统计_2026-07-27_sub_高运.xlsx,商业售后情况统计,商务对接人1,text_or_mixed,1.0000,1,高运 | 高运 | 高运,operator,,date_range=..
绩效与商家销售额汇总\01_绩效\非药商务绩效+热销价+商家进度统计_2026-07-27_sub_高运.xlsx,商业售后情况统计,当月订单数,text_or_mixed,1.0000,20,6586 | 1200 | 1228,,订单,date_range=..
绩效与商家销售额汇总\01_绩效\非药商务绩效+热销价+商家进度统计_2026-07-27_sub_高运.xlsx,商业售后情况统计,当月商家原因售后订单数,text_or_mixed,1.0000,20,99 | 65 | 88,merchant_supplier,订单,date_range=..
绩效与商家销售额汇总\01_绩效\非药商务绩效+热销价+商家进度统计_2026-07-27_sub_高运.xlsx,商业售后情况统计,上月订单数,text_or_mixed,1.0000,20,7139 | 1228 | 1036,,订单,date_range=..
绩效与商家销售额汇总\01_绩效\非药商务绩效+热销价+商家进度统计_2026-07-27_sub_高运.xlsx,商业售后情况统计,上月商家原因售后订单数,text_or_mixed,1.0000,20,104 | 88 | 57,merchant_supplier,订单,date_range=..
绩效与商家销售额汇总\01_绩效\非药商务绩效+热销价+商家进度统计_2026-07-27_sub_高运.xlsx,商业售后情况统计,当月商家原因售后订单率,text_or_mixed,1.0000,20,<PHONE_MASKED> | <PHONE_MASKED> | <PHONE_MASKED>,merchant_supplier,订单,date_range=..
绩效与商家销售额汇总\01_绩效\非药商务绩效+热销价+商家进度统计_2026-07-27_sub_高运.xlsx,商业售后情况统计,上月商家原因售后订单率,text_or_mixed,0.9500,19,<PHONE_MASKED> | <PHONE_MASKED> | <PHONE_MASKED>,merchant_supplier,订单,date_range=..
绩效与商家销售额汇总\01_绩效\非药商务绩效+热销价+商家进度统计_2026-07-27_sub_高运.xlsx,商业售后情况,月份,date_candidate,1.0000,20,202510 | 202602 | 202605,,,date_range=2024-12-01..2026-07-01
绩效与商家销售额汇总\01_绩效\非药商务绩效+热销价+商家进度统计_2026-07-27_sub_高运.xlsx,商业售后情况,供应商ID,text_or_mixed,1.0000,38,22940 | 21964 | 24474,merchant_supplier,,date_range=..
绩效与商家销售额汇总\01_绩效\非药商务绩效+热销价+商家进度统计_2026-07-27_sub_高运.xlsx,商业售后情况,供应商名称,text_or_mixed,1.0000,38,四川壹贝佳健康咨询 | 四川承泰仁商贸 | 成都三合力医疗用品,merchant_supplier,,date_range=..
绩效与商家销售额汇总\01_绩效\非药商务绩效+热销价+商家进度统计_2026-07-27_sub_高运.xlsx,商业售后情况,商业开店日期,date_candidate,1.0000,36,20250928 | 20250619 | 20260325,merchant_supplier,,date_range=2023-01-12..2026-07-15
绩效与商家销售额汇总\01_绩效\非药商务绩效+热销价+商家进度统计_2026-07-27_sub_高运.xlsx,商业售后情况,当月订单数,text_or_mixed,1.0000,196,1077 | 350 | 9,,订单,date_range=..
绩效与商家销售额汇总\01_绩效\非药商务绩效+热销价+商家进度统计_2026-07-27_sub_高运.xlsx,商业售后情况,上月订单数,text_or_mixed,1.0000,171,1 | 396 | 4,,订单,date_range=..
绩效与商家销售额汇总\01_绩效\非药商务绩效+热销价+商家进度统计_2026-07-27_sub_高运.xlsx,商业售后情况,当月售后订单数,text_or_mixed,1.0000,68,42 | 12 | 0,,订单,date_range=..
绩效与商家销售额汇总\01_绩效\非药商务绩效+热销价+商家进度统计_2026-07-27_sub_高运.xlsx,商业售后情况,上月售后订单数,text_or_mixed,1.0000,65,0 | 6 | 0,,订单,date_range=..
绩效与商家销售额汇总\01_绩效\非药商务绩效+热销价+商家进度统计_2026-07-27_sub_高运.xlsx,商业售后情况,当月商家原因售后订单数,text_or_mixed,1.0000,49,8 | 3 | 0,merchant_supplier,订单,date_range=..
绩效与商家销售额汇总\01_绩效\非药商务绩效+热销价+商家进度统计_2026-07-27_sub_高运.xlsx,商业售后情况,上月商家原因售后订单数,text_or_mixed,1.0000,48,0 | 1 | 0,merchant_supplier,订单,date_range=..
绩效与商家销售额汇总\01_绩效\非药商务绩效+热销价+商家进度统计_2026-07-27_sub_高运.xlsx,商业售后情况,商务对接人,text_or_mixed,0.9200,1,高运 | 高运 | 高运,operator,,date_range=..
绩效与商家销售额汇总\01_绩效\非药商务绩效+热销价+商家进度统计_2026-07-27_sub_高运.xlsx,商业售后情况,供应商省份,text_or_mixed,1.0000,6,四川省 | 四川省 | 四川省,merchant_supplier;region,,date_range=..
绩效与商家销售额汇总\01_绩效\非药商务绩效+热销价+商家进度统计_2026-07-27_sub_高运.xlsx,商业售后情况,运营名称,text_or_mixed,0.7680,1,高运 | 高运 | 高运,operator,,date_range=..
绩效与商家销售额汇总\01_绩效\非药商务绩效+热销价+商家进度统计_2026-07-27_sub_高运.xlsx,商业售后情况,对应人,text_or_mixed,1.0000,1,高运 | 高运 | 高运,,,date_range=..
绩效与商家销售额汇总\01_绩效\非药商务绩效+热销价+商家进度统计_2026-07-27_sub_高运.xlsx,商业售后情况,当月商家原因售后订单率,text_or_mixed,1.0000,181,<ID_MASKED> | <PHONE_MASKED> | 0,merchant_supplier,订单,date_range=..
绩效与商家销售额汇总\01_绩效\非药商务绩效+热销价+商家进度统计_2026-07-27_sub_高运.xlsx,商业售后情况,上月商家原因售后订单率,text_or_mixed,1.0000,155,0 | <ID_MASKED> | 0,merchant_supplier,订单,date_range=..
绩效与商家销售额汇总\01_绩效\非药商务绩效+热销价+商家进度统计_2026-07-27_sub_高运.xlsx,商业售后情况,商家原因售后订单率环比,text_or_mixed,1.0000,149,0 | 2.394285714285714 | 0,merchant_supplier,订单,date_range=..
绩效与商家销售额汇总\01_绩效\非药商务绩效+热销价+商家进度统计_2026-07-27_sub_高运.xlsx,商业每月GMV,供应商ID,text_or_mixed,1.0000,38,11628 | 11984 | 21117,merchant_supplier,,date_range=..
绩效与商家销售额汇总\01_绩效\非药商务绩效+热销价+商家进度统计_2026-07-27_sub_高运.xlsx,商业每月GMV,供应商名称,text_or_mixed,1.0000,38,子钦医疗 | 四川北尘 | 四川赤泉甘木生物科技,merchant_supplier,,date_range=..
绩效与商家销售额汇总\01_绩效\非药商务绩效+热销价+商家进度统计_2026-07-27_sub_高运.xlsx,商业每月GMV,供应商证件名称,text_or_mixed,1.0000,38,子钦医疗器械（重庆）股份有限公司 | 四川省北尘医药科技有限公司 | 四川赤泉甘木生物科技有限公司,merchant_supplier,,date_range=..
绩效与商家销售额汇总\01_绩效\非药商务绩效+热销价+商家进度统计_2026-07-27_sub_高运.xlsx,商业每月GMV,供应商省份,text_or_mixed,1.0000,6,重庆市 | 四川省 | 四川省,merchant_supplier;region,,date_range=..
绩效与商家销售额汇总\01_绩效\非药商务绩效+热销价+商家进度统计_2026-07-27_sub_高运.xlsx,商业每月GMV,供应商城市,text_or_mixed,1.0000,9,重庆市 | 成都市 | 成都市,merchant_supplier;region,,date_range=..
绩效与商家销售额汇总\01_绩效\非药商务绩效+热销价+商家进度统计_2026-07-27_sub_高运.xlsx,商业每月GMV,商业类型,text_or_mixed,0.8158,5,普通店 | 普通店 | 普通店,merchant_supplier,,date_range=..
绩效与商家销售额汇总\01_绩效\非药商务绩效+热销价+商家进度统计_2026-07-27_sub_高运.xlsx,商业每月GMV,商业开店日期,date_candidate,1.0000,36,20230112 | 20230216 | 20250407,merchant_supplier,,date_range=2023-01-12..2026-07-15
绩效与商家销售额汇总\01_绩效\非药商务绩效+热销价+商家进度统计_2026-07-27_sub_高运.xlsx,商业每月GMV,商业首单日期,date_candidate,1.0000,36,20230707 | 20230308 | 20250806,merchant_supplier,,date_range=2023-03-08..2026-07-21
绩效与商家销售额汇总\01_绩效\非药商务绩效+热销价+商家进度统计_2026-07-27_sub_高运.xlsx,商业每月GMV,状态,text_or_mixed,1.0000,2,有效 | 有效 | 即将上架,,,date_range=..
绩效与商家销售额汇总\01_绩效\非药商务绩效+热销价+商家进度统计_2026-07-27_sub_高运.xlsx,商业每月GMV,a202607,text_or_mixed,0.9737,37,2596.2 | 37005 | 1759.29,,,date_range=..
绩效与商家销售额汇总\01_绩效\非药商务绩效+热销价+商家进度统计_2026-07-27_sub_高运.xlsx,商业每月GMV,a202606,text_or_mixed,0.8947,34,1181 | 36901.56 | 318553.35,,,date_range=..
绩效与商家销售额汇总\01_绩效\非药商务绩效+热销价+商家进度统计_2026-07-27_sub_高运.xlsx,商业每月GMV,a202605,text_or_mixed,0.7368,28,300 | 44156.78 | 288037.08,,,date_range=..
绩效与商家销售额汇总\01_绩效\非药商务绩效+热销价+商家进度统计_2026-07-27_sub_高运.xlsx,商业每月GMV,a202604,text_or_mixed,0.6053,23,528 | 44120.67 | 208811.94,,,date_range=..
绩效与商家销售额汇总\01_绩效\非药商务绩效+热销价+商家进度统计_2026-07-27_sub_高运.xlsx,商业每月GMV,a202603,text_or_mixed,0.4737,18,2176 | 63283.81 | 292587.04,,,date_range=..
绩效与商家销售额汇总\01_绩效\非药商务绩效+热销价+商家进度统计_2026-07-27_sub_高运.xlsx,商业每月GMV,a202602,text_or_mixed,0.3684,14,1478 | 52528.5 | 120386.2,,,date_range=..
绩效与商家销售额汇总\01_绩效\非药商务绩效+热销价+商家进度统计_2026-07-27_sub_高运.xlsx,商业每月GMV,a202601,text_or_mixed,0.3947,15,664 | 59338.99 | 753.97,,,date_range=..
绩效与商家销售额汇总\01_绩效\非药商务绩效+热销价+商家进度统计_2026-07-27_sub_高运.xlsx,商业每月GMV,a202512,text_or_mixed,0.3947,14,984 | 82448.34 | 812,,,date_range=..
绩效与商家销售额汇总\01_绩效\非药商务绩效+热销价+商家进度统计_2026-07-27_sub_高运.xlsx,商业每月GMV,a202511,text_or_mixed,0.3947,13,210 | 47545.26 | 3305.95,,,date_range=..
绩效与商家销售额汇总\01_绩效\非药商务绩效+热销价+商家进度统计_2026-07-27_sub_高运.xlsx,商业每月GMV,a202510,text_or_mixed,0.3947,12,210 | 70992.39 | 6072.6,,,date_range=..
绩效与商家销售额汇总\01_绩效\非药商务绩效+热销价+商家进度统计_2026-07-27_sub_高运.xlsx,商业每月GMV,a202509,text_or_mixed,0.3947,11,64 | 73251.71 | 1740,,,date_range=..
绩效与商家销售额汇总\01_绩效\非药商务绩效+热销价+商家进度统计_2026-07-27_sub_高运.xlsx,商业每月GMV,a202508,text_or_mixed,0.3947,8,845 | 63355.03 | 2950,,,date_range=..
绩效与商家销售额汇总\01_绩效\非药商务绩效+热销价+商家进度统计_2026-07-27_sub_高运.xlsx,商业每月GMV,a202507,text_or_mixed,0.3947,7,1398 | 41128.81 | 0,,,date_range=..
绩效与商家销售额汇总\01_绩效\非药商务绩效+热销价+商家进度统计_2026-07-27_sub_高运.xlsx,商业每月GMV,a202506,text_or_mixed,0.3947,5,906 | 30131.56 | 0,,,date_range=..
绩效与商家销售额汇总\01_绩效\非药商务绩效+热销价+商家进度统计_2026-07-27_sub_高运.xlsx,商业每月GMV,a202505,text_or_mixed,0.3947,5,175 | 30319.78 | 0,,,date_range=..
绩效与商家销售额汇总\01_绩效\非药商务绩效+热销价+商家进度统计_2026-07-27_sub_高运.xlsx,商业每月GMV,a202504,text_or_mixed,0.3947,4,745 | 125657.71 | 0,,,date_range=..
绩效与商家销售额汇总\01_绩效\非药商务绩效+热销价+商家进度统计_2026-07-27_sub_高运.xlsx,商业每月GMV,a202503,text_or_mixed,0.3947,4,613 | 126389.26 | 0,,,date_range=..
绩效与商家销售额汇总\01_绩效\非药商务绩效+热销价+商家进度统计_2026-07-27_sub_高运.xlsx,商业每月GMV,a202502,text_or_mixed,0.3947,4,1345 | 42059.48 | 0,,,date_range=..
绩效与商家销售额汇总\01_绩效\非药商务绩效+热销价+商家进度统计_2026-07-27_sub_高运.xlsx,商业每月GMV,a202501,text_or_mixed,0.3947,4,2055 | 51651.49 | 0,,,date_range=..
绩效与商家销售额汇总\01_绩效\非药商务绩效+热销价+商家进度统计_2026-07-27_sub_高运.xlsx,商业每月GMV,a202412,text_or_mixed,0.3947,4,175 | 49892.86 | 0,,,date_range=..
绩效与商家销售额汇总\01_绩效\非药商务绩效+热销价+商家进度统计_2026-07-27_sub_高运.xlsx,商业每月GMV,a202411,text_or_mixed,0.3947,4,1763 | 65085.17 | 0,,,date_range=..
绩效与商家销售额汇总\01_绩效\非药商务绩效+热销价+商家进度统计_2026-07-27_sub_高运.xlsx,商业每月GMV,a202410,text_or_mixed,0.3947,4,3198.8 | 77585.72 | 0,,,date_range=..
绩效与商家销售额汇总\01_绩效\非药商务绩效+热销价+商家进度统计_2026-07-27_sub_高运.xlsx,商业每月GMV,a202409,text_or_mixed,0.3947,3,2267 | 79720.73 | 0,,,date_range=..
绩效与商家销售额汇总\01_绩效\非药商务绩效+热销价+商家进度统计_2026-07-27_sub_高运.xlsx,商业每月GMV,a202408,text_or_mixed,0.3947,3,2305.9 | 56772.47 | 0,,,date_range=..
绩效与商家销售额汇总\01_绩效\非药商务绩效+热销价+商家进度统计_2026-07-27_sub_高运.xlsx,商业每月GMV,a202407,text_or_mixed,0.3947,3,4457.9 | 49677.17 | 0,,,date_range=..
绩效与商家销售额汇总\01_绩效\非药商务绩效+热销价+商家进度统计_2026-07-27_sub_高运.xlsx,商业每月GMV,a202406,text_or_mixed,0.3947,3,3969.42 | 73864.91 | 0,,,date_range=..
绩效与商家销售额汇总\01_绩效\非药商务绩效+热销价+商家进度统计_2026-07-27_sub_高运.xlsx,商业每月GMV,a202405,text_or_mixed,0.3947,3,1632.9 | 60790.03 | 0,,,date_range=..
绩效与商家销售额汇总\01_绩效\非药商务绩效+热销价+商家进度统计_2026-07-27_sub_高运.xlsx,商业每月GMV,a202404,text_or_mixed,0.3947,3,1848.9 | 90706.07 | 0,,,date_range=..
绩效与商家销售额汇总\01_绩效\非药商务绩效+热销价+商家进度统计_2026-07-27_sub_高运.xlsx,商业每月GMV,a202403,text_or_mixed,0.3947,3,1900.9 | 121257.92 | 0,,,date_range=..
绩效与商家销售额汇总\01_绩效\非药商务绩效+热销价+商家进度统计_2026-07-27_sub_高运.xlsx,商业每月GMV,a202402,text_or_mixed,0.3947,3,2435.34 | 70187.27 | 0,,,date_range=..
绩效与商家销售额汇总\01_绩效\非药商务绩效+热销价+商家进度统计_2026-07-27_sub_高运.xlsx,商业每月GMV,a202401,text_or_mixed,0.3947,3,4624.75 | 94529.7 | 0,,,date_range=..
绩效与商家销售额汇总\01_绩效\非药商务绩效+热销价+商家进度统计_2026-07-27_sub_高运.xlsx,商业每月GMV,a202312,text_or_mixed,0.3947,3,849.54 | 102807.2 | 0,,,date_range=..
绩效与商家销售额汇总\01_绩效\非药商务绩效+热销价+商家进度统计_2026-07-27_sub_高运.xlsx,商业每月GMV,a202311,text_or_mixed,0.3947,3,977.58 | 112600.73 | 0,,,date_range=..
绩效与商家销售额汇总\01_绩效\非药商务绩效+热销价+商家进度统计_2026-07-27_sub_高运.xlsx,商业每月GMV,a202310,text_or_mixed,0.3947,3,325.24 | 112943.43 | 0,,,date_range=..
绩效与商家销售额汇总\01_绩效\非药商务绩效+热销价+商家进度统计_2026-07-27_sub_高运.xlsx,商业每月GMV,a202309,text_or_mixed,0.3947,3,314.95 | 89132.77 | 0,,,date_range=..
绩效与商家销售额汇总\01_绩效\非药商务绩效+热销价+商家进度统计_2026-07-27_sub_高运.xlsx,商业每月GMV,a202308,text_or_mixed,0.3947,2,0 | 151644.67 | 0,,,date_range=..
绩效与商家销售额汇总\01_绩效\非药商务绩效+热销价+商家进度统计_2026-07-27_sub_高运.xlsx,商业每月GMV,a202307,text_or_mixed,0.3947,3,100 | 169361.71 | 0,,,date_range=..
绩效与商家销售额汇总\01_绩效\非药商务绩效+热销价+商家进度统计_2026-07-27_sub_高运.xlsx,商业每月GMV,a202306,text_or_mixed,0.3947,2,0 | 86209.46 | 0,,,date_range=..
绩效与商家销售额汇总\01_绩效\非药商务绩效+热销价+商家进度统计_2026-07-27_sub_高运.xlsx,商业每月GMV,a202305,text_or_mixed,0.3947,2,0 | 189073.73 | 0,,,date_range=..
绩效与商家销售额汇总\01_绩效\非药商务绩效+热销价+商家进度统计_2026-07-27_sub_高运.xlsx,商业每月GMV,a202304,text_or_mixed,0.3947,2,0 | 149466.67 | 0,,,date_range=..
绩效与商家销售额汇总\01_绩效\非药商务绩效+热销价+商家进度统计_2026-07-27_sub_高运.xlsx,商业每月GMV,a202303,text_or_mixed,0.3947,2,0 | 66989.08 | 0,,,date_range=..
绩效与商家销售额汇总\01_绩效\非药商务绩效+热销价+商家进度统计_2026-07-27_sub_高运.xlsx,商业每月GMV,a202302,text_or_mixed,0.3947,1,0 | 0 | 0,,,date_range=..
绩效与商家销售额汇总\01_绩效\非药商务绩效+热销价+商家进度统计_2026-07-27_sub_高运.xlsx,商业每月GMV,a202301,text_or_mixed,0.3947,1,0 | 0 | 0,,,date_range=..
绩效与商家销售额汇总\01_绩效\非药商务绩效+热销价+商家进度统计_2026-07-27_sub_高运.xlsx,商业每月GMV,商务对接人,text_or_mixed,0.9737,1,高运 | 高运 | 高运,operator,,date_range=..
绩效与商家销售额汇总\01_绩效\非药商务绩效+热销价+商家进度统计_2026-07-27_sub_高运.xlsx,商业每月GMV,简称,text_or_mixed,1.0000,38,子钦医疗 | 四川北尘 | 四川赤泉甘木生物科技,,,date_range=..
绩效与商家销售额汇总\01_绩效\非药商务绩效+热销价+商家进度统计_2026-07-27_sub_高运.xlsx,商业每月GMV,运营名称,text_or_mixed,0.8421,1,高运 | 高运 | 高运,operator,,date_range=..
绩效与商家销售额汇总\01_绩效\非药商务绩效+热销价+商家进度统计_2026-07-27_sub_高运.xlsx,商业每月GMV,对应人,text_or_mixed,1.0000,1,高运 | 高运 | 高运,,,date_range=..
绩效与商家销售额汇总\01_绩效\非药商务绩效+热销价+商家进度统计_2026-07-27_sub_高运.xlsx,商业每月GMV,主店铺ID,text_or_mixed,1.0000,34,11628 | 11984 | 21117,,,date_range=..
绩效与商家销售额汇总\01_绩效\非药商务绩效+热销价+商家进度统计_2026-07-27_sub_高运.xlsx,商业每月GMV,合并统计店铺,text_or_mixed,1.0000,34,子钦医疗 | 四川北尘 | 四川赤泉甘木生物科技,,,date_range=..
绩效与商家销售额汇总\01_绩效\非药商务绩效+热销价+商家进度统计_2026-07-27_sub_高运.xlsx,新开商业情况,供应商ID,text_or_mixed,1.0000,25,23871 | 24075 | 24236,merchant_supplier,,date_range=..
绩效与商家销售额汇总\01_绩效\非药商务绩效+热销价+商家进度统计_2026-07-27_sub_高运.xlsx,新开商业情况,简称,text_or_mixed,1.0000,25,好品惠 | 好尔思健康 | 重庆即美购供应链管理,,,date_range=..
绩效与商家销售额汇总\01_绩效\非药商务绩效+热销价+商家进度统计_2026-07-27_sub_高运.xlsx,新开商业情况,供应商省份,text_or_mixed,1.0000,5,广东省 | 四川省 | 重庆市,merchant_supplier;region,,date_range=..
绩效与商家销售额汇总\01_绩效\非药商务绩效+热销价+商家进度统计_2026-07-27_sub_高运.xlsx,新开商业情况,状态,text_or_mixed,1.0000,1,有效 | 有效 | 有效,,,date_range=..
绩效与商家销售额汇总\01_绩效\非药商务绩效+热销价+商家进度统计_2026-07-27_sub_高运.xlsx,新开商业情况,商业保证金,text_or_mixed,1.0000,3,50000 | 20000 | 100000,merchant_supplier,,date_range=..
绩效与商家销售额汇总\01_绩效\非药商务绩效+热销价+商家进度统计_2026-07-27_sub_高运.xlsx,新开商业情况,实时在架sku数,text_or_mixed,1.0000,22,37 | 738 | 31,product,,date_range=..
绩效与商家销售额汇总\01_绩效\非药商务绩效+热销价+商家进度统计_2026-07-27_sub_高运.xlsx,新开商业情况,主店铺ID,text_or_mixed,1.0000,23,23871 | 22917 | 24236,,,date_range=..
绩效与商家销售额汇总\01_绩效\非药商务绩效+热销价+商家进度统计_2026-07-27_sub_高运.xlsx,新开商业情况,月份,date_candidate,1.0000,1,2026-07 | 2026-07 | 2026-07,,,date_range=2026-07-01..2026-07-01
绩效与商家销售额汇总\01_绩效\非药商务绩效+热销价+商家进度统计_2026-07-27_sub_高运.xlsx,新开商业情况,GMV,text_or_mixed,1.0000,23,10512.76 | 328488.74 | 590.56,,GMV,date_range=..
绩效与商家销售额汇总\01_绩效\非药商务绩效+热销价+商家进度统计_2026-07-27_sub_高运.xlsx,新开商业情况,之前月份的峰值,text_or_mixed,1.0000,21,9930.24 | 558654.71 | 1496.82,,,date_range=..
绩效与商家销售额汇总\01_绩效\非药商务绩效+热销价+商家进度统计_2026-07-27_sub_高运.xlsx,新开商业情况,在架天数5天以上sku数,text_or_mixed,1.0000,24,37 | 770 | 32,product,,date_range=..
绩效与商家销售额汇总\01_绩效\非药商务绩效+热销价+商家进度统计_2026-07-27_sub_高运.xlsx,新开商业情况,月份差,text_or_mixed,1.0000,7,5 | 5 | 3,,,date_range=..
绩效与商家销售额汇总\01_绩效\非药商务绩效+热销价+商家进度统计_2026-07-27_sub_高运.xlsx,新开商业情况,商务对接人,text_or_mixed,1.0000,1,高运 | 高运 | 高运,operator,,date_range=..
绩效与商家销售额汇总\01_绩效\非药商务绩效+热销价+商家进度统计_2026-07-27_sub_高运.xlsx,新开商业情况,动销店数,text_or_mixed,1.0000,24,35 | 565 | 12,,,date_range=..
绩效与商家销售额汇总\01_绩效\非药商务绩效+热销价+商家进度统计_2026-07-27_sub_高运.xlsx,新开商业情况,分店GMV,text_or_mixed,1.0000,25,10512.76 | 84034.64 | 590.56,,GMV,date_range=..
绩效与商家销售额汇总\01_绩效\非药商务绩效+热销价+商家进度统计_2026-07-27_sub_高运.xlsx,新开商业情况,新开有效,text_or_mixed,1.0000,2,无效 | 无效 | 无效,,,date_range=..
绩效与商家销售额汇总\01_绩效\非药商务绩效+热销价+商家进度统计_2026-07-27_sub_高运.xlsx,新开商业情况,一线品牌品类gmv,text_or_mixed,1.0000,20,8013.73 | 293204.18 | 178.2,product,GMV,date_range=..
绩效与商家销售额汇总\01_绩效\非药商务绩效+热销价+商家进度统计_2026-07-27_sub_高运.xlsx,新开商业情况,非重点品gmv,text_or_mixed,1.0000,23,2499.030000000001 | 35284.56 | 412.36,,GMV,date_range=..
绩效与商家销售额汇总\01_绩效\非药商务绩效+热销价+商家进度统计_2026-07-27_sub_高运.xlsx,新开商业情况,之前月份的非重点品峰值,text_or_mixed,1.0000,21,1128.6 | 73409.32999999996 | 702.5,,,date_range=..
绩效与商家销售额汇总\01_绩效\非药商务绩效+热销价+商家进度统计_2026-07-27_sub_高运.xlsx,新开商业情况,之前月份的重点品峰值,text_or_mixed,1.0000,17,8801.64 | 485245.38 | 1264.06,,,date_range=..
绩效与商家销售额汇总\01_绩效\非药商务绩效+热销价+商家进度统计_2026-07-27_sub_高运.xlsx,新开商业情况,非重点品增量gmv,text_or_mixed,1.0000,13,1370.43 | 0 | 0,,GMV,date_range=..
绩效与商家销售额汇总\01_绩效\非药商务绩效+热销价+商家进度统计_2026-07-27_sub_高运.xlsx,新开商业情况,重点品增量gmv,text_or_mixed,1.0000,7,0 | 0 | 0,,GMV,date_range=..
绩效与商家销售额汇总\01_绩效\非药商务绩效+热销价+商家进度统计_2026-07-27_sub_高运.xlsx,新开商业情况,保证金水平,text_or_mixed,1.0000,4,50000 | 20000 | 20000,,,date_range=..
绩效与商家销售额汇总\01_绩效\非药商务绩效+热销价+商家进度统计_2026-07-27_sub_高运.xlsx,新开商业情况,有效计件,text_or_mixed,1.0000,3,0 | 0 | 0,,,date_range=..
绩效与商家销售额汇总\01_绩效\非药商务绩效+热销价+商家进度统计_2026-07-27_sub_高运.xlsx,新开商业情况,商业类型,text_or_mixed,1.0000,5,品牌店 | 分店 | 特殊政策新店,merchant_supplier,,date_range=..
绩效与商家销售额汇总\01_绩效\非药商务绩效+热销价+商家进度统计_2026-07-27_sub_高运.xlsx,新开商业情况,开店月份,date_candidate,1.0000,6,2026-01 | 2026-01 | 2026-03,,,date_range=2026-01-01..2026-07-01
绩效与商家销售额汇总\01_绩效\非药商务绩效+热销价+商家进度统计_2026-07-27_sub_高运.xlsx,新开商业情况,首单月份,date_candidate,1.0000,7,2026-02 | 2026-01 | 2026-03,,,date_range=2026-01-01..2026-07-01
绩效与商家销售额汇总\01_绩效\非药商务绩效+热销价+商家进度统计_2026-07-27_sub_高运.xlsx,新开商业情况,增量分享标记,text_or_mixed,1.0000,2,0 | 0 | 0,,,date_range=..
绩效与商家销售额汇总\01_绩效\非药商务绩效+热销价+商家进度统计_2026-07-27_sub_高运.xlsx,新开商业情况,当月是否5万,text_or_mixed,1.0000,2,0 | 1 | 0,,,date_range=..
绩效与商家销售额汇总\01_绩效\非药商务绩效+热销价+商家进度统计_2026-07-27_sub_高运.xlsx,新开商业情况,预估五万达成,text_or_mixed,1.0000,2,0 | 1 | 0,,,date_range=..
绩效与商家销售额汇总\01_绩效\非药商务绩效+热销价+商家进度统计_2026-07-27_sub_高运.xlsx,新开商业情况历史版,供应商ID,text_or_mixed,1.0000,33,22679 | 22862 | 22917,merchant_supplier,,date_range=..
绩效与商家销售额汇总\01_绩效\非药商务绩效+热销价+商家进度统计_2026-07-27_sub_高运.xlsx,新开商业情况历史版,商业开店日期,date_candidate,1.0000,31,20250829 | 20250918 | 20250925,merchant_supplier,,date_range=2025-08-29..2026-07-17
绩效与商家销售额汇总\01_绩效\非药商务绩效+热销价+商家进度统计_2026-07-27_sub_高运.xlsx,新开商业情况历史版,商业首单日期,date_candidate,1.0000,30,20250917.0 | 20251017.0 | 20250926.0,merchant_supplier,,date_range=2025-09-17..2026-07-21
绩效与商家销售额汇总\01_绩效\非药商务绩效+热销价+商家进度统计_2026-07-27_sub_高运.xlsx,新开商业情况历史版,供应商省份,text_or_mixed,1.0000,7,江西省 | 四川省 | 四川省,merchant_supplier;region,,date_range=..
绩效与商家销售额汇总\01_绩效\非药商务绩效+热销价+商家进度统计_2026-07-27_sub_高运.xlsx,新开商业情况历史版,状态,text_or_mixed,1.0000,2,有效 | 有效 | 有效,,,date_range=..
绩效与商家销售额汇总\01_绩效\非药商务绩效+热销价+商家进度统计_2026-07-27_sub_高运.xlsx,新开商业情况历史版,商业保证金,text_or_mixed,1.0000,3,100000 | 100000 | 100000,merchant_supplier,,date_range=..
绩效与商家销售额汇总\01_绩效\非药商务绩效+热销价+商家进度统计_2026-07-27_sub_高运.xlsx,新开商业情况历史版,保证金余额,text_or_mixed,1.0000,20,100000 | 99926.6 | 98768.96,,,date_range=..
绩效与商家销售额汇总\01_绩效\非药商务绩效+热销价+商家进度统计_2026-07-27_sub_高运.xlsx,新开商业情况历史版,business_scope,text_or_mixed,0.9964,27,"6,7,8,12,21 | 0,2,6,8,21,28 | 0,2,3,6,7,8",,,date_range=..
绩效与商家销售额汇总\01_绩效\非药商务绩效+热销价+商家进度统计_2026-07-27_sub_高运.xlsx,新开商业情况历史版,主营业务关键词,text_or_mixed,0.9964,28,"生活用品,外用,消毒用品,计生用品,化妆品 | 生活用品,医疗器械,保健品,消毒用品,食品,计生用品 | 生活用品,医疗器械,保健品,营养品,计生用品,化妆品",,,date_range=..
绩效与商家销售额汇总\01_绩效\非药商务绩效+热销价+商家进度统计_2026-07-27_sub_高运.xlsx,新开商业情况历史版,type_scope,text_or_mixed,0.0000,0,,,,date_range=..
绩效与商家销售额汇总\01_绩效\非药商务绩效+热销价+商家进度统计_2026-07-27_sub_高运.xlsx,新开商业情况历史版,busi_scope,text_or_mixed,1.0000,20,"10,11,12,9 | 19,16,12,11,10,9,8,6 | 19,16,12,11,10,9,8,6",,,date_range=..
绩效与商家销售额汇总\01_绩效\非药商务绩效+热销价+商家进度统计_2026-07-27_sub_高运.xlsx,新开商业情况历史版,分类经营范围,text_or_mixed,0.0000,0,,,,date_range=..
绩效与商家销售额汇总\01_绩效\非药商务绩效+热销价+商家进度统计_2026-07-27_sub_高运.xlsx,新开商业情况历史版,商品经营范围,text_or_mixed,1.0000,19,"医疗器械（一类）,日用品,化妆品,消毒产品 | 医疗器械（一类）,日用品,化妆品,消毒产品,保健食品,医疗器械（二类免备案... | 医疗器械（一类）,日用品,化妆品,消毒产品,保健食品,医疗器械（二类免备案...",product,,date_range=..
绩效与商家销售额汇总\01_绩效\非药商务绩效+热销价+商家进度统计_2026-07-27_sub_高运.xlsx,新开商业情况历史版,冻结状态,text_or_mixed,1.0000,2,0 | 0 | 0,,,date_range=..
绩效与商家销售额汇总\01_绩效\非药商务绩效+热销价+商家进度统计_2026-07-27_sub_高运.xlsx,新开商业情况历史版,实时在架sku数,text_or_mixed,1.0000,29,33 | 152 | 956,product,,date_range=..
绩效与商家销售额汇总\01_绩效\非药商务绩效+热销价+商家进度统计_2026-07-27_sub_高运.xlsx,新开商业情况历史版,主店铺ID,text_or_mixed,1.0000,29,22679 | 22862 | 22917,,,date_range=..
绩效与商家销售额汇总\01_绩效\非药商务绩效+热销价+商家进度统计_2026-07-27_sub_高运.xlsx,新开商业情况历史版,月份,date_candidate,0.9928,19,2026-07 | 2026-07 | 2026-07,,,date_range=2025-01-01..2026-07-01
绩效与商家销售额汇总\01_绩效\非药商务绩效+热销价+商家进度统计_2026-07-27_sub_高运.xlsx,新开商业情况历史版,GMV,text_or_mixed,0.9928,225,28682.78 | 87976.09 | 328488.74,,GMV,date_range=..
绩效与商家销售额汇总\01_绩效\非药商务绩效+热销价+商家进度统计_2026-07-27_sub_高运.xlsx,新开商业情况历史版,之前月份的峰值,text_or_mixed,0.9928,77,36585.54 | 476864.78 | 558654.71,,,date_range=..
绩效与商家销售额汇总\01_绩效\非药商务绩效+热销价+商家进度统计_2026-07-27_sub_高运.xlsx,新开商业情况历史版,增量gmv,text_or_mixed,1.0000,87,0 | 0 | 0,,GMV,date_range=..
绩效与商家销售额汇总\01_绩效\非药商务绩效+热销价+商家进度统计_2026-07-27_sub_高运.xlsx,新开商业情况历史版,在架天数5天以上sku数,text_or_mixed,0.4373,91,33 | 152 | 972,product,,date_range=..
绩效与商家销售额汇总\01_绩效\非药商务绩效+热销价+商家进度统计_2026-07-27_sub_高运.xlsx,新开商业情况历史版,日期_dt,date_candidate,0.9928,29,2025-09-17 00:00:00 | 2025-10-17 00:00:00 | 2025-09-26 00:00:00,,,date_range=2025-09-17..2026-07-21
绩效与商家销售额汇总\01_绩效\非药商务绩效+热销价+商家进度统计_2026-07-27_sub_高运.xlsx,新开商业情况历史版,参考月份_dt,date_candidate,0.9928,29,2025-10-17 00:00:00 | 2025-11-17 00:00:00 | 2025-10-26 00:00:00,,,date_range=2025-10-17..2026-08-21
绩效与商家销售额汇总\01_绩效\非药商务绩效+热销价+商家进度统计_2026-07-27_sub_高运.xlsx,新开商业情况历史版,月份_dt,date_candidate,0.9928,19,2026-07-01 00:00:00 | 2026-07-01 00:00:00 | 2026-07-01 00:00:00,,,date_range=2025-01-01..2026-07-01
绩效与商家销售额汇总\01_绩效\非药商务绩效+热销价+商家进度统计_2026-07-27_sub_高运.xlsx,新开商业情况历史版,月份差,text_or_mixed,0.9928,28,9 | 8 | 9,,,date_range=..
绩效与商家销售额汇总\01_绩效\非药商务绩效+热销价+商家进度统计_2026-07-27_sub_高运.xlsx,新开商业情况历史版,商务对接人,text_or_mixed,1.0000,1,高运 | 高运 | 高运,operator,,date_range=..
绩效与商家销售额汇总\01_绩效\非药商务绩效+热销价+商家进度统计_2026-07-27_sub_高运.xlsx,新开商业情况历史版,简称,text_or_mixed,1.0000,33,江西古戈尔商贸 | 四川众恩德科技 | 成都天蕊贸易,,,date_range=..
绩效与商家销售额汇总\01_绩效\非药商务绩效+热销价+商家进度统计_2026-07-27_sub_高运.xlsx,新开商业情况历史版,供应商证件全称,text_or_mixed,1.0000,33,江西古戈尔商贸有限公司 | 四川众恩德科技有限公司 | 成都天蕊贸易有限公司,merchant_supplier,,date_range=..
绩效与商家销售额汇总\01_绩效\非药商务绩效+热销价+商家进度统计_2026-07-27_sub_高运.xlsx,新开商业情况历史版,运营名称,text_or_mixed,0.9821,1,高运 | 高运 | 高运,operator,,date_range=..
绩效与商家销售额汇总\01_绩效\非药商务绩效+热销价+商家进度统计_2026-07-27_sub_高运.xlsx,新开商业情况历史版,一线品牌品类gmv,text_or_mixed,1.0000,185,0 | 62995.8 | 293204.18,product,GMV,date_range=..
绩效与商家销售额汇总\01_绩效\非药商务绩效+热销价+商家进度统计_2026-07-27_sub_高运.xlsx,新开商业情况历史版,动销店数,text_or_mixed,0.5125,122,333 | 777 | 1449,,,date_range=..
绩效与商家销售额汇总\01_绩效\非药商务绩效+热销价+商家进度统计_2026-07-27_sub_高运.xlsx,新开商业情况历史版,分店GMV,text_or_mixed,0.5125,143,28682.78 | 87976.09 | 244454.1,,GMV,date_range=..
绩效与商家销售额汇总\01_绩效\非药商务绩效+热销价+商家进度统计_2026-07-27_sub_高运.xlsx,新开商业情况历史版,新开有效,text_or_mixed,1.0000,2,无效 | 无效 | 无效,,,date_range=..
绩效与商家销售额汇总\01_绩效\非药商务绩效+热销价+商家进度统计_2026-07-27_sub_高运.xlsx,新开商业情况历史版,非重点品gmv,text_or_mixed,0.9928,223,28682.78 | 24980.28999999999 | 35284.56,,GMV,date_range=..
绩效与商家销售额汇总\01_绩效\非药商务绩效+热销价+商家进度统计_2026-07-27_sub_高运.xlsx,新开商业情况历史版,之前月份的非重点品峰值,text_or_mixed,1.0000,70,36585.54 | 40898.06 | 73409.32999999996,,,date_range=..
绩效与商家销售额汇总\01_绩效\非药商务绩效+热销价+商家进度统计_2026-07-27_sub_高运.xlsx,新开商业情况历史版,之前月份的重点品峰值,text_or_mixed,1.0000,59,0 | 442572.18 | 485245.38,,,date_range=..
绩效与商家销售额汇总\01_绩效\非药商务绩效+热销价+商家进度统计_2026-07-27_sub_高运.xlsx,新开商业情况历史版,非重点品增量gmv,text_or_mixed,1.0000,81,0 | 0 | 0,,GMV,date_range=..
绩效与商家销售额汇总\01_绩效\非药商务绩效+热销价+商家进度统计_2026-07-27_sub_高运.xlsx,新开商业情况历史版,重点品增量gmv,text_or_mixed,1.0000,65,0 | 0 | 0,,GMV,date_range=..
绩效与商家销售额汇总\01_绩效\非药商务绩效+热销价+商家进度统计_2026-07-27_sub_高运.xlsx,新开商业情况历史版,保证金水平,text_or_mixed,1.0000,4,100000 | 100000 | 100000,,,date_range=..
绩效与商家销售额汇总\01_绩效\非药商务绩效+热销价+商家进度统计_2026-07-27_sub_高运.xlsx,新开商业情况历史版,商业类型,text_or_mixed,1.0000,5,普通店 | 普通店 | 普通店,merchant_supplier,,date_range=..
绩效与商家销售额汇总\01_绩效\非药商务绩效+热销价+商家进度统计_2026-07-27_sub_高运.xlsx,新开商业情况历史版,有效计件,text_or_mixed,1.0000,4,0 | 0 | 0,,,date_range=..
绩效与商家销售额汇总\01_绩效\非药商务绩效+热销价+商家进度统计_2026-07-27_sub_高运.xlsx,新开商业情况历史版,开店月份,date_candidate,1.0000,10,2025-08 | 2025-09 | 2025-09,,,date_range=2025-08-01..2026-07-01
绩效与商家销售额汇总\01_绩效\非药商务绩效+热销价+商家进度统计_2026-07-27_sub_高运.xlsx,新开商业情况历史版,首单月份,date_candidate,1.0000,12,2025-09 | 2025-10 | 2025-09,,,date_range=2025-09-01..2026-07-01
绩效与商家销售额汇总\01_绩效\非药商务绩效+热销价+商家进度统计_2026-07-27_sub_高运.xlsx,新开商业情况历史版,增量分享标记,text_or_mixed,1.0000,2,0 | 0 | 0,,,date_range=..
绩效与商家销售额汇总\01_绩效\非药商务绩效+热销价+商家进度统计_2026-07-27_sub_高运.xlsx,新开商业情况历史版,当月是否5万,text_or_mixed,1.0000,2,0 | 1 | 1,,,date_range=..
绩效与商家销售额汇总\01_绩效\非药商务绩效+热销价+商家进度统计_2026-07-27_sub_高运.xlsx,新开商业情况历史版,日均gmv,text_or_mixed,0.5125,143,<PHONE_MASKED> | 3383.695769230769 | 9402.08076923077,,GMV,date_range=..
绩效与商家销售额汇总\01_绩效\非药商务绩效+热销价+商家进度统计_2026-07-27_sub_高运.xlsx,新开商业情况历史版,预估五万达成,text_or_mixed,1.0000,2,0 | 1 | 1,,,date_range=..
绩效与商家销售额汇总\01_绩效\非药商务绩效+热销价+商家进度统计_2026-07-27_sub_高运.xlsx,医疗器械经营店,药店ID,text_or_mixed,1.0000,1,3389366,purchasing_customer,,date_range=..
绩效与商家销售额汇总\01_绩效\非药商务绩效+热销价+商家进度统计_2026-07-27_sub_高运.xlsx,医疗器械经营店,省份,text_or_mixed,1.0000,1,重庆市,region,,date_range=..
绩效与商家销售额汇总\01_绩效\非药商务绩效+热销价+商家进度统计_2026-07-27_sub_高运.xlsx,医疗器械经营店,市区,text_or_mixed,1.0000,1,重庆市,region,,date_range=..
绩效与商家销售额汇总\01_绩效\非药商务绩效+热销价+商家进度统计_2026-07-27_sub_高运.xlsx,医疗器械经营店,full_name,text_or_mixed,1.0000,1,重庆康美迪贸易有限公司,,,date_range=..
绩效与商家销售额汇总\01_绩效\非药商务绩效+热销价+商家进度统计_2026-07-27_sub_高运.xlsx,医疗器械经营店,在药师帮注册日期,date_candidate,1.0000,1,2024-08-27 14:21:20,,,date_range=2024-08-27..2024-08-27
绩效与商家销售额汇总\01_绩效\非药商务绩效+热销价+商家进度统计_2026-07-27_sub_高运.xlsx,医疗器械经营店,启用日期,date_candidate,1.0000,1,2025-09-13 11:04:56,,,date_range=2025-09-13..2025-09-13
绩效与商家销售额汇总\01_绩效\非药商务绩效+热销价+商家进度统计_2026-07-27_sub_高运.xlsx,医疗器械经营店,药店首单日期,date_candidate,1.0000,1,2025-11-13 14:23:27,purchasing_customer,,date_range=2025-11-13..2025-11-13
绩效与商家销售额汇总\01_绩效\非药商务绩效+热销价+商家进度统计_2026-07-27_sub_高运.xlsx,医疗器械经营店,BD,text_or_mixed,1.0000,1,唐雯琦,operator,,date_range=..
绩效与商家销售额汇总\01_绩效\非药商务绩效+热销价+商家进度统计_2026-07-27_sub_高运.xlsx,医疗器械经营店,是否添加微信,text_or_mixed,1.0000,1,0,,,date_range=..
绩效与商家销售额汇总\01_绩效\非药商务绩效+热销价+商家进度统计_2026-07-27_sub_高运.xlsx,医疗器械经营店,药采购权限审核通过日期,date_candidate,1.0000,1,2025-09-13 11:04:56,,,date_range=2025-09-13..2025-09-13
绩效与商家销售额汇总\01_绩效\非药商务绩效+热销价+商家进度统计_2026-07-27_sub_高运.xlsx,医疗器械经营店,最近一次申请药采购权限时间,date_candidate,1.0000,1,2025-09-13 11:04:56,,,date_range=2025-09-13..2025-09-13
绩效与商家销售额汇总\01_绩效\非药商务绩效+热销价+商家进度统计_2026-07-27_sub_高运.xlsx,医疗器械经营店,商务对接人,text_or_mixed,1.0000,1,高运,operator,,date_range=..
绩效与商家销售额汇总\01_绩效\非药商务绩效+热销价+商家进度统计_2026-07-27_sub_高运.xlsx,医疗器械经营店,美团评级,text_or_mixed,1.0000,1,0,,,date_range=..
绩效与商家销售额汇总\01_绩效\非药商务绩效+热销价+商家进度统计_2026-07-27_sub_高运.xlsx,医疗器械经营店,标签,text_or_mixed,0.0000,0,,,,date_range=..
绩效与商家销售额汇总\01_绩效\非药商务绩效+热销价+商家进度统计_2026-07-27_sub_高运.xlsx,医疗器械经营店,对接,text_or_mixed,0.0000,0,,,,date_range=..
绩效与商家销售额汇总\01_绩效\非药商务绩效+热销价+商家进度统计_2026-07-27_sub_高运.xlsx,医疗器械经营店,负责人1,text_or_mixed,0.0000,0,,operator,,date_range=..
绩效与商家销售额汇总\01_绩效\非药商务绩效+热销价+商家进度统计_2026-07-27_sub_高运.xlsx,医疗器械经营店,负责人2,text_or_mixed,0.0000,0,,operator,,date_range=..
绩效与商家销售额汇总\01_绩效\非药商务绩效+热销价+商家进度统计_2026-07-27_sub_高运.xlsx,医疗器械经营店,商家组负责人,text_or_mixed,1.0000,1,nan,merchant_supplier;operator,,date_range=..
绩效与商家销售额汇总\01_绩效\非药商务绩效+热销价+商家进度统计_2026-07-27_sub_高运.xlsx,医疗器械经营店,线索提供人*,text_or_mixed,1.0000,1,nan,,,date_range=..
绩效与商家销售额汇总\01_绩效\非药商务绩效+热销价+商家进度统计_2026-07-27_sub_高运.xlsx,医疗器械经营店,激励,text_or_mixed,1.0000,1,nan,,,date_range=..
绩效与商家销售额汇总\01_绩效\非药商务绩效+热销价+商家进度统计_2026-07-27_sub_高运.xlsx,医疗器械经营店,BD线索,text_or_mixed,1.0000,1,nan,operator,,date_range=..
绩效与商家销售额汇总\01_绩效\非药商务绩效+热销价+商家进度统计_2026-07-27_sub_高运.xlsx,医疗器械经营店,a202601,text_or_mixed,1.0000,1,0,,,date_range=..
绩效与商家销售额汇总\01_绩效\非药商务绩效+热销价+商家进度统计_2026-07-27_sub_高运.xlsx,医疗器械经营店,a202602,text_or_mixed,1.0000,1,0,,,date_range=..
绩效与商家销售额汇总\01_绩效\非药商务绩效+热销价+商家进度统计_2026-07-27_sub_高运.xlsx,医疗器械经营店,a202603,text_or_mixed,1.0000,1,0,,,date_range=..
绩效与商家销售额汇总\01_绩效\非药商务绩效+热销价+商家进度统计_2026-07-27_sub_高运.xlsx,医疗器械经营店,a202604,text_or_mixed,1.0000,1,0,,,date_range=..
绩效与商家销售额汇总\01_绩效\非药商务绩效+热销价+商家进度统计_2026-07-27_sub_高运.xlsx,医疗器械经营店,a202605,text_or_mixed,1.0000,1,0,,,date_range=..
绩效与商家销售额汇总\01_绩效\非药商务绩效+热销价+商家进度统计_2026-07-27_sub_高运.xlsx,医疗器械经营店,a202606,text_or_mixed,1.0000,1,0,,,date_range=..
绩效与商家销售额汇总\01_绩效\非药商务绩效+热销价+商家进度统计_2026-07-27_sub_高运.xlsx,医疗器械经营店,a202607,text_or_mixed,1.0000,1,0,,,date_range=..
绩效与商家销售额汇总\01_绩效\非药商务绩效+热销价+商家进度统计_2026-07-27_sub_高运.xlsx,医疗器械经营店,新开标签,text_or_mixed,0.0000,0,,,,date_range=..
绩效与商家销售额汇总\01_绩效\非药商务绩效+热销价+商家进度统计_2026-07-27_sub_高运.xlsx,新开商业补充保证金情况,供应商ID,text_or_mixed,1.0000,1,24447,merchant_supplier,,date_range=..
绩效与商家销售额汇总\01_绩效\非药商务绩效+热销价+商家进度统计_2026-07-27_sub_高运.xlsx,新开商业补充保证金情况,月份,date_candidate,1.0000,1,2026-04,,,date_range=2026-04-01..2026-04-01
绩效与商家销售额汇总\01_绩效\非药商务绩效+热销价+商家进度统计_2026-07-27_sub_高运.xlsx,新开商业补充保证金情况,简称,text_or_mixed,1.0000,1,成都德善堂生物科技,,,date_range=..
绩效与商家销售额汇总\01_绩效\非药商务绩效+热销价+商家进度统计_2026-07-27_sub_高运.xlsx,新开商业补充保证金情况,状态,text_or_mixed,1.0000,1,有效,,,date_range=..
绩效与商家销售额汇总\01_绩效\非药商务绩效+热销价+商家进度统计_2026-07-27_sub_高运.xlsx,新开商业补充保证金情况,商务对接人,text_or_mixed,1.0000,1,高运,operator,,date_range=..
绩效与商家销售额汇总\01_绩效\非药商务绩效+热销价+商家进度统计_2026-07-27_sub_高运.xlsx,新开商业补充保证金情况,最新保证金水平,text_or_mixed,1.0000,1,100000,,,date_range=..
绩效与商家销售额汇总\01_绩效\非药商务绩效+热销价+商家进度统计_2026-07-27_sub_高运.xlsx,新开商业补充保证金情况,过去保证金水平,text_or_mixed,1.0000,1,10000,,,date_range=..
绩效与商家销售额汇总\01_绩效\非药商务绩效+热销价+商家进度统计_2026-07-27_sub_高运.xlsx,新开商业补充保证金情况,过去有效计件,text_or_mixed,1.0000,1,0.2,,,date_range=..
绩效与商家销售额汇总\01_绩效\非药商务绩效+热销价+商家进度统计_2026-07-27_sub_高运.xlsx,新开商业补充保证金情况,补充新开系数,text_or_mixed,1.0000,1,0,,,date_range=..
绩效与商家销售额汇总\01_绩效\非药商务绩效+热销价+商家进度统计_2026-07-27_sub_高运.xlsx,新开商业补充保证金情况,最新当月有效计件,text_or_mixed,1.0000,1,0,,,date_range=..
绩效与商家销售额汇总\01_绩效\非药商务绩效+热销价+商家进度统计_2026-07-28_sub_高运.xlsx,总体目标,月份,date_candidate,1.0000,7,2026-06 | 2026-01 | 2026-04,,,date_range=2026-01-01..2026-07-01
绩效与商家销售额汇总\01_绩效\非药商务绩效+热销价+商家进度统计_2026-07-28_sub_高运.xlsx,总体目标,商务对接人,text_or_mixed,1.0000,1,高运 | 高运 | 高运,operator,,date_range=..
绩效与商家销售额汇总\01_绩效\非药商务绩效+热销价+商家进度统计_2026-07-28_sub_高运.xlsx,总体目标,非重点品增量gmv,text_or_mixed,1.0000,7,2977.01999999994 | 66843.96000000004 | 9604.430000000002,,GMV,date_range=..
绩效与商家销售额汇总\01_绩效\非药商务绩效+热销价+商家进度统计_2026-07-28_sub_高运.xlsx,总体目标,重点品增量gmv,text_or_mixed,1.0000,7,234627.48 | 268649.8700000001 | 249728.71,,GMV,date_range=..
绩效与商家销售额汇总\01_绩效\非药商务绩效+热销价+商家进度统计_2026-07-28_sub_高运.xlsx,总体目标,新开6个月内5万商家数,text_or_mixed,1.0000,5,6 | 3 | 5,merchant_supplier,,date_range=..
绩效与商家销售额汇总\01_绩效\非药商务绩效+热销价+商家进度统计_2026-07-28_sub_高运.xlsx,总体目标,开店商业数,text_or_mixed,0.8571,4,4 | 2 | 4,merchant_supplier,,date_range=..
绩效与商家销售额汇总\01_绩效\非药商务绩效+热销价+商家进度统计_2026-07-28_sub_高运.xlsx,总体目标,首单商业数,text_or_mixed,1.0000,3,5 | 1 | 5,merchant_supplier,,date_range=..
绩效与商家销售额汇总\01_绩效\非药商务绩效+热销价+商家进度统计_2026-07-28_sub_高运.xlsx,总体目标,品牌店开店商业数,text_or_mixed,0.2857,1,1 | 1,merchant_supplier;product,,date_range=..
绩效与商家销售额汇总\01_绩效\非药商务绩效+热销价+商家进度统计_2026-07-28_sub_高运.xlsx,总体目标,有效新开数,text_or_mixed,1.0000,6,1.4 | 0 | 1.2,,,date_range=..
绩效与商家销售额汇总\01_绩效\非药商务绩效+热销价+商家进度统计_2026-07-28_sub_高运.xlsx,总体目标,当月订单数,text_or_mixed,1.0000,7,18099 | 9573 | 14020,,订单,date_range=..
绩效与商家销售额汇总\01_绩效\非药商务绩效+热销价+商家进度统计_2026-07-28_sub_高运.xlsx,总体目标,当月商家原因售后订单数,text_or_mixed,1.0000,7,454 | 127 | 293,merchant_supplier,订单,date_range=..
绩效与商家销售额汇总\01_绩效\非药商务绩效+热销价+商家进度统计_2026-07-28_sub_高运.xlsx,总体目标,上月订单数,text_or_mixed,1.0000,7,16059 | 6586 | 13624,,订单,date_range=..
绩效与商家销售额汇总\01_绩效\非药商务绩效+热销价+商家进度统计_2026-07-28_sub_高运.xlsx,总体目标,上月商家原因售后订单数,text_or_mixed,1.0000,7,359 | 99 | 207,merchant_supplier,订单,date_range=..
绩效与商家销售额汇总\01_绩效\非药商务绩效+热销价+商家进度统计_2026-07-28_sub_高运.xlsx,总体目标,当月商家原因售后订单率,text_or_mixed,1.0000,7,0.02508425879882866 | <PHONE_MASKED> | 0.02089871611982881,merchant_supplier,订单,date_range=..
绩效与商家销售额汇总\01_绩效\非药商务绩效+热销价+商家进度统计_2026-07-28_sub_高运.xlsx,总体目标,上月商家原因售后订单率,text_or_mixed,1.0000,7,0.02235506569524877 | <PHONE_MASKED> | <PHONE_MASKED>,merchant_supplier,订单,date_range=..
绩效与商家销售额汇总\01_绩效\非药商务绩效+热销价+商家进度统计_2026-07-28_sub_高运.xlsx,总体目标,当月商家原因售后订单率环比,text_or_mixed,1.0000,7,<PHONE_MASKED> | <PHONE_MASKED> | 0.3754787846210037,merchant_supplier,订单,date_range=..
绩效与商家销售额汇总\01_绩效\非药商务绩效+热销价+商家进度统计_2026-07-28_sub_高运.xlsx,总体目标,售后备注,text_or_mixed,1.0000,2,绩效扣除10% | 无事发生 | 绩效扣除10%,,,date_range=..
绩效与商家销售额汇总\01_绩效\非药商务绩效+热销价+商家进度统计_2026-07-28_sub_高运.xlsx,总体目标,补充新开系数,text_or_mixed,1.0000,1,0 | 0 | 0,,,date_range=..
绩效与商家销售额汇总\01_绩效\非药商务绩效+热销价+商家进度统计_2026-07-28_sub_高运.xlsx,总体目标,新开系数,text_or_mixed,1.0000,6,1.4 | 0 | 1.2,,,date_range=..
绩效与商家销售额汇总\01_绩效\非药商务绩效+热销价+商家进度统计_2026-07-28_sub_高运.xlsx,总体目标,对应每家计件奖金,text_or_mixed,1.0000,1,0 | 0 | 0,,,date_range=..
绩效与商家销售额汇总\01_绩效\非药商务绩效+热销价+商家进度统计_2026-07-28_sub_高运.xlsx,总体目标,破峰提成系数,text_or_mixed,1.0000,1,0 | 0 | 0,,,date_range=..
绩效与商家销售额汇总\01_绩效\非药商务绩效+热销价+商家进度统计_2026-07-28_sub_高运.xlsx,商业售后情况统计,月份,date_candidate,1.0000,20,202605 | 202501 | 202601,,,date_range=2024-12-01..2026-07-01
绩效与商家销售额汇总\01_绩效\非药商务绩效+热销价+商家进度统计_2026-07-28_sub_高运.xlsx,商业售后情况统计,商务对接人1,text_or_mixed,1.0000,1,高运 | 高运 | 高运,operator,,date_range=..
绩效与商家销售额汇总\01_绩效\非药商务绩效+热销价+商家进度统计_2026-07-28_sub_高运.xlsx,商业售后情况统计,当月订单数,text_or_mixed,1.0000,20,16059 | 1036 | 9573,,订单,date_range=..
绩效与商家销售额汇总\01_绩效\非药商务绩效+热销价+商家进度统计_2026-07-28_sub_高运.xlsx,商业售后情况统计,当月商家原因售后订单数,text_or_mixed,1.0000,20,359 | 57 | 127,merchant_supplier,订单,date_range=..
绩效与商家销售额汇总\01_绩效\非药商务绩效+热销价+商家进度统计_2026-07-28_sub_高运.xlsx,商业售后情况统计,上月订单数,text_or_mixed,1.0000,20,14020 | 1123 | 6586,,订单,date_range=..
绩效与商家销售额汇总\01_绩效\非药商务绩效+热销价+商家进度统计_2026-07-28_sub_高运.xlsx,商业售后情况统计,上月商家原因售后订单数,text_or_mixed,1.0000,20,293 | 49 | 99,merchant_supplier,订单,date_range=..
绩效与商家销售额汇总\01_绩效\非药商务绩效+热销价+商家进度统计_2026-07-28_sub_高运.xlsx,商业售后情况统计,当月商家原因售后订单率,text_or_mixed,1.0000,20,0.02235506569524877 | <PHONE_MASKED> | <PHONE_MASKED>,merchant_supplier,订单,date_range=..
绩效与商家销售额汇总\01_绩效\非药商务绩效+热销价+商家进度统计_2026-07-28_sub_高运.xlsx,商业售后情况统计,上月商家原因售后订单率,text_or_mixed,0.9500,19,0.02089871611982881 | <PHONE_MASKED> | <PHONE_MASKED>,merchant_supplier,订单,date_range=..
绩效与商家销售额汇总\01_绩效\非药商务绩效+热销价+商家进度统计_2026-07-28_sub_高运.xlsx,商业售后情况,月份,date_candidate,1.0000,20,202602 | 202605 | 202503,,,date_range=2024-12-01..2026-07-01
绩效与商家销售额汇总\01_绩效\非药商务绩效+热销价+商家进度统计_2026-07-28_sub_高运.xlsx,商业售后情况,供应商ID,text_or_mixed,1.0000,34,22862 | 24075 | 11628,merchant_supplier,,date_range=..
绩效与商家销售额汇总\01_绩效\非药商务绩效+热销价+商家进度统计_2026-07-28_sub_高运.xlsx,商业售后情况,供应商名称,text_or_mixed,1.0000,34,四川众恩德科技 | 好尔思健康 | 子钦医疗,merchant_supplier,,date_range=..
绩效与商家销售额汇总\01_绩效\非药商务绩效+热销价+商家进度统计_2026-07-28_sub_高运.xlsx,商业售后情况,商业开店日期,date_candidate,1.0000,32,20250918 | 20260128 | 20230112,merchant_supplier,,date_range=2023-01-12..2026-07-07
绩效与商家销售额汇总\01_绩效\非药商务绩效+热销价+商家进度统计_2026-07-28_sub_高运.xlsx,商业售后情况,当月订单数,text_or_mixed,1.0000,193,878 | 844 | 5,,订单,date_range=..
绩效与商家销售额汇总\01_绩效\非药商务绩效+热销价+商家进度统计_2026-07-28_sub_高运.xlsx,商业售后情况,上月订单数,text_or_mixed,1.0000,168,756 | 885 | 3,,订单,date_range=..
绩效与商家销售额汇总\01_绩效\非药商务绩效+热销价+商家进度统计_2026-07-28_sub_高运.xlsx,商业售后情况,当月售后订单数,text_or_mixed,1.0000,68,48 | 33 | 2,,订单,date_range=..
绩效与商家销售额汇总\01_绩效\非药商务绩效+热销价+商家进度统计_2026-07-28_sub_高运.xlsx,商业售后情况,上月售后订单数,text_or_mixed,1.0000,65,29 | 43 | 0,,订单,date_range=..
绩效与商家销售额汇总\01_绩效\非药商务绩效+热销价+商家进度统计_2026-07-28_sub_高运.xlsx,商业售后情况,当月商家原因售后订单数,text_or_mixed,1.0000,48,22 | 17 | 0,merchant_supplier,订单,date_range=..
绩效与商家销售额汇总\01_绩效\非药商务绩效+热销价+商家进度统计_2026-07-28_sub_高运.xlsx,商业售后情况,上月商家原因售后订单数,text_or_mixed,1.0000,47,10 | 26 | 0,merchant_supplier,订单,date_range=..
绩效与商家销售额汇总\01_绩效\非药商务绩效+热销价+商家进度统计_2026-07-28_sub_高运.xlsx,商业售后情况,商务对接人,text_or_mixed,0.9177,1,高运 | 高运 | 高运,operator,,date_range=..
绩效与商家销售额汇总\01_绩效\非药商务绩效+热销价+商家进度统计_2026-07-28_sub_高运.xlsx,商业售后情况,供应商省份,text_or_mixed,1.0000,5,四川省 | 四川省 | 重庆市,merchant_supplier;region,,date_range=..
绩效与商家销售额汇总\01_绩效\非药商务绩效+热销价+商家进度统计_2026-07-28_sub_高运.xlsx,商业售后情况,运营名称,text_or_mixed,0.7695,1,高运 | 高运 | 高运,operator,,date_range=..
绩效与商家销售额汇总\01_绩效\非药商务绩效+热销价+商家进度统计_2026-07-28_sub_高运.xlsx,商业售后情况,对应人,text_or_mixed,1.0000,1,高运 | 高运 | 高运,,,date_range=..
绩效与商家销售额汇总\01_绩效\非药商务绩效+热销价+商家进度统计_2026-07-28_sub_高运.xlsx,商业售后情况,当月商家原因售后订单率,text_or_mixed,1.0000,175,0.02505694760820045 | <PHONE_MASKED> | 0,merchant_supplier,订单,date_range=..
绩效与商家销售额汇总\01_绩效\非药商务绩效+热销价+商家进度统计_2026-07-28_sub_高运.xlsx,商业售后情况,上月商家原因售后订单率,text_or_mixed,1.0000,152,<PHONE_MASKED> | 0.02937853107344633 | 0,merchant_supplier,订单,date_range=..
绩效与商家销售额汇总\01_绩效\非药商务绩效+热销价+商家进度统计_2026-07-28_sub_高运.xlsx,商业售后情况,商家原因售后订单率环比,text_or_mixed,1.0000,146,0.8943052391799544 | <PHONE_MASKED> | 0,merchant_supplier,订单,date_range=..
绩效与商家销售额汇总\01_绩效\非药商务绩效+热销价+商家进度统计_2026-07-28_sub_高运.xlsx,商业每月GMV,供应商ID,text_or_mixed,1.0000,34,11628 | 11984 | 21117,merchant_supplier,,date_range=..
绩效与商家销售额汇总\01_绩效\非药商务绩效+热销价+商家进度统计_2026-07-28_sub_高运.xlsx,商业每月GMV,供应商名称,text_or_mixed,1.0000,34,子钦医疗 | 四川北尘 | 四川赤泉甘木生物科技,merchant_supplier,,date_range=..
绩效与商家销售额汇总\01_绩效\非药商务绩效+热销价+商家进度统计_2026-07-28_sub_高运.xlsx,商业每月GMV,供应商证件名称,text_or_mixed,1.0000,34,子钦医疗器械（重庆）股份有限公司 | 四川省北尘医药科技有限公司 | 四川赤泉甘木生物科技有限公司,merchant_supplier,,date_range=..
绩效与商家销售额汇总\01_绩效\非药商务绩效+热销价+商家进度统计_2026-07-28_sub_高运.xlsx,商业每月GMV,供应商省份,text_or_mixed,1.0000,5,重庆市 | 四川省 | 四川省,merchant_supplier;region,,date_range=..
绩效与商家销售额汇总\01_绩效\非药商务绩效+热销价+商家进度统计_2026-07-28_sub_高运.xlsx,商业每月GMV,供应商城市,text_or_mixed,1.0000,7,重庆市 | 成都市 | 成都市,merchant_supplier;region,,date_range=..
绩效与商家销售额汇总\01_绩效\非药商务绩效+热销价+商家进度统计_2026-07-28_sub_高运.xlsx,商业每月GMV,商业类型,text_or_mixed,0.7941,5,普通店 | 普通店 | 普通店,merchant_supplier,,date_range=..
绩效与商家销售额汇总\01_绩效\非药商务绩效+热销价+商家进度统计_2026-07-28_sub_高运.xlsx,商业每月GMV,商业开店日期,date_candidate,1.0000,32,20230112 | 20230216 | 20250407,merchant_supplier,,date_range=2023-01-12..2026-07-07
绩效与商家销售额汇总\01_绩效\非药商务绩效+热销价+商家进度统计_2026-07-28_sub_高运.xlsx,商业每月GMV,商业首单日期,date_candidate,1.0000,32,20230707 | 20230308 | 20250806,merchant_supplier,,date_range=2023-03-08..2026-07-08
绩效与商家销售额汇总\01_绩效\非药商务绩效+热销价+商家进度统计_2026-07-28_sub_高运.xlsx,商业每月GMV,状态,text_or_mixed,1.0000,2,有效 | 有效 | 即将上架,,,date_range=..
绩效与商家销售额汇总\01_绩效\非药商务绩效+热销价+商家进度统计_2026-07-28_sub_高运.xlsx,商业每月GMV,a202607,text_or_mixed,0.9706,33,3169.2 | 38552.74 | 1759.29,,,date_range=..
绩效与商家销售额汇总\01_绩效\非药商务绩效+热销价+商家进度统计_2026-07-28_sub_高运.xlsx,商业每月GMV,a202606,text_or_mixed,0.9412,32,1181 | 36901.56 | 318553.35,,,date_range=..
绩效与商家销售额汇总\01_绩效\非药商务绩效+热销价+商家进度统计_2026-07-28_sub_高运.xlsx,商业每月GMV,a202605,text_or_mixed,0.7941,27,300 | 44156.78 | 288037.08,,,date_range=..
绩效与商家销售额汇总\01_绩效\非药商务绩效+热销价+商家进度统计_2026-07-28_sub_高运.xlsx,商业每月GMV,a202604,text_or_mixed,0.6765,23,528 | 44120.67 | 208811.94,,,date_range=..
绩效与商家销售额汇总\01_绩效\非药商务绩效+热销价+商家进度统计_2026-07-28_sub_高运.xlsx,商业每月GMV,a202603,text_or_mixed,0.5294,18,2176 | 63283.81 | 292587.04,,,date_range=..
绩效与商家销售额汇总\01_绩效\非药商务绩效+热销价+商家进度统计_2026-07-28_sub_高运.xlsx,商业每月GMV,a202602,text_or_mixed,0.4118,14,1478 | 52528.5 | 120386.2,,,date_range=..
绩效与商家销售额汇总\01_绩效\非药商务绩效+热销价+商家进度统计_2026-07-28_sub_高运.xlsx,商业每月GMV,a202601,text_or_mixed,0.4412,15,664 | 59338.99 | 753.97,,,date_range=..
绩效与商家销售额汇总\01_绩效\非药商务绩效+热销价+商家进度统计_2026-07-28_sub_高运.xlsx,商业每月GMV,a202512,text_or_mixed,0.4412,14,984 | 82448.34 | 812,,,date_range=..
绩效与商家销售额汇总\01_绩效\非药商务绩效+热销价+商家进度统计_2026-07-28_sub_高运.xlsx,商业每月GMV,a202511,text_or_mixed,0.4412,13,210 | 47545.26 | 3305.95,,,date_range=..
绩效与商家销售额汇总\01_绩效\非药商务绩效+热销价+商家进度统计_2026-07-28_sub_高运.xlsx,商业每月GMV,a202510,text_or_mixed,0.4412,12,210 | 70992.39 | 6072.6,,,date_range=..
绩效与商家销售额汇总\01_绩效\非药商务绩效+热销价+商家进度统计_2026-07-28_sub_高运.xlsx,商业每月GMV,a202509,text_or_mixed,0.4412,11,64 | 73251.71 | 1740,,,date_range=..
绩效与商家销售额汇总\01_绩效\非药商务绩效+热销价+商家进度统计_2026-07-28_sub_高运.xlsx,商业每月GMV,a202508,text_or_mixed,0.4412,8,845 | 63355.03 | 2950,,,date_range=..
绩效与商家销售额汇总\01_绩效\非药商务绩效+热销价+商家进度统计_2026-07-28_sub_高运.xlsx,商业每月GMV,a202507,text_or_mixed,0.4412,7,1398 | 41128.81 | 0,,,date_range=..
绩效与商家销售额汇总\01_绩效\非药商务绩效+热销价+商家进度统计_2026-07-28_sub_高运.xlsx,商业每月GMV,a202506,text_or_mixed,0.4412,5,906 | 30131.56 | 0,,,date_range=..
绩效与商家销售额汇总\01_绩效\非药商务绩效+热销价+商家进度统计_2026-07-28_sub_高运.xlsx,商业每月GMV,a202505,text_or_mixed,0.4412,5,175 | 30319.78 | 0,,,date_range=..
绩效与商家销售额汇总\01_绩效\非药商务绩效+热销价+商家进度统计_2026-07-28_sub_高运.xlsx,商业每月GMV,a202504,text_or_mixed,0.4412,4,745 | 125657.71 | 0,,,date_range=..
绩效与商家销售额汇总\01_绩效\非药商务绩效+热销价+商家进度统计_2026-07-28_sub_高运.xlsx,商业每月GMV,a202503,text_or_mixed,0.4412,4,613 | 126389.26 | 0,,,date_range=..
绩效与商家销售额汇总\01_绩效\非药商务绩效+热销价+商家进度统计_2026-07-28_sub_高运.xlsx,商业每月GMV,a202502,text_or_mixed,0.4412,4,1345 | 42059.48 | 0,,,date_range=..
绩效与商家销售额汇总\01_绩效\非药商务绩效+热销价+商家进度统计_2026-07-28_sub_高运.xlsx,商业每月GMV,a202501,text_or_mixed,0.4412,4,2055 | 51651.49 | 0,,,date_range=..
绩效与商家销售额汇总\01_绩效\非药商务绩效+热销价+商家进度统计_2026-07-28_sub_高运.xlsx,商业每月GMV,a202412,text_or_mixed,0.4412,4,175 | 49892.86 | 0,,,date_range=..
绩效与商家销售额汇总\01_绩效\非药商务绩效+热销价+商家进度统计_2026-07-28_sub_高运.xlsx,商业每月GMV,a202411,text_or_mixed,0.4412,4,1763 | 65085.17 | 0,,,date_range=..
绩效与商家销售额汇总\01_绩效\非药商务绩效+热销价+商家进度统计_2026-07-28_sub_高运.xlsx,商业每月GMV,a202410,text_or_mixed,0.4412,4,3198.8 | 77585.72 | 0,,,date_range=..
绩效与商家销售额汇总\01_绩效\非药商务绩效+热销价+商家进度统计_2026-07-28_sub_高运.xlsx,商业每月GMV,a202409,text_or_mixed,0.4412,3,2267 | 79720.73 | 0,,,date_range=..
绩效与商家销售额汇总\01_绩效\非药商务绩效+热销价+商家进度统计_2026-07-28_sub_高运.xlsx,商业每月GMV,a202408,text_or_mixed,0.4412,3,2305.9 | 56772.47 | 0,,,date_range=..
绩效与商家销售额汇总\01_绩效\非药商务绩效+热销价+商家进度统计_2026-07-28_sub_高运.xlsx,商业每月GMV,a202407,text_or_mixed,0.4412,3,4457.9 | 49677.17 | 0,,,date_range=..
绩效与商家销售额汇总\01_绩效\非药商务绩效+热销价+商家进度统计_2026-07-28_sub_高运.xlsx,商业每月GMV,a202406,text_or_mixed,0.4412,3,3969.42 | 73864.91 | 0,,,date_range=..
绩效与商家销售额汇总\01_绩效\非药商务绩效+热销价+商家进度统计_2026-07-28_sub_高运.xlsx,商业每月GMV,a202405,text_or_mixed,0.4412,3,1632.9 | 60790.03 | 0,,,date_range=..
绩效与商家销售额汇总\01_绩效\非药商务绩效+热销价+商家进度统计_2026-07-28_sub_高运.xlsx,商业每月GMV,a202404,text_or_mixed,0.4412,3,1848.9 | 90706.07 | 0,,,date_range=..
绩效与商家销售额汇总\01_绩效\非药商务绩效+热销价+商家进度统计_2026-07-28_sub_高运.xlsx,商业每月GMV,a202403,text_or_mixed,0.4412,3,1900.9 | 121257.92 | 0,,,date_range=..
绩效与商家销售额汇总\01_绩效\非药商务绩效+热销价+商家进度统计_2026-07-28_sub_高运.xlsx,商业每月GMV,a202402,text_or_mixed,0.4412,3,2435.34 | 70187.27 | 0,,,date_range=..
绩效与商家销售额汇总\01_绩效\非药商务绩效+热销价+商家进度统计_2026-07-28_sub_高运.xlsx,商业每月GMV,a202401,text_or_mixed,0.4412,3,4624.75 | 94529.7 | 0,,,date_range=..
绩效与商家销售额汇总\01_绩效\非药商务绩效+热销价+商家进度统计_2026-07-28_sub_高运.xlsx,商业每月GMV,a202312,text_or_mixed,0.4412,3,849.54 | 102807.2 | 0,,,date_range=..
绩效与商家销售额汇总\01_绩效\非药商务绩效+热销价+商家进度统计_2026-07-28_sub_高运.xlsx,商业每月GMV,a202311,text_or_mixed,0.4412,3,977.58 | 112600.73 | 0,,,date_range=..
绩效与商家销售额汇总\01_绩效\非药商务绩效+热销价+商家进度统计_2026-07-28_sub_高运.xlsx,商业每月GMV,a202310,text_or_mixed,0.4412,3,325.24 | 112943.43 | 0,,,date_range=..
绩效与商家销售额汇总\01_绩效\非药商务绩效+热销价+商家进度统计_2026-07-28_sub_高运.xlsx,商业每月GMV,a202309,text_or_mixed,0.4412,3,314.95 | 89132.77 | 0,,,date_range=..
绩效与商家销售额汇总\01_绩效\非药商务绩效+热销价+商家进度统计_2026-07-28_sub_高运.xlsx,商业每月GMV,a202308,text_or_mixed,0.4412,2,0 | 151644.67 | 0,,,date_range=..
绩效与商家销售额汇总\01_绩效\非药商务绩效+热销价+商家进度统计_2026-07-28_sub_高运.xlsx,商业每月GMV,a202307,text_or_mixed,0.4412,3,100 | 169361.71 | 0,,,date_range=..
绩效与商家销售额汇总\01_绩效\非药商务绩效+热销价+商家进度统计_2026-07-28_sub_高运.xlsx,商业每月GMV,a202306,text_or_mixed,0.4412,2,0 | 86209.46 | 0,,,date_range=..
绩效与商家销售额汇总\01_绩效\非药商务绩效+热销价+商家进度统计_2026-07-28_sub_高运.xlsx,商业每月GMV,a202305,text_or_mixed,0.4412,2,0 | 189073.73 | 0,,,date_range=..
绩效与商家销售额汇总\01_绩效\非药商务绩效+热销价+商家进度统计_2026-07-28_sub_高运.xlsx,商业每月GMV,a202304,text_or_mixed,0.4412,2,0 | 149466.67 | 0,,,date_range=..
绩效与商家销售额汇总\01_绩效\非药商务绩效+热销价+商家进度统计_2026-07-28_sub_高运.xlsx,商业每月GMV,a202303,text_or_mixed,0.4412,2,0 | 66989.08 | 0,,,date_range=..
绩效与商家销售额汇总\01_绩效\非药商务绩效+热销价+商家进度统计_2026-07-28_sub_高运.xlsx,商业每月GMV,a202302,text_or_mixed,0.4412,1,0 | 0 | 0,,,date_range=..
绩效与商家销售额汇总\01_绩效\非药商务绩效+热销价+商家进度统计_2026-07-28_sub_高运.xlsx,商业每月GMV,a202301,text_or_mixed,0.4412,1,0 | 0 | 0,,,date_range=..
绩效与商家销售额汇总\01_绩效\非药商务绩效+热销价+商家进度统计_2026-07-28_sub_高运.xlsx,商业每月GMV,商务对接人,text_or_mixed,0.9706,1,高运 | 高运 | 高运,operator,,date_range=..
绩效与商家销售额汇总\01_绩效\非药商务绩效+热销价+商家进度统计_2026-07-28_sub_高运.xlsx,商业每月GMV,简称,text_or_mixed,1.0000,34,子钦医疗 | 四川北尘 | 四川赤泉甘木生物科技,,,date_range=..
绩效与商家销售额汇总\01_绩效\非药商务绩效+热销价+商家进度统计_2026-07-28_sub_高运.xlsx,商业每月GMV,运营名称,text_or_mixed,0.8824,1,高运 | 高运 | 高运,operator,,date_range=..
绩效与商家销售额汇总\01_绩效\非药商务绩效+热销价+商家进度统计_2026-07-28_sub_高运.xlsx,商业每月GMV,对应人,text_or_mixed,1.0000,1,高运 | 高运 | 高运,,,date_range=..
绩效与商家销售额汇总\01_绩效\非药商务绩效+热销价+商家进度统计_2026-07-28_sub_高运.xlsx,商业每月GMV,主店铺ID,text_or_mixed,1.0000,29,11628 | 11984 | 21117,,,date_range=..
绩效与商家销售额汇总\01_绩效\非药商务绩效+热销价+商家进度统计_2026-07-28_sub_高运.xlsx,商业每月GMV,合并统计店铺,text_or_mixed,1.0000,29,子钦医疗 | 四川北尘 | 四川赤泉甘木生物科技,,,date_range=..
绩效与商家销售额汇总\01_绩效\非药商务绩效+热销价+商家进度统计_2026-07-28_sub_高运.xlsx,新开商业情况,供应商ID,text_or_mixed,1.0000,21,23871 | 24075 | 24236,merchant_supplier,,date_range=..
绩效与商家销售额汇总\01_绩效\非药商务绩效+热销价+商家进度统计_2026-07-28_sub_高运.xlsx,新开商业情况,简称,text_or_mixed,1.0000,21,好品惠 | 好尔思健康 | 重庆即美购供应链管理,,,date_range=..
绩效与商家销售额汇总\01_绩效\非药商务绩效+热销价+商家进度统计_2026-07-28_sub_高运.xlsx,新开商业情况,供应商省份,text_or_mixed,1.0000,4,广东省 | 四川省 | 重庆市,merchant_supplier;region,,date_range=..
绩效与商家销售额汇总\01_绩效\非药商务绩效+热销价+商家进度统计_2026-07-28_sub_高运.xlsx,新开商业情况,状态,text_or_mixed,1.0000,1,有效 | 有效 | 有效,,,date_range=..
绩效与商家销售额汇总\01_绩效\非药商务绩效+热销价+商家进度统计_2026-07-28_sub_高运.xlsx,新开商业情况,商业保证金,text_or_mixed,1.0000,3,50000 | 20000 | 100000,merchant_supplier,,date_range=..
绩效与商家销售额汇总\01_绩效\非药商务绩效+热销价+商家进度统计_2026-07-28_sub_高运.xlsx,新开商业情况,实时在架sku数,text_or_mixed,1.0000,20,37 | 737 | 31,product,,date_range=..
绩效与商家销售额汇总\01_绩效\非药商务绩效+热销价+商家进度统计_2026-07-28_sub_高运.xlsx,新开商业情况,主店铺ID,text_or_mixed,1.0000,18,23871 | 22917 | 24236,,,date_range=..
绩效与商家销售额汇总\01_绩效\非药商务绩效+热销价+商家进度统计_2026-07-28_sub_高运.xlsx,新开商业情况,月份,date_candidate,1.0000,1,2026-07 | 2026-07 | 2026-07,,,date_range=2026-07-01..2026-07-01
绩效与商家销售额汇总\01_绩效\非药商务绩效+热销价+商家进度统计_2026-07-28_sub_高运.xlsx,新开商业情况,GMV,text_or_mixed,1.0000,18,10902.26 | 352300.77 | 630.76,,GMV,date_range=..
绩效与商家销售额汇总\01_绩效\非药商务绩效+热销价+商家进度统计_2026-07-28_sub_高运.xlsx,新开商业情况,之前月份的峰值,text_or_mixed,1.0000,18,9930.24 | 558654.71 | 1496.82,,,date_range=..
绩效与商家销售额汇总\01_绩效\非药商务绩效+热销价+商家进度统计_2026-07-28_sub_高运.xlsx,新开商业情况,在架天数5天以上sku数,text_or_mixed,1.0000,21,37 | 770 | 32,product,,date_range=..
绩效与商家销售额汇总\01_绩效\非药商务绩效+热销价+商家进度统计_2026-07-28_sub_高运.xlsx,新开商业情况,月份差,text_or_mixed,1.0000,6,5 | 5 | 3,,,date_range=..
绩效与商家销售额汇总\01_绩效\非药商务绩效+热销价+商家进度统计_2026-07-28_sub_高运.xlsx,新开商业情况,商务对接人,text_or_mixed,1.0000,1,高运 | 高运 | 高运,operator,,date_range=..
绩效与商家销售额汇总\01_绩效\非药商务绩效+热销价+商家进度统计_2026-07-28_sub_高运.xlsx,新开商业情况,动销店数,text_or_mixed,1.0000,21,35 | 585 | 13,,,date_range=..
绩效与商家销售额汇总\01_绩效\非药商务绩效+热销价+商家进度统计_2026-07-28_sub_高运.xlsx,新开商业情况,分店GMV,text_or_mixed,1.0000,21,10902.26 | 87751.33 | 630.76,,GMV,date_range=..
绩效与商家销售额汇总\01_绩效\非药商务绩效+热销价+商家进度统计_2026-07-28_sub_高运.xlsx,新开商业情况,新开有效,text_or_mixed,1.0000,2,无效 | 无效 | 无效,,,date_range=..
绩效与商家销售额汇总\01_绩效\非药商务绩效+热销价+商家进度统计_2026-07-28_sub_高运.xlsx,新开商业情况,一线品牌品类gmv,text_or_mixed,1.0000,15,8013.73 | 310768.66 | 178.2,product,GMV,date_range=..
绩效与商家销售额汇总\01_绩效\非药商务绩效+热销价+商家进度统计_2026-07-28_sub_高运.xlsx,新开商业情况,非重点品gmv,text_or_mixed,1.0000,18,2888.530000000001 | <PHONE_MASKED> | 452.56,,GMV,date_range=..
绩效与商家销售额汇总\01_绩效\非药商务绩效+热销价+商家进度统计_2026-07-28_sub_高运.xlsx,新开商业情况,之前月份的非重点品峰值,text_or_mixed,1.0000,18,1128.6 | 73409.32999999996 | 702.5,,,date_range=..
绩效与商家销售额汇总\01_绩效\非药商务绩效+热销价+商家进度统计_2026-07-28_sub_高运.xlsx,新开商业情况,之前月份的重点品峰值,text_or_mixed,1.0000,15,8801.64 | 485245.38 | 1264.06,,,date_range=..
绩效与商家销售额汇总\01_绩效\非药商务绩效+热销价+商家进度统计_2026-07-28_sub_高运.xlsx,新开商业情况,非重点品增量gmv,text_or_mixed,1.0000,10,1759.93 | 0 | 0,,GMV,date_range=..
绩效与商家销售额汇总\01_绩效\非药商务绩效+热销价+商家进度统计_2026-07-28_sub_高运.xlsx,新开商业情况,重点品增量gmv,text_or_mixed,1.0000,3,0 | 0 | 0,,GMV,date_range=..
绩效与商家销售额汇总\01_绩效\非药商务绩效+热销价+商家进度统计_2026-07-28_sub_高运.xlsx,新开商业情况,保证金水平,text_or_mixed,1.0000,3,50000 | 20000 | 20000,,,date_range=..
绩效与商家销售额汇总\01_绩效\非药商务绩效+热销价+商家进度统计_2026-07-28_sub_高运.xlsx,新开商业情况,有效计件,text_or_mixed,1.0000,2,0 | 0 | 0,,,date_range=..
绩效与商家销售额汇总\01_绩效\非药商务绩效+热销价+商家进度统计_2026-07-28_sub_高运.xlsx,新开商业情况,商业类型,text_or_mixed,1.0000,5,品牌店 | 分店 | 特殊政策新店,merchant_supplier,,date_range=..
绩效与商家销售额汇总\01_绩效\非药商务绩效+热销价+商家进度统计_2026-07-28_sub_高运.xlsx,新开商业情况,开店月份,date_candidate,1.0000,6,2026-01 | 2026-01 | 2026-03,,,date_range=2026-01-01..2026-07-01
绩效与商家销售额汇总\01_绩效\非药商务绩效+热销价+商家进度统计_2026-07-28_sub_高运.xlsx,新开商业情况,首单月份,date_candidate,1.0000,7,2026-02 | 2026-01 | 2026-03,,,date_range=2026-01-01..2026-07-01
绩效与商家销售额汇总\01_绩效\非药商务绩效+热销价+商家进度统计_2026-07-28_sub_高运.xlsx,新开商业情况,增量分享标记,text_or_mixed,1.0000,2,0 | 0 | 0,,,date_range=..
绩效与商家销售额汇总\01_绩效\非药商务绩效+热销价+商家进度统计_2026-07-28_sub_高运.xlsx,新开商业情况,当月是否5万,text_or_mixed,1.0000,2,0 | 1 | 0,,,date_range=..
绩效与商家销售额汇总\01_绩效\非药商务绩效+热销价+商家进度统计_2026-07-28_sub_高运.xlsx,新开商业情况,预估五万达成,text_or_mixed,1.0000,2,0 | 1 | 0,,,date_range=..
绩效与商家销售额汇总\01_绩效\非药商务绩效+热销价+商家进度统计_2026-07-28_sub_高运.xlsx,新开商业情况历史版,供应商ID,text_or_mixed,1.0000,28,22679 | 22862 | 22917,merchant_supplier,,date_range=..
绩效与商家销售额汇总\01_绩效\非药商务绩效+热销价+商家进度统计_2026-07-28_sub_高运.xlsx,新开商业情况历史版,商业开店日期,date_candidate,1.0000,26,20250829 | 20250918 | 20250925,merchant_supplier,,date_range=2025-08-29..2026-07-17
绩效与商家销售额汇总\01_绩效\非药商务绩效+热销价+商家进度统计_2026-07-28_sub_高运.xlsx,新开商业情况历史版,商业首单日期,date_candidate,1.0000,26,20250917.0 | 20251017.0 | 20250926.0,merchant_supplier,,date_range=2025-09-17..2026-07-08
绩效与商家销售额汇总\01_绩效\非药商务绩效+热销价+商家进度统计_2026-07-28_sub_高运.xlsx,新开商业情况历史版,供应商省份,text_or_mixed,1.0000,6,江西省 | 四川省 | 四川省,merchant_supplier;region,,date_range=..
绩效与商家销售额汇总\01_绩效\非药商务绩效+热销价+商家进度统计_2026-07-28_sub_高运.xlsx,新开商业情况历史版,状态,text_or_mixed,1.0000,2,有效 | 有效 | 有效,,,date_range=..
绩效与商家销售额汇总\01_绩效\非药商务绩效+热销价+商家进度统计_2026-07-28_sub_高运.xlsx,新开商业情况历史版,商业保证金,text_or_mixed,1.0000,3,100000 | 100000 | 100000,merchant_supplier,,date_range=..
绩效与商家销售额汇总\01_绩效\非药商务绩效+热销价+商家进度统计_2026-07-28_sub_高运.xlsx,新开商业情况历史版,保证金余额,text_or_mixed,1.0000,17,100000 | 99926.6 | 98768.96,,,date_range=..
绩效与商家销售额汇总\01_绩效\非药商务绩效+热销价+商家进度统计_2026-07-28_sub_高运.xlsx,新开商业情况历史版,business_scope,text_or_mixed,0.9965,25,"6,7,8,12,21 | 0,2,6,8,21,28 | 0,2,3,6,7,8",,,date_range=..
绩效与商家销售额汇总\01_绩效\非药商务绩效+热销价+商家进度统计_2026-07-28_sub_高运.xlsx,新开商业情况历史版,主营业务关键词,text_or_mixed,0.9965,25,"外用,生活用品,化妆品,计生用品,消毒用品 | 医疗器械,生活用品,计生用品,食品,消毒用品,保健品 | 医疗器械,生活用品,化妆品,计生用品,营养品,保健品",,,date_range=..
绩效与商家销售额汇总\01_绩效\非药商务绩效+热销价+商家进度统计_2026-07-28_sub_高运.xlsx,新开商业情况历史版,type_scope,text_or_mixed,0.0000,0,,,,date_range=..
绩效与商家销售额汇总\01_绩效\非药商务绩效+热销价+商家进度统计_2026-07-28_sub_高运.xlsx,新开商业情况历史版,busi_scope,text_or_mixed,1.0000,18,"10,11,12,9 | 19,16,12,11,10,9,8,6 | 19,16,12,11,10,9,8,6",,,date_range=..
绩效与商家销售额汇总\01_绩效\非药商务绩效+热销价+商家进度统计_2026-07-28_sub_高运.xlsx,新开商业情况历史版,分类经营范围,text_or_mixed,0.0000,0,,,,date_range=..
绩效与商家销售额汇总\01_绩效\非药商务绩效+热销价+商家进度统计_2026-07-28_sub_高运.xlsx,新开商业情况历史版,商品经营范围,text_or_mixed,1.0000,16,"日用品,医疗器械（一类）,消毒产品,化妆品 | 日用品,医疗器械（一类）,食品,医疗器械（二类）,医疗器械（二类免备案）,... | 日用品,医疗器械（一类）,食品,医疗器械（二类）,医疗器械（二类免备案）,...",product,,date_range=..
绩效与商家销售额汇总\01_绩效\非药商务绩效+热销价+商家进度统计_2026-07-28_sub_高运.xlsx,新开商业情况历史版,冻结状态,text_or_mixed,1.0000,2,0 | 0 | 0,,,date_range=..
绩效与商家销售额汇总\01_绩效\非药商务绩效+热销价+商家进度统计_2026-07-28_sub_高运.xlsx,新开商业情况历史版,实时在架sku数,text_or_mixed,1.0000,26,33 | 151 | 952,product,,date_range=..
绩效与商家销售额汇总\01_绩效\非药商务绩效+热销价+商家进度统计_2026-07-28_sub_高运.xlsx,新开商业情况历史版,主店铺ID,text_or_mixed,1.0000,23,22679 | 22862 | 22917,,,date_range=..
绩效与商家销售额汇总\01_绩效\非药商务绩效+热销价+商家进度统计_2026-07-28_sub_高运.xlsx,新开商业情况历史版,月份,date_candidate,0.9965,19,2026-07 | 2026-07 | 2026-07,,,date_range=2025-01-01..2026-07-01
绩效与商家销售额汇总\01_绩效\非药商务绩效+热销价+商家进度统计_2026-07-28_sub_高运.xlsx,新开商业情况历史版,GMV,text_or_mixed,0.9965,217,30138.98 | 93933.21 | 352300.77,,GMV,date_range=..
绩效与商家销售额汇总\01_绩效\非药商务绩效+热销价+商家进度统计_2026-07-28_sub_高运.xlsx,新开商业情况历史版,之前月份的峰值,text_or_mixed,0.9965,74,36585.54 | 476864.78 | 558654.71,,,date_range=..
绩效与商家销售额汇总\01_绩效\非药商务绩效+热销价+商家进度统计_2026-07-28_sub_高运.xlsx,新开商业情况历史版,增量gmv,text_or_mixed,1.0000,79,0 | 0 | 0,,GMV,date_range=..
绩效与商家销售额汇总\01_绩效\非药商务绩效+热销价+商家进度统计_2026-07-28_sub_高运.xlsx,新开商业情况历史版,在架天数5天以上sku数,text_or_mixed,0.4014,87,33 | 153 | 975,product,,date_range=..
绩效与商家销售额汇总\01_绩效\非药商务绩效+热销价+商家进度统计_2026-07-28_sub_高运.xlsx,新开商业情况历史版,日期_dt,date_candidate,0.9965,25,2025-09-17 00:00:00 | 2025-10-17 00:00:00 | 2025-09-26 00:00:00,,,date_range=2025-09-17..2026-07-08
绩效与商家销售额汇总\01_绩效\非药商务绩效+热销价+商家进度统计_2026-07-28_sub_高运.xlsx,新开商业情况历史版,参考月份_dt,date_candidate,0.9965,25,2025-10-17 00:00:00 | 2025-11-17 00:00:00 | 2025-10-26 00:00:00,,,date_range=2025-10-17..2026-07-27
绩效与商家销售额汇总\01_绩效\非药商务绩效+热销价+商家进度统计_2026-07-28_sub_高运.xlsx,新开商业情况历史版,月份_dt,date_candidate,0.9965,19,2026-07-01 00:00:00 | 2026-07-01 00:00:00 | 2026-07-01 00:00:00,,,date_range=2025-01-01..2026-07-01
绩效与商家销售额汇总\01_绩效\非药商务绩效+热销价+商家进度统计_2026-07-28_sub_高运.xlsx,新开商业情况历史版,月份差,text_or_mixed,0.9965,28,9 | 8 | 9,,,date_range=..
绩效与商家销售额汇总\01_绩效\非药商务绩效+热销价+商家进度统计_2026-07-28_sub_高运.xlsx,新开商业情况历史版,商务对接人,text_or_mixed,1.0000,1,高运 | 高运 | 高运,operator,,date_range=..
绩效与商家销售额汇总\01_绩效\非药商务绩效+热销价+商家进度统计_2026-07-28_sub_高运.xlsx,新开商业情况历史版,简称,text_or_mixed,1.0000,28,江西古戈尔商贸 | 四川众恩德科技 | 成都天蕊贸易,,,date_range=..
绩效与商家销售额汇总\01_绩效\非药商务绩效+热销价+商家进度统计_2026-07-28_sub_高运.xlsx,新开商业情况历史版,供应商证件全称,text_or_mixed,1.0000,28,江西古戈尔商贸有限公司 | 四川众恩德科技有限公司 | 成都天蕊贸易有限公司,merchant_supplier,,date_range=..
绩效与商家销售额汇总\01_绩效\非药商务绩效+热销价+商家进度统计_2026-07-28_sub_高运.xlsx,新开商业情况历史版,运营名称,text_or_mixed,0.9308,1,高运 | 高运 | 高运,operator,,date_range=..
绩效与商家销售额汇总\01_绩效\非药商务绩效+热销价+商家进度统计_2026-07-28_sub_高运.xlsx,新开商业情况历史版,一线品牌品类gmv,text_or_mixed,1.0000,177,0 | 68635.7 | 310768.66,product,GMV,date_range=..
绩效与商家销售额汇总\01_绩效\非药商务绩效+热销价+商家进度统计_2026-07-28_sub_高运.xlsx,新开商业情况历史版,动销店数,text_or_mixed,0.4706,118,348 | 820 | 1532,,,date_range=..
绩效与商家销售额汇总\01_绩效\非药商务绩效+热销价+商家进度统计_2026-07-28_sub_高运.xlsx,新开商业情况历史版,分店GMV,text_or_mixed,0.4706,136,30138.98 | 93933.21 | 264549.44,,GMV,date_range=..
绩效与商家销售额汇总\01_绩效\非药商务绩效+热销价+商家进度统计_2026-07-28_sub_高运.xlsx,新开商业情况历史版,新开有效,text_or_mixed,1.0000,2,无效 | 无效 | 无效,,,date_range=..
绩效与商家销售额汇总\01_绩效\非药商务绩效+热销价+商家进度统计_2026-07-28_sub_高运.xlsx,新开商业情况历史版,非重点品gmv,text_or_mixed,0.9965,216,30138.98 | 25297.51000000001 | <PHONE_MASKED>,,GMV,date_range=..
绩效与商家销售额汇总\01_绩效\非药商务绩效+热销价+商家进度统计_2026-07-28_sub_高运.xlsx,新开商业情况历史版,之前月份的非重点品峰值,text_or_mixed,1.0000,68,36585.54 | 40898.06 | 73409.32999999996,,,date_range=..
绩效与商家销售额汇总\01_绩效\非药商务绩效+热销价+商家进度统计_2026-07-28_sub_高运.xlsx,新开商业情况历史版,之前月份的重点品峰值,text_or_mixed,1.0000,56,0 | 442572.18 | 485245.38,,,date_range=..
绩效与商家销售额汇总\01_绩效\非药商务绩效+热销价+商家进度统计_2026-07-28_sub_高运.xlsx,新开商业情况历史版,非重点品增量gmv,text_or_mixed,1.0000,76,0 | 0 | 0,,GMV,date_range=..
绩效与商家销售额汇总\01_绩效\非药商务绩效+热销价+商家进度统计_2026-07-28_sub_高运.xlsx,新开商业情况历史版,重点品增量gmv,text_or_mixed,1.0000,58,0 | 0 | 0,,GMV,date_range=..
绩效与商家销售额汇总\01_绩效\非药商务绩效+热销价+商家进度统计_2026-07-28_sub_高运.xlsx,新开商业情况历史版,保证金水平,text_or_mixed,1.0000,3,100000 | 100000 | 100000,,,date_range=..
绩效与商家销售额汇总\01_绩效\非药商务绩效+热销价+商家进度统计_2026-07-28_sub_高运.xlsx,新开商业情况历史版,商业类型,text_or_mixed,1.0000,5,普通店 | 普通店 | 普通店,merchant_supplier,,date_range=..
绩效与商家销售额汇总\01_绩效\非药商务绩效+热销价+商家进度统计_2026-07-28_sub_高运.xlsx,新开商业情况历史版,有效计件,text_or_mixed,1.0000,4,0 | 0 | 0,,,date_range=..
绩效与商家销售额汇总\01_绩效\非药商务绩效+热销价+商家进度统计_2026-07-28_sub_高运.xlsx,新开商业情况历史版,开店月份,date_candidate,1.0000,10,2025-08 | 2025-09 | 2025-09,,,date_range=2025-08-01..2026-07-01
绩效与商家销售额汇总\01_绩效\非药商务绩效+热销价+商家进度统计_2026-07-28_sub_高运.xlsx,新开商业情况历史版,首单月份,date_candidate,1.0000,12,2025-09 | 2025-10 | 2025-09,,,date_range=2025-09-01..2026-07-01
绩效与商家销售额汇总\01_绩效\非药商务绩效+热销价+商家进度统计_2026-07-28_sub_高运.xlsx,新开商业情况历史版,增量分享标记,text_or_mixed,1.0000,2,0 | 0 | 0,,,date_range=..
绩效与商家销售额汇总\01_绩效\非药商务绩效+热销价+商家进度统计_2026-07-28_sub_高运.xlsx,新开商业情况历史版,当月是否5万,text_or_mixed,1.0000,2,0 | 1 | 1,,,date_range=..
绩效与商家销售额汇总\01_绩效\非药商务绩效+热销价+商家进度统计_2026-07-28_sub_高运.xlsx,新开商业情况历史版,日均gmv,text_or_mixed,0.4706,136,1116.258518518518 | 3479.007777777778 | <PHONE_MASKED>,,GMV,date_range=..
绩效与商家销售额汇总\01_绩效\非药商务绩效+热销价+商家进度统计_2026-07-28_sub_高运.xlsx,新开商业情况历史版,预估五万达成,text_or_mixed,1.0000,2,0 | 1 | 1,,,date_range=..
绩效与商家销售额汇总\01_绩效\非药商务绩效+热销价+商家进度统计_2026-07-28_sub_高运.xlsx,医疗器械经营店,药店ID,text_or_mixed,1.0000,1,3389366,purchasing_customer,,date_range=..
绩效与商家销售额汇总\01_绩效\非药商务绩效+热销价+商家进度统计_2026-07-28_sub_高运.xlsx,医疗器械经营店,省份,text_or_mixed,1.0000,1,重庆市,region,,date_range=..
绩效与商家销售额汇总\01_绩效\非药商务绩效+热销价+商家进度统计_2026-07-28_sub_高运.xlsx,医疗器械经营店,市区,text_or_mixed,1.0000,1,重庆市,region,,date_range=..
绩效与商家销售额汇总\01_绩效\非药商务绩效+热销价+商家进度统计_2026-07-28_sub_高运.xlsx,医疗器械经营店,full_name,text_or_mixed,1.0000,1,重庆康美迪贸易有限公司,,,date_range=..
绩效与商家销售额汇总\01_绩效\非药商务绩效+热销价+商家进度统计_2026-07-28_sub_高运.xlsx,医疗器械经营店,在药师帮注册日期,date_candidate,1.0000,1,2024-08-27 14:21:20,,,date_range=2024-08-27..2024-08-27
绩效与商家销售额汇总\01_绩效\非药商务绩效+热销价+商家进度统计_2026-07-28_sub_高运.xlsx,医疗器械经营店,启用日期,date_candidate,1.0000,1,2025-09-13 11:04:56,,,date_range=2025-09-13..2025-09-13
绩效与商家销售额汇总\01_绩效\非药商务绩效+热销价+商家进度统计_2026-07-28_sub_高运.xlsx,医疗器械经营店,药店首单日期,date_candidate,1.0000,1,2025-11-13 14:23:27,purchasing_customer,,date_range=2025-11-13..2025-11-13
绩效与商家销售额汇总\01_绩效\非药商务绩效+热销价+商家进度统计_2026-07-28_sub_高运.xlsx,医疗器械经营店,BD,text_or_mixed,1.0000,1,唐雯琦,operator,,date_range=..
绩效与商家销售额汇总\01_绩效\非药商务绩效+热销价+商家进度统计_2026-07-28_sub_高运.xlsx,医疗器械经营店,是否添加微信,text_or_mixed,1.0000,1,0,,,date_range=..
绩效与商家销售额汇总\01_绩效\非药商务绩效+热销价+商家进度统计_2026-07-28_sub_高运.xlsx,医疗器械经营店,药采购权限审核通过日期,date_candidate,1.0000,1,2025-09-13 11:04:56,,,date_range=2025-09-13..2025-09-13
绩效与商家销售额汇总\01_绩效\非药商务绩效+热销价+商家进度统计_2026-07-28_sub_高运.xlsx,医疗器械经营店,最近一次申请药采购权限时间,date_candidate,1.0000,1,2025-09-13 11:04:56,,,date_range=2025-09-13..2025-09-13
绩效与商家销售额汇总\01_绩效\非药商务绩效+热销价+商家进度统计_2026-07-28_sub_高运.xlsx,医疗器械经营店,商务对接人,text_or_mixed,1.0000,1,高运,operator,,date_range=..
绩效与商家销售额汇总\01_绩效\非药商务绩效+热销价+商家进度统计_2026-07-28_sub_高运.xlsx,医疗器械经营店,美团评级,text_or_mixed,1.0000,1,0,,,date_range=..
绩效与商家销售额汇总\01_绩效\非药商务绩效+热销价+商家进度统计_2026-07-28_sub_高运.xlsx,医疗器械经营店,标签,text_or_mixed,0.0000,0,,,,date_range=..
绩效与商家销售额汇总\01_绩效\非药商务绩效+热销价+商家进度统计_2026-07-28_sub_高运.xlsx,医疗器械经营店,对接,text_or_mixed,0.0000,0,,,,date_range=..
绩效与商家销售额汇总\01_绩效\非药商务绩效+热销价+商家进度统计_2026-07-28_sub_高运.xlsx,医疗器械经营店,负责人1,text_or_mixed,0.0000,0,,operator,,date_range=..
绩效与商家销售额汇总\01_绩效\非药商务绩效+热销价+商家进度统计_2026-07-28_sub_高运.xlsx,医疗器械经营店,负责人2,text_or_mixed,0.0000,0,,operator,,date_range=..
绩效与商家销售额汇总\01_绩效\非药商务绩效+热销价+商家进度统计_2026-07-28_sub_高运.xlsx,医疗器械经营店,商家组负责人,text_or_mixed,1.0000,1,nan,merchant_supplier;operator,,date_range=..
绩效与商家销售额汇总\01_绩效\非药商务绩效+热销价+商家进度统计_2026-07-28_sub_高运.xlsx,医疗器械经营店,线索提供人*,text_or_mixed,1.0000,1,nan,,,date_range=..
绩效与商家销售额汇总\01_绩效\非药商务绩效+热销价+商家进度统计_2026-07-28_sub_高运.xlsx,医疗器械经营店,激励,text_or_mixed,1.0000,1,nan,,,date_range=..
绩效与商家销售额汇总\01_绩效\非药商务绩效+热销价+商家进度统计_2026-07-28_sub_高运.xlsx,医疗器械经营店,BD线索,text_or_mixed,1.0000,1,nan,operator,,date_range=..
绩效与商家销售额汇总\01_绩效\非药商务绩效+热销价+商家进度统计_2026-07-28_sub_高运.xlsx,医疗器械经营店,a202601,text_or_mixed,1.0000,1,0,,,date_range=..
绩效与商家销售额汇总\01_绩效\非药商务绩效+热销价+商家进度统计_2026-07-28_sub_高运.xlsx,医疗器械经营店,a202602,text_or_mixed,1.0000,1,0,,,date_range=..
绩效与商家销售额汇总\01_绩效\非药商务绩效+热销价+商家进度统计_2026-07-28_sub_高运.xlsx,医疗器械经营店,a202603,text_or_mixed,1.0000,1,0,,,date_range=..
绩效与商家销售额汇总\01_绩效\非药商务绩效+热销价+商家进度统计_2026-07-28_sub_高运.xlsx,医疗器械经营店,a202604,text_or_mixed,1.0000,1,0,,,date_range=..
绩效与商家销售额汇总\01_绩效\非药商务绩效+热销价+商家进度统计_2026-07-28_sub_高运.xlsx,医疗器械经营店,a202605,text_or_mixed,1.0000,1,0,,,date_range=..
绩效与商家销售额汇总\01_绩效\非药商务绩效+热销价+商家进度统计_2026-07-28_sub_高运.xlsx,医疗器械经营店,a202606,text_or_mixed,1.0000,1,0,,,date_range=..
绩效与商家销售额汇总\01_绩效\非药商务绩效+热销价+商家进度统计_2026-07-28_sub_高运.xlsx,医疗器械经营店,a202607,text_or_mixed,1.0000,1,0,,,date_range=..
绩效与商家销售额汇总\01_绩效\非药商务绩效+热销价+商家进度统计_2026-07-28_sub_高运.xlsx,医疗器械经营店,新开标签,text_or_mixed,0.0000,0,,,,date_range=..
绩效与商家销售额汇总\01_绩效\非药商务绩效+热销价+商家进度统计_2026-07-28_sub_高运.xlsx,新开商业补充保证金情况,供应商ID,text_or_mixed,0,0,,merchant_supplier,,date_range=..
绩效与商家销售额汇总\01_绩效\非药商务绩效+热销价+商家进度统计_2026-07-28_sub_高运.xlsx,新开商业补充保证金情况,月份,text_or_mixed,0,0,,,,date_range=..
绩效与商家销售额汇总\01_绩效\非药商务绩效+热销价+商家进度统计_2026-07-28_sub_高运.xlsx,新开商业补充保证金情况,简称,text_or_mixed,0,0,,,,date_range=..
绩效与商家销售额汇总\01_绩效\非药商务绩效+热销价+商家进度统计_2026-07-28_sub_高运.xlsx,新开商业补充保证金情况,状态,text_or_mixed,0,0,,,,date_range=..
绩效与商家销售额汇总\01_绩效\非药商务绩效+热销价+商家进度统计_2026-07-28_sub_高运.xlsx,新开商业补充保证金情况,商务对接人,text_or_mixed,0,0,,operator,,date_range=..
绩效与商家销售额汇总\01_绩效\非药商务绩效+热销价+商家进度统计_2026-07-28_sub_高运.xlsx,新开商业补充保证金情况,最新保证金水平,text_or_mixed,0,0,,,,date_range=..
绩效与商家销售额汇总\01_绩效\非药商务绩效+热销价+商家进度统计_2026-07-28_sub_高运.xlsx,新开商业补充保证金情况,过去保证金水平,text_or_mixed,0,0,,,,date_range=..
绩效与商家销售额汇总\01_绩效\非药商务绩效+热销价+商家进度统计_2026-07-28_sub_高运.xlsx,新开商业补充保证金情况,过去有效计件,text_or_mixed,0,0,,,,date_range=..
绩效与商家销售额汇总\01_绩效\非药商务绩效+热销价+商家进度统计_2026-07-28_sub_高运.xlsx,新开商业补充保证金情况,补充新开系数,text_or_mixed,0,0,,,,date_range=..
绩效与商家销售额汇总\01_绩效\非药商务绩效+热销价+商家进度统计_2026-07-28_sub_高运.xlsx,新开商业补充保证金情况,最新当月有效计件,text_or_mixed,0,0,,,,date_range=..
绩效与商家销售额汇总\03_销售额与经营数据\20260201-20260302药品统计 (1)(1).xlsx,20260201-20260302药品统计,药品,text_or_mixed,1.0000,1442,汤臣倍健 蛋白粉 | 鱼跃 臂式电子血压计 | 三诺 安稳 血糖试条,product,,date_range=..
绩效与商家销售额汇总\03_销售额与经营数据\20260201-20260302药品统计 (1)(1).xlsx,20260201-20260302药品统计,药品ID,text_or_mixed,1.0000,2000,4434484 | 2776927 | 378782,product,,date_range=..
绩效与商家销售额汇总\03_销售额与经营数据\20260201-20260302药品统计 (1)(1).xlsx,20260201-20260302药品统计,准字号,text_or_mixed,0.9975,1185,食健备G202444000405 | 苏械注准20202071574 | 湘食药监械(准)字2012第2400053号,,,date_range=..
绩效与商家销售额汇总\03_销售额与经营数据\20260201-20260302药品统计 (1)(1).xlsx,20260201-20260302药品统计,通用名,text_or_mixed,0.9220,758,蛋白粉 | 臂式电子血压计 | 三诺 血糖测试条,,,date_range=..
绩效与商家销售额汇总\03_销售额与经营数据\20260201-20260302药品统计 (1)(1).xlsx,20260201-20260302药品统计,厂家,text_or_mixed,1.0000,789,汤臣倍健股份有限公司 | 江苏鱼跃医疗设备股份有限公司 | 三诺生物传感技术股份有限公司,product,,date_range=..
绩效与商家销售额汇总\03_销售额与经营数据\20260201-20260302药品统计 (1)(1).xlsx,20260201-20260302药品统计,规格,text_or_mixed,0.8800,1185,660g(330g*2罐) | YE660D *1台 | 安稳型 50支/盒,,,date_range=..
绩效与商家销售额汇总\03_销售额与经营数据\20260201-20260302药品统计 (1)(1).xlsx,20260201-20260302药品统计,销售金额,text_or_mixed,1.0000,4,100万+ | 10万+ | 10万+,,销售金额,date_range=..
绩效与商家销售额汇总\03_销售额与经营数据\20260201-20260302药品统计 (1)(1).xlsx,20260201-20260302药品统计,排名,text_or_mixed,1.0000,2000,1 | 2 | 3,,,date_range=..
绩效与商家销售额汇总\03_销售额与经营数据\20260201-20260302药品统计 (1)(1).xlsx,20260201-20260302药品统计,大类,text_or_mixed,1.0000,16,食品 | 医疗器械 | 医疗器械,,,date_range=..
绩效与商家销售额汇总\03_销售额与经营数据\20260201-20260302药品统计 (1)(1).xlsx,20260201-20260302药品统计,亚类,text_or_mixed,1.0000,48,保健食品 | 医用设备 | 医用设备,,,date_range=..
绩效与商家销售额汇总\03_销售额与经营数据\20260201-20260302药品统计 (1)(1).xlsx,20260201-20260302药品统计,子类,text_or_mixed,1.0000,108,蛋白质类 | 血压计 | 血糖检测类,,,date_range=..
绩效与商家销售额汇总\03_销售额与经营数据\20260201-20260302药品统计 (1).xlsx,20260201-20260302药品统计,药品,text_or_mixed,1.0000,1442,汤臣倍健 蛋白粉 | 鱼跃 臂式电子血压计 | 三诺 安稳 血糖试条,product,,date_range=..
绩效与商家销售额汇总\03_销售额与经营数据\20260201-20260302药品统计 (1).xlsx,20260201-20260302药品统计,药品ID,text_or_mixed,1.0000,2000,4434484 | 2776927 | 378782,product,,date_range=..
绩效与商家销售额汇总\03_销售额与经营数据\20260201-20260302药品统计 (1).xlsx,20260201-20260302药品统计,准字号,text_or_mixed,0.9975,1185,食健备G202444000405 | 苏械注准20202071574 | 湘食药监械(准)字2012第2400053号,,,date_range=..
绩效与商家销售额汇总\03_销售额与经营数据\20260201-20260302药品统计 (1).xlsx,20260201-20260302药品统计,通用名,text_or_mixed,0.9220,758,蛋白粉 | 臂式电子血压计 | 三诺 血糖测试条,,,date_range=..
绩效与商家销售额汇总\03_销售额与经营数据\20260201-20260302药品统计 (1).xlsx,20260201-20260302药品统计,厂家,text_or_mixed,1.0000,789,汤臣倍健股份有限公司 | 江苏鱼跃医疗设备股份有限公司 | 三诺生物传感技术股份有限公司,product,,date_range=..
绩效与商家销售额汇总\03_销售额与经营数据\20260201-20260302药品统计 (1).xlsx,20260201-20260302药品统计,规格,text_or_mixed,0.8800,1185,660g(330g*2罐) | YE660D *1台 | 安稳型 50支/盒,,,date_range=..
绩效与商家销售额汇总\03_销售额与经营数据\20260201-20260302药品统计 (1).xlsx,20260201-20260302药品统计,销售金额,text_or_mixed,1.0000,4,100万+ | 10万+ | 10万+,,销售金额,date_range=..
绩效与商家销售额汇总\03_销售额与经营数据\20260201-20260302药品统计 (1).xlsx,20260201-20260302药品统计,排名,text_or_mixed,1.0000,2000,1 | 2 | 3,,,date_range=..
绩效与商家销售额汇总\03_销售额与经营数据\20260201-20260302药品统计 (1).xlsx,20260201-20260302药品统计,大类,text_or_mixed,1.0000,16,食品 | 医疗器械 | 医疗器械,,,date_range=..
绩效与商家销售额汇总\03_销售额与经营数据\20260201-20260302药品统计 (1).xlsx,20260201-20260302药品统计,亚类,text_or_mixed,1.0000,48,保健食品 | 医用设备 | 医用设备,,,date_range=..
绩效与商家销售额汇总\03_销售额与经营数据\20260201-20260302药品统计 (1).xlsx,20260201-20260302药品统计,子类,text_or_mixed,1.0000,108,蛋白质类 | 血压计 | 血糖检测类,,,date_range=..
绩效与商家销售额汇总\03_销售额与经营数据\20260201-20260302药品统计.xlsx,20260201-20260302药品统计,药品,text_or_mixed,1.0000,1371,正嘉 塑料袋药品袋 | 药房诊所 购物袋 | 海氏海诺 医用输液贴,product,,date_range=..
绩效与商家销售额汇总\03_销售额与经营数据\20260201-20260302药品统计.xlsx,20260201-20260302药品统计,药品ID,text_or_mixed,1.0000,2000,4311221 | 3992217 | 2711809,product,,date_range=..
绩效与商家销售额汇总\03_销售额与经营数据\20260201-20260302药品统计.xlsx,20260201-20260302药品统计,准字号,text_or_mixed,1.0000,988,皖XK16-204-01179 | 皖XK16-204-00745 | 鲁械注准20172640401,,,date_range=..
绩效与商家销售额汇总\03_销售额与经营数据\20260201-20260302药品统计.xlsx,20260201-20260302药品统计,通用名,text_or_mixed,0.9035,468,塑料袋药品袋 | 购物袋 | 医用输液贴,,,date_range=..
绩效与商家销售额汇总\03_销售额与经营数据\20260201-20260302药品统计.xlsx,20260201-20260302药品统计,厂家,text_or_mixed,0.9990,651,桐城市正嘉塑料包装有限公司 | 桐城市观胜塑业有限公司 | 青岛海诺生物工程有限公司,product,,date_range=..
绩效与商家销售额汇总\03_销售额与经营数据\20260201-20260302药品统计.xlsx,20260201-20260302药品统计,规格,text_or_mixed,0.6980,995,20*32cm*1个 | 70mm×35mm 200片 | 平面耳挂式(无菌型) 17.5cm×9.5cm 1只装,,,date_range=..
绩效与商家销售额汇总\03_销售额与经营数据\20260201-20260302药品统计.xlsx,20260201-20260302药品统计,排名,text_or_mixed,1.0000,2000,1 | 2 | 3,,,date_range=..
绩效与商家销售额汇总\03_销售额与经营数据\20260201-20260302药品统计.xlsx,20260201-20260302药品统计,数量,text_or_mixed,1.0000,3,10万+ | 10万+ | 10万+,,数量,date_range=..
绩效与商家销售额汇总\03_销售额与经营数据\20260201-20260302药品统计.xlsx,20260201-20260302药品统计,店数,text_or_mixed,1.0000,3,100+ | 100+ | 100+,,,date_range=..
绩效与商家销售额汇总\03_销售额与经营数据\5月药品top5000销售排名及均价表.xlsx,sheet1,药品主id,text_or_mixed,0.0964,5000,4363 | 9862 | 109719,product,,date_range=..
绩效与商家销售额汇总\03_销售额与经营数据\5月药品top5000销售排名及均价表.xlsx,sheet1,药品名称,text_or_mixed,0.0964,4131,999 感冒灵颗粒 | 999皮炎平 复方醋酸地塞米松乳膏 | 迪根 双氯芬酸钠缓释片,product,,date_range=..
绩效与商家销售额汇总\03_销售额与经营数据\5月药品top5000销售排名及均价表.xlsx,sheet1,规格,text_or_mixed,0.0964,2465,10g*9袋 | 20g | 0.1g*12片,,,date_range=..
绩效与商家销售额汇总\03_销售额与经营数据\5月药品top5000销售排名及均价表.xlsx,sheet1,厂家,text_or_mixed,0.0964,1549,华润三九(枣庄)药业有限公司 | 广东华润顺峰药业有限公司 | 国药集团致君(深圳)坪山制药有限公司,product,,date_range=..
绩效与商家销售额汇总\03_销售额与经营数据\5月药品top5000销售排名及均价表.xlsx,sheet1,平台成交均价,text_or_mixed,0.0964,2497,13.02 | 9.32 | 4.18,,,date_range=..
绩效与商家销售额汇总\03_销售额与经营数据\5月药品top5000销售排名及均价表.xlsx,sheet1,批文号,text_or_mixed,0.0964,4052,国药准字Z37021399 | 国药准字H44024170 | 国药准字H10970209,,,date_range=..
绩效与商家销售额汇总\03_销售额与经营数据\5月药品top5000销售排名及均价表.xlsx,sheet1,排名区间,text_or_mixed,0.0964,6,1-100 | 1-100 | 1-100,,,date_range=..
绩效与商家销售额汇总\03_销售额与经营数据\5月药品top5000销售排名及均价表.xlsx,sheet1,销量区间,text_or_mixed,0.0964,5,5万以上 | 5万以上 | 5万以上,,,date_range=..
绩效与商家销售额汇总\03_销售额与经营数据\5月药品top5000销售排名及均价表.xlsx,sheet1,<blank_9>,text_or_mixed,0.0000,0,,,,date_range=..
绩效与商家销售额汇总\03_销售额与经营数据\6月药品top5000销售排名及均价(1).xlsx,Sheet1,药品主id,text_or_mixed,1.0000,5000,4363 | 9862 | 4275829,product,,date_range=..
绩效与商家销售额汇总\03_销售额与经营数据\6月药品top5000销售排名及均价(1).xlsx,Sheet1,药品名称,text_or_mixed,1.0000,4125,999 感冒灵颗粒 | 999皮炎平 复方醋酸地塞米松乳膏 | 三金 桂林西瓜霜,product,,date_range=..
绩效与商家销售额汇总\03_销售额与经营数据\6月药品top5000销售排名及均价(1).xlsx,Sheet1,规格,text_or_mixed,1.0000,2504,10g*9袋 | 20g | 3g,,,date_range=..
绩效与商家销售额汇总\03_销售额与经营数据\6月药品top5000销售排名及均价(1).xlsx,Sheet1,厂家,text_or_mixed,1.0000,1536,华润三九(郴州)制药有限公司 | 广东华润顺峰药业有限公司 | 桂林三金药业股份有限公司,product,,date_range=..
绩效与商家销售额汇总\03_销售额与经营数据\6月药品top5000销售排名及均价(1).xlsx,Sheet1,平台成交均价,text_or_mixed,1.0000,2482,12.82 | 9.45 | 10.68,,,date_range=..
绩效与商家销售额汇总\03_销售额与经营数据\6月药品top5000销售排名及均价(1).xlsx,Sheet1,批文号,text_or_mixed,1.0000,4060,国药准字Z44021940 | 国药准字H44024170 | 国药准字Z45021599,,,date_range=..
绩效与商家销售额汇总\03_销售额与经营数据\6月药品top5000销售排名及均价(1).xlsx,Sheet1,排名区间,text_or_mixed,1.0000,6,1-100 | 1-100 | 1-100,,,date_range=..
绩效与商家销售额汇总\03_销售额与经营数据\6月药品top5000销售排名及均价(1).xlsx,Sheet1,销量区间,text_or_mixed,1.0000,5,5万以上 | 5万以上 | 5万以上,,,date_range=..
绩效与商家销售额汇总\03_销售额与经营数据\拜访商业统计.xlsx,销售额统计（周期汇总）,拜访时间,text_or_mixed,0.3714,12,周一下午第一家 | 周一下午第二家 | 周一下午第三家,,,date_range=..
绩效与商家销售额汇总\03_销售额与经营数据\拜访商业统计.xlsx,销售额统计（周期汇总）,供应商名称,text_or_mixed,1.0000,35,成都天蕊贸易 | 好尔思健康 | 聚药汇,merchant_supplier,,date_range=..
绩效与商家销售额汇总\03_销售额与经营数据\拜访商业统计.xlsx,销售额统计（周期汇总）,近3月月均销售,text_or_mixed,1.0000,31,346082.4733333333 | 132537.78 | 198859.3666666667,,,date_range=..
绩效与商家销售额汇总\03_销售额与经营数据\拜访商业统计.xlsx,销售额统计（周期汇总）,占比,text_or_mixed,0.8571,30,0.03386653744814381 | <PHONE_MASKED> | <PHONE_MASKED>,,,date_range=..
绩效与商家销售额汇总\03_销售额与经营数据\拜访商业统计.xlsx,销售额统计（周期汇总）,实际负责人,text_or_mixed,0.3429,12,黄巧 | 甘强 | 刘晓梅,operator,,date_range=..
绩效与商家销售额汇总\03_销售额与经营数据\拜访商业统计.xlsx,销售额统计（周期汇总）,经营概况,text_or_mixed,0.3143,11,主营计生用品及汤臣倍健，只是最近没有再进蛋白粉 | 大部分头部品种均从连锁拿货，汤臣倍健系列尤其是蛋白粉、万通、香丹清和计生用品 | 甘强仓库前面的那家，第一批入驻但是重心不在这里，今年开始才开始慢慢上手做,,,date_range=..
绩效与商家销售额汇总\03_销售额与经营数据\拜访商业统计_美化版.xlsx,销售额统计（周期汇总）,拜访时间,text_or_mixed,0.1625,12,周一下午第一家 | 周一下午第二家 | 周一下午第三家,,,date_range=..
绩效与商家销售额汇总\03_销售额与经营数据\拜访商业统计_美化版.xlsx,销售额统计（周期汇总）,供应商名称,text_or_mixed,0.9875,79,成都天蕊贸易 | 好尔思健康 | 聚药汇,merchant_supplier,,date_range=..
绩效与商家销售额汇总\03_销售额与经营数据\拜访商业统计_美化版.xlsx,销售额统计（周期汇总）,近3月月均销售,text_or_mixed,1.0000,76,346082.4733333333 | 132537.78 | 198859.3666666667,,,date_range=..
绩效与商家销售额汇总\03_销售额与经营数据\拜访商业统计_美化版.xlsx,销售额统计（周期汇总）,占比,text_or_mixed,0.9250,74,0.03386653744814381 | <PHONE_MASKED> | <PHONE_MASKED>,,,date_range=..
绩效与商家销售额汇总\03_销售额与经营数据\拜访商业统计_美化版.xlsx,销售额统计（周期汇总）,实际负责人,text_or_mixed,0.1500,12,黄巧 | 甘强 | 刘晓梅,operator,,date_range=..
绩效与商家销售额汇总\03_销售额与经营数据\拜访商业统计_美化版.xlsx,销售额统计（周期汇总）,经营概况,text_or_mixed,0.1375,11,主营计生用品及汤臣倍健，只是最近没有再进蛋白粉 | 大部分头部品种均从连锁拿货，汤臣倍健系列尤其是蛋白粉、万通、香丹清和计生用品 | 甘强仓库前面的那家，第一批入驻但是重心不在这里，今年开始才开始慢慢上手做,,,date_range=..
绩效与商家销售额汇总\03_销售额与经营数据\新开端口商业参与明细情况.xlsx,Sheet5,供应商ID,text_or_mixed,1.0000,273,21218 | 21257 | 21457,merchant_supplier,,date_range=..
绩效与商家销售额汇总\03_销售额与经营数据\新开端口商业参与明细情况.xlsx,Sheet5,供应商名称,text_or_mixed,1.0000,273,中山市天顺医药 | 江西阁徽医疗器械 | 赣州赢诚商贸,merchant_supplier,,date_range=..
绩效与商家销售额汇总\03_销售额与经营数据\新开端口商业参与明细情况.xlsx,Sheet5,首单月份,date_candidate,1.0000,7,202509 | 202511 | 202509,,,date_range=2025-09-01..2026-03-01
绩效与商家销售额汇总\03_销售额与经营数据\新开端口商业参与明细情况.xlsx,Sheet5,状态,text_or_mixed,1.0000,1,有效 | 有效 | 有效,,,date_range=..
绩效与商家销售额汇总\03_销售额与经营数据\新开端口商业参与明细情况.xlsx,Sheet5,商务对接人,text_or_mixed,0.9927,12,黄少华 | 陈灵珠 | 黄少华,operator,,date_range=..
绩效与商家销售额汇总\03_销售额与经营数据\新开端口商业参与明细情况.xlsx,Sheet5,新开端口通过商业,text_or_mixed,1.0000,2,0 | 0 | 0,merchant_supplier,,date_range=..
绩效与商家销售额汇总\03_销售额与经营数据\新开端口商业参与明细情况.xlsx,Sheet5,新开端口未通过商业,text_or_mixed,1.0000,2,0 | 0 | 0,merchant_supplier,,date_range=..
绩效与商家销售额汇总\03_销售额与经营数据\新开端口商业参与明细情况.xlsx,Sheet5,未参与新开端口商业,text_or_mixed,1.0000,2,1 | 1 | 1,merchant_supplier,,date_range=..
绩效与商家销售额汇总\03_销售额与经营数据\新开端口商业参与明细情况.xlsx,Sheet5,<blank_9>,text_or_mixed,0.0000,0,,,,date_range=..
绩效与商家销售额汇总\03_销售额与经营数据\新开端口商业参与明细情况.xlsx,Sheet5,<blank_10>,text_or_mixed,0.0000,0,,,,date_range=..
绩效与商家销售额汇总\03_销售额与经营数据\新开端口商业参与明细情况.xlsx,Sheet5,<blank_11>,text_or_mixed,0.0000,0,,,,date_range=..
绩效与商家销售额汇总\03_销售额与经营数据\新开端口商业参与明细情况.xlsx,Sheet5,<blank_12>,text_or_mixed,0.0000,0,,,,date_range=..
绩效与商家销售额汇总\03_销售额与经营数据\新开端口商业参与明细情况.xlsx,Sheet5,<blank_13>,text_or_mixed,0.0000,0,,,,date_range=..
绩效与商家销售额汇总\03_销售额与经营数据\新开端口商业参与明细情况.xlsx,Sheet5,<blank_14>,text_or_mixed,0.0000,0,,,,date_range=..
绩效与商家销售额汇总\03_销售额与经营数据\日用动销2026-03-23.xlsx,sql,商品ID,text_or_mixed,1.0000,25884,4110622 | 2844437 | 4105884,product,,date_range=..
绩效与商家销售额汇总\03_销售额与经营数据\日用动销2026-03-23.xlsx,sql,商品名称,text_or_mixed,1.0000,19686,丘米熊 电热蚊香液 | 广恒宝 肚脐晕车贴 | 榄菊 无香型电热蚊香片,product,,date_range=..
绩效与商家销售额汇总\03_销售额与经营数据\日用动销2026-03-23.xlsx,sql,规格,text_or_mixed,0.4571,5056,4贴 | 75片+1器(加赠12片) | 24片/盒,,,date_range=..
绩效与商家销售额汇总\03_销售额与经营数据\日用动销2026-03-23.xlsx,sql,大盘现金,text_or_mixed,0.9998,16137,30059.29 | 1365.68 | 3285.31,,,date_range=..
绩效与商家销售额汇总\03_销售额与经营数据\销售额统计 (1).xlsx,销售额统计（周期汇总）,供应商名称,text_or_mixed,1.0000,86,丽康琴保健品 | 都尔东康 | 普宁普慈,merchant_supplier,,date_range=..
绩效与商家销售额汇总\03_销售额与经营数据\销售额统计 (1).xlsx,销售额统计（周期汇总）,运营人员,text_or_mixed,0.7209,3,"高运,高运 | 高运,高运 | 高运",operator,,date_range=..
绩效与商家销售额汇总\03_销售额与经营数据\销售额统计 (1).xlsx,销售额统计（周期汇总）,商务对接人,text_or_mixed,0.3023,2,蓝通 | 高运 | 高运,operator,,date_range=..
绩效与商家销售额汇总\03_销售额与经营数据\销售额统计 (1).xlsx,销售额统计（周期汇总）,现金额,text_or_mixed,1.0000,86,30785.08 | 7191.70 | 64007.00,,,date_range=..
绩效与商家销售额汇总\03_销售额与经营数据\销售额统计 (1).xlsx,销售额统计（周期汇总）,订单数,text_or_mixed,1.0000,79,224.0 | 56.0 | 831.0,,订单,date_range=..
绩效与商家销售额汇总\03_销售额与经营数据\销售额统计 (1).xlsx,销售额统计（周期汇总）,单体金额,text_or_mixed,1.0000,86,18219.94 | 4091.5 | 45774.13,,,date_range=..
绩效与商家销售额汇总\03_销售额与经营数据\销售额统计 (1).xlsx,销售额统计（周期汇总）,诊所金额,text_or_mixed,1.0000,84,3467.0 | 2455.2 | 9049.12,,,date_range=..
绩效与商家销售额汇总\03_销售额与经营数据\销售额统计 (1).xlsx,销售额统计（周期汇总）,连锁总部金额,text_or_mixed,1.0000,30,3684.4 | 135.0 | 1098.6,,,date_range=..
绩效与商家销售额汇总\03_销售额与经营数据\销售额统计 (1).xlsx,销售额统计（周期汇总）,连锁加盟金额,text_or_mixed,1.0000,70,5413.74 | 510.0 | 960.3,,,date_range=..
绩效与商家销售额汇总\03_销售额与经营数据\销售额统计 (1).xlsx,销售额统计（周期汇总）,器械店金额,text_or_mixed,1.0000,47,0.0 | 0.0 | 5792.85,,,date_range=..
绩效与商家销售额汇总\03_销售额与经营数据\销售额统计 (1).xlsx,销售额统计（按月）,供应商名称,text_or_mixed,1.0000,86,丽康琴保健品 | 都尔东康 | 普宁普慈,merchant_supplier,,date_range=..
绩效与商家销售额汇总\03_销售额与经营数据\销售额统计 (1).xlsx,销售额统计（按月）,月份,text_or_mixed,1.0000,1,202605.0 | 202605.0 | 202605.0,,,date_range=..
绩效与商家销售额汇总\03_销售额与经营数据\销售额统计 (1).xlsx,销售额统计（按月）,运营人员,text_or_mixed,0.7209,3,"高运,高运 | 高运,高运 | 高运",operator,,date_range=..
绩效与商家销售额汇总\03_销售额与经营数据\销售额统计 (1).xlsx,销售额统计（按月）,商务对接人,text_or_mixed,0.3023,2,蓝通 | 高运 | 高运,operator,,date_range=..
绩效与商家销售额汇总\03_销售额与经营数据\销售额统计 (1).xlsx,销售额统计（按月）,现金额,text_or_mixed,1.0000,86,30785.08 | 7191.70 | 64007.00,,,date_range=..
绩效与商家销售额汇总\03_销售额与经营数据\销售额统计 (1).xlsx,销售额统计（按月）,订单数,text_or_mixed,1.0000,79,224.0 | 56.0 | 831.0,,订单,date_range=..
绩效与商家销售额汇总\03_销售额与经营数据\销售额统计 (1).xlsx,销售额统计（按月）,单体金额,text_or_mixed,1.0000,86,18219.94 | 4091.5 | 45774.13,,,date_range=..
绩效与商家销售额汇总\03_销售额与经营数据\销售额统计 (1).xlsx,销售额统计（按月）,诊所金额,text_or_mixed,1.0000,84,3467.0 | 2455.2 | 9049.12,,,date_range=..
绩效与商家销售额汇总\03_销售额与经营数据\销售额统计 (1).xlsx,销售额统计（按月）,连锁总部金额,text_or_mixed,1.0000,30,3684.4 | 135.0 | 1098.6,,,date_range=..
绩效与商家销售额汇总\03_销售额与经营数据\销售额统计 (1).xlsx,销售额统计（按月）,连锁加盟金额,text_or_mixed,1.0000,70,5413.74 | 510.0 | 960.3,,,date_range=..
绩效与商家销售额汇总\03_销售额与经营数据\销售额统计 (1).xlsx,销售额统计（按月）,器械店金额,text_or_mixed,1.0000,47,0.0 | 0.0 | 5792.85,,,date_range=..
绩效与商家销售额汇总\03_销售额与经营数据\销售额统计 (1).xlsx,销售额统计（按日）,供应商名称,text_or_mixed,1.0000,86,丽康琴保健品 | 丽康琴保健品 | 丽康琴保健品,merchant_supplier,,date_range=..
绩效与商家销售额汇总\03_销售额与经营数据\销售额统计 (1).xlsx,销售额统计（按日）,日期,date_candidate,1.0000,31,20260501.0 | 20260502.0 | 20260503.0,,,date_range=2026-05-01..2026-05-31
绩效与商家销售额汇总\03_销售额与经营数据\销售额统计 (1).xlsx,销售额统计（按日）,运营人员,text_or_mixed,0.7209,3,"高运,高运 | 高运,高运 | 高运,高运",operator,,date_range=..
绩效与商家销售额汇总\03_销售额与经营数据\销售额统计 (1).xlsx,销售额统计（按日）,商务对接人,text_or_mixed,0.3023,2,蓝通 | 蓝通 | 蓝通,operator,,date_range=..
绩效与商家销售额汇总\03_销售额与经营数据\销售额统计 (1).xlsx,销售额统计（按日）,现金额,text_or_mixed,1.0000,1348,1213.74 | 695.00 | 1085.20,,,date_range=..
绩效与商家销售额汇总\03_销售额与经营数据\销售额统计 (1).xlsx,销售额统计（按日）,订单数,text_or_mixed,1.0000,130,10.0 | 6.0 | 6.0,,订单,date_range=..
绩效与商家销售额汇总\03_销售额与经营数据\销售额统计 (1).xlsx,销售额统计（按日）,单体金额,text_or_mixed,1.0000,1288,1064.34 | 478.2 | 1017.2,,,date_range=..
绩效与商家销售额汇总\03_销售额与经营数据\销售额统计 (1).xlsx,销售额统计（按日）,诊所金额,text_or_mixed,1.0000,964,0.0 | 68.0 | 68.0,,,date_range=..
绩效与商家销售额汇总\03_销售额与经营数据\销售额统计 (1).xlsx,销售额统计（按日）,连锁总部金额,text_or_mixed,1.0000,204,0.0 | 0.0 | 0.0,,,date_range=..
绩效与商家销售额汇总\03_销售额与经营数据\销售额统计 (1).xlsx,销售额统计（按日）,连锁加盟金额,text_or_mixed,1.0000,885,149.4 | 148.8 | 0.0,,,date_range=..
绩效与商家销售额汇总\03_销售额与经营数据\销售额统计 (1).xlsx,销售额统计（按日）,器械店金额,text_or_mixed,1.0000,176,0.0 | 0.0 | 0.0,,,date_range=..
绩效与商家销售额汇总\03_销售额与经营数据\销售额统计 (2).xlsx,销售额统计（周期汇总）,供应商名称,text_or_mixed,1.0000,85,丽康琴保健品 | 都尔东康 | 普宁普慈,merchant_supplier,,date_range=..
绩效与商家销售额汇总\03_销售额与经营数据\销售额统计 (2).xlsx,销售额统计（周期汇总）,运营人员,text_or_mixed,0.7059,3,"高运,高运 | 高运,高运 | 高运",operator,,date_range=..
绩效与商家销售额汇总\03_销售额与经营数据\销售额统计 (2).xlsx,销售额统计（周期汇总）,商务对接人,text_or_mixed,0.3176,2,蓝通 | 高运 | 高运,operator,,date_range=..
绩效与商家销售额汇总\03_销售额与经营数据\销售额统计 (2).xlsx,销售额统计（周期汇总）,现金额,text_or_mixed,1.0000,85,49702.79 | 10077.20 | 99651.97,,,date_range=..
绩效与商家销售额汇总\03_销售额与经营数据\销售额统计 (2).xlsx,销售额统计（周期汇总）,订单数,text_or_mixed,1.0000,83,348.0 | 84.0 | 1329.0,,订单,date_range=..
绩效与商家销售额汇总\03_销售额与经营数据\销售额统计 (2).xlsx,销售额统计（周期汇总）,单体金额,text_or_mixed,1.0000,85,30257.34 | 5379.0 | 71678.62,,,date_range=..
绩效与商家销售额汇总\03_销售额与经营数据\销售额统计 (2).xlsx,销售额统计（周期汇总）,诊所金额,text_or_mixed,1.0000,84,4649.2 | 3470.7 | 13272.92,,,date_range=..
绩效与商家销售额汇总\03_销售额与经营数据\销售额统计 (2).xlsx,销售额统计（周期汇总）,连锁总部金额,text_or_mixed,1.0000,31,6472.0 | 135.0 | 1081.8,,,date_range=..
绩效与商家销售额汇总\03_销售额与经营数据\销售额统计 (2).xlsx,销售额统计（周期汇总）,连锁加盟金额,text_or_mixed,1.0000,72,8324.25 | 1092.5 | 1755.08,,,date_range=..
绩效与商家销售额汇总\03_销售额与经营数据\销售额统计 (2).xlsx,销售额统计（周期汇总）,器械店金额,text_or_mixed,1.0000,50,0.0 | 0.0 | 8731.55,,,date_range=..
绩效与商家销售额汇总\03_销售额与经营数据\销售额统计 (2).xlsx,销售额统计（按月）,供应商名称,text_or_mixed,1.0000,85,丽康琴保健品 | 都尔东康 | 普宁普慈,merchant_supplier,,date_range=..
绩效与商家销售额汇总\03_销售额与经营数据\销售额统计 (2).xlsx,销售额统计（按月）,月份,text_or_mixed,1.0000,1,202605.0 | 202605.0 | 202605.0,,,date_range=..
绩效与商家销售额汇总\03_销售额与经营数据\销售额统计 (2).xlsx,销售额统计（按月）,运营人员,text_or_mixed,0.7059,3,"高运,高运 | 高运,高运 | 高运",operator,,date_range=..
绩效与商家销售额汇总\03_销售额与经营数据\销售额统计 (2).xlsx,销售额统计（按月）,商务对接人,text_or_mixed,0.3176,2,蓝通 | 高运 | 高运,operator,,date_range=..
绩效与商家销售额汇总\03_销售额与经营数据\销售额统计 (2).xlsx,销售额统计（按月）,现金额,text_or_mixed,1.0000,85,49702.79 | 10077.20 | 99651.97,,,date_range=..
绩效与商家销售额汇总\03_销售额与经营数据\销售额统计 (2).xlsx,销售额统计（按月）,订单数,text_or_mixed,1.0000,83,348.0 | 84.0 | 1329.0,,订单,date_range=..
绩效与商家销售额汇总\03_销售额与经营数据\销售额统计 (2).xlsx,销售额统计（按月）,单体金额,text_or_mixed,1.0000,85,30257.34 | 5379.0 | 71678.62,,,date_range=..
绩效与商家销售额汇总\03_销售额与经营数据\销售额统计 (2).xlsx,销售额统计（按月）,诊所金额,text_or_mixed,1.0000,84,4649.2 | 3470.7 | 13272.92,,,date_range=..
绩效与商家销售额汇总\03_销售额与经营数据\销售额统计 (2).xlsx,销售额统计（按月）,连锁总部金额,text_or_mixed,1.0000,31,6472.0 | 135.0 | 1081.8,,,date_range=..
绩效与商家销售额汇总\03_销售额与经营数据\销售额统计 (2).xlsx,销售额统计（按月）,连锁加盟金额,text_or_mixed,1.0000,72,8324.25 | 1092.5 | 1755.08,,,date_range=..
绩效与商家销售额汇总\03_销售额与经营数据\销售额统计 (2).xlsx,销售额统计（按月）,器械店金额,text_or_mixed,1.0000,50,0.0 | 0.0 | 8731.55,,,date_range=..
绩效与商家销售额汇总\03_销售额与经营数据\销售额统计 (2).xlsx,销售额统计（按日）,供应商名称,text_or_mixed,1.0000,85,丽康琴保健品 | 丽康琴保健品 | 丽康琴保健品,merchant_supplier,,date_range=..
绩效与商家销售额汇总\03_销售额与经营数据\销售额统计 (2).xlsx,销售额统计（按日）,日期,date_candidate,1.0000,31,20260501.0 | 20260502.0 | 20260503.0,,,date_range=2026-05-01..2026-05-31
绩效与商家销售额汇总\03_销售额与经营数据\销售额统计 (2).xlsx,销售额统计（按日）,运营人员,text_or_mixed,0.7059,3,"高运,高运 | 高运,高运 | 高运,高运",operator,,date_range=..
绩效与商家销售额汇总\03_销售额与经营数据\销售额统计 (2).xlsx,销售额统计（按日）,商务对接人,text_or_mixed,0.3176,2,蓝通 | 蓝通 | 蓝通,operator,,date_range=..
绩效与商家销售额汇总\03_销售额与经营数据\销售额统计 (2).xlsx,销售额统计（按日）,现金额,text_or_mixed,1.0000,1914,1213.74 | 695.00 | 1085.20,,,date_range=..
绩效与商家销售额汇总\03_销售额与经营数据\销售额统计 (2).xlsx,销售额统计（按日）,订单数,text_or_mixed,1.0000,150,10.0 | 6.0 | 6.0,,订单,date_range=..
绩效与商家销售额汇总\03_销售额与经营数据\销售额统计 (2).xlsx,销售额统计（按日）,单体金额,text_or_mixed,1.0000,1816,1064.34 | 478.2 | 1017.2,,,date_range=..
绩效与商家销售额汇总\03_销售额与经营数据\销售额统计 (2).xlsx,销售额统计（按日）,诊所金额,text_or_mixed,1.0000,1335,0.0 | 68.0 | 68.0,,,date_range=..
绩效与商家销售额汇总\03_销售额与经营数据\销售额统计 (2).xlsx,销售额统计（按日）,连锁总部金额,text_or_mixed,1.0000,308,0.0 | 0.0 | 0.0,,,date_range=..
绩效与商家销售额汇总\03_销售额与经营数据\销售额统计 (2).xlsx,销售额统计（按日）,连锁加盟金额,text_or_mixed,1.0000,1233,149.4 | 148.8 | 0.0,,,date_range=..
绩效与商家销售额汇总\03_销售额与经营数据\销售额统计 (2).xlsx,销售额统计（按日）,器械店金额,text_or_mixed,1.0000,275,0.0 | 0.0 | 0.0,,,date_range=..
绩效与商家销售额汇总\03_销售额与经营数据\销售额统计 (28).xlsx,销售额统计（周期汇总）,供应商名称,text_or_mixed,1.0000,80,丽康琴保健品 | 都尔东康 | 普宁普慈,merchant_supplier,,date_range=..
绩效与商家销售额汇总\03_销售额与经营数据\销售额统计 (28).xlsx,销售额统计（周期汇总）,运营人员,text_or_mixed,0.7750,3,"高运,高运 | 高运,高运 | 高运",operator,,date_range=..
绩效与商家销售额汇总\03_销售额与经营数据\销售额统计 (28).xlsx,销售额统计（周期汇总）,商务对接人,text_or_mixed,0.2500,2,蓝通 | 高运 | 高运,operator,,date_range=..
绩效与商家销售额汇总\03_销售额与经营数据\销售额统计 (28).xlsx,销售额统计（周期汇总）,现金额,text_or_mixed,1.0000,80,15154.53 | 2753.00 | 23349.31,,,date_range=..
绩效与商家销售额汇总\03_销售额与经营数据\销售额统计 (28).xlsx,销售额统计（周期汇总）,订单数,text_or_mixed,1.0000,71,115.0 | 29.0 | 273.0,,订单,date_range=..
绩效与商家销售额汇总\03_销售额与经营数据\销售额统计 (28).xlsx,销售额统计（周期汇总）,单体金额,text_or_mixed,1.0000,80,8955.3 | 935.0 | 18115.58,,,date_range=..
绩效与商家销售额汇总\03_销售额与经营数据\销售额统计 (28).xlsx,销售额统计（周期汇总）,诊所金额,text_or_mixed,1.0000,76,1495.5 | 266.0 | 3250.15,,,date_range=..
绩效与商家销售额汇总\03_销售额与经营数据\销售额统计 (28).xlsx,销售额统计（周期汇总）,连锁总部金额,text_or_mixed,1.0000,26,1302.5 | 42.0 | 264.0,,,date_range=..
绩效与商家销售额汇总\03_销售额与经营数据\销售额统计 (28).xlsx,销售额统计（周期汇总）,连锁加盟金额,text_or_mixed,1.0000,67,3401.23 | 1510.0 | 648.48,,,date_range=..
绩效与商家销售额汇总\03_销售额与经营数据\销售额统计 (28).xlsx,销售额统计（周期汇总）,器械店金额,text_or_mixed,1.0000,41,0.0 | 0.0 | 1027.9,,,date_range=..
绩效与商家销售额汇总\03_销售额与经营数据\销售额统计 (28).xlsx,销售额统计（按月）,供应商名称,text_or_mixed,1.0000,80,丽康琴保健品 | 都尔东康 | 普宁普慈,merchant_supplier,,date_range=..
绩效与商家销售额汇总\03_销售额与经营数据\销售额统计 (28).xlsx,销售额统计（按月）,月份,text_or_mixed,1.0000,1,202604.0 | 202604.0 | 202604.0,,,date_range=..
绩效与商家销售额汇总\03_销售额与经营数据\销售额统计 (28).xlsx,销售额统计（按月）,运营人员,text_or_mixed,0.7750,3,"高运,高运 | 高运,高运 | 高运",operator,,date_range=..
绩效与商家销售额汇总\03_销售额与经营数据\销售额统计 (28).xlsx,销售额统计（按月）,商务对接人,text_or_mixed,0.2500,2,蓝通 | 高运 | 高运,operator,,date_range=..
绩效与商家销售额汇总\03_销售额与经营数据\销售额统计 (28).xlsx,销售额统计（按月）,现金额,text_or_mixed,1.0000,80,15154.53 | 2753.00 | 23349.31,,,date_range=..
绩效与商家销售额汇总\03_销售额与经营数据\销售额统计 (28).xlsx,销售额统计（按月）,订单数,text_or_mixed,1.0000,71,115.0 | 29.0 | 273.0,,订单,date_range=..
绩效与商家销售额汇总\03_销售额与经营数据\销售额统计 (28).xlsx,销售额统计（按月）,单体金额,text_or_mixed,1.0000,80,8955.3 | 935.0 | 18115.58,,,date_range=..
绩效与商家销售额汇总\03_销售额与经营数据\销售额统计 (28).xlsx,销售额统计（按月）,诊所金额,text_or_mixed,1.0000,76,1495.5 | 266.0 | 3250.15,,,date_range=..
绩效与商家销售额汇总\03_销售额与经营数据\销售额统计 (28).xlsx,销售额统计（按月）,连锁总部金额,text_or_mixed,1.0000,26,1302.5 | 42.0 | 264.0,,,date_range=..
绩效与商家销售额汇总\03_销售额与经营数据\销售额统计 (28).xlsx,销售额统计（按月）,连锁加盟金额,text_or_mixed,1.0000,67,3401.23 | 1510.0 | 648.48,,,date_range=..
绩效与商家销售额汇总\03_销售额与经营数据\销售额统计 (28).xlsx,销售额统计（按月）,器械店金额,text_or_mixed,1.0000,41,0.0 | 0.0 | 1027.9,,,date_range=..
绩效与商家销售额汇总\03_销售额与经营数据\销售额统计 (28).xlsx,销售额统计（按日）,供应商名称,text_or_mixed,1.0000,80,丽康琴保健品 | 丽康琴保健品 | 丽康琴保健品,merchant_supplier,,date_range=..
绩效与商家销售额汇总\03_销售额与经营数据\销售额统计 (28).xlsx,销售额统计（按日）,日期,date_candidate,1.0000,30,20260401.0 | 20260402.0 | 20260403.0,,,date_range=2026-04-01..2026-04-30
绩效与商家销售额汇总\03_销售额与经营数据\销售额统计 (28).xlsx,销售额统计（按日）,运营人员,text_or_mixed,0.7750,3,"高运,高运 | 高运,高运 | 高运,高运",operator,,date_range=..
绩效与商家销售额汇总\03_销售额与经营数据\销售额统计 (28).xlsx,销售额统计（按日）,商务对接人,text_or_mixed,0.2500,2,蓝通 | 蓝通 | 蓝通,operator,,date_range=..
绩效与商家销售额汇总\03_销售额与经营数据\销售额统计 (28).xlsx,销售额统计（按日）,现金额,text_or_mixed,1.0000,727,608.00 | 1199.36 | 451.90,,,date_range=..
绩效与商家销售额汇总\03_销售额与经营数据\销售额统计 (28).xlsx,销售额统计（按日）,订单数,text_or_mixed,1.0000,110,6.0 | 10.0 | 7.0,,订单,date_range=..
绩效与商家销售额汇总\03_销售额与经营数据\销售额统计 (28).xlsx,销售额统计（按日）,单体金额,text_or_mixed,1.0000,695,271.0 | 1199.36 | 313.4,,,date_range=..
绩效与商家销售额汇总\03_销售额与经营数据\销售额统计 (28).xlsx,销售额统计（按日）,诊所金额,text_or_mixed,1.0000,530,15.0 | 0.0 | 88.5,,,date_range=..
绩效与商家销售额汇总\03_销售额与经营数据\销售额统计 (28).xlsx,销售额统计（按日）,连锁总部金额,text_or_mixed,1.0000,110,0.0 | 0.0 | 50.0,,,date_range=..
绩效与商家销售额汇总\03_销售额与经营数据\销售额统计 (28).xlsx,销售额统计（按日）,连锁加盟金额,text_or_mixed,1.0000,495,322.0 | 0.0 | 0.0,,,date_range=..
绩效与商家销售额汇总\03_销售额与经营数据\销售额统计 (28).xlsx,销售额统计（按日）,器械店金额,text_or_mixed,1.0000,93,0.0 | 0.0 | 0.0,,,date_range=..
绩效与商家销售额汇总\03_销售额与经营数据\销售额统计 (3).xlsx,销售额统计（周期汇总）,供应商名称,text_or_mixed,1.0000,90,丽康琴保健品 | 都尔东康 | 普宁普慈,merchant_supplier,,date_range=..
绩效与商家销售额汇总\03_销售额与经营数据\销售额统计 (3).xlsx,销售额统计（周期汇总）,运营人员,text_or_mixed,0.6778,3,"高运,高运 | 高运,高运 | 高运",operator,,date_range=..
绩效与商家销售额汇总\03_销售额与经营数据\销售额统计 (3).xlsx,销售额统计（周期汇总）,商务对接人,text_or_mixed,0.3444,2,蓝通 | 高运 | 高运,operator,,date_range=..
绩效与商家销售额汇总\03_销售额与经营数据\销售额统计 (3).xlsx,销售额统计（周期汇总）,现金额,text_or_mixed,1.0000,89,23282.51 | 4447.00 | 28865.58,,,date_range=..
绩效与商家销售额汇总\03_销售额与经营数据\销售额统计 (3).xlsx,销售额统计（周期汇总）,订单数,text_or_mixed,1.0000,76,131.0 | 37.0 | 391.0,,订单,date_range=..
绩效与商家销售额汇总\03_销售额与经营数据\销售额统计 (3).xlsx,销售额统计（周期汇总）,单体金额,text_or_mixed,1.0000,87,10719.39 | 2663.0 | 19757.79,,,date_range=..
绩效与商家销售额汇总\03_销售额与经营数据\销售额统计 (3).xlsx,销售额统计（周期汇总）,诊所金额,text_or_mixed,1.0000,80,2786.1 | 295.0 | 7134.93,,,date_range=..
绩效与商家销售额汇总\03_销售额与经营数据\销售额统计 (3).xlsx,销售额统计（周期汇总）,连锁总部金额,text_or_mixed,1.0000,28,6956.32 | 1242.0 | 1090.0,,,date_range=..
绩效与商家销售额汇总\03_销售额与经营数据\销售额统计 (3).xlsx,销售额统计（周期汇总）,连锁加盟金额,text_or_mixed,1.0000,68,2820.7 | 247.0 | 329.66,,,date_range=..
绩效与商家销售额汇总\03_销售额与经营数据\销售额统计 (3).xlsx,销售额统计（周期汇总）,器械店金额,text_or_mixed,1.0000,40,0.0 | 0.0 | 553.2,,,date_range=..
绩效与商家销售额汇总\03_销售额与经营数据\销售额统计 (3).xlsx,销售额统计（按月）,供应商名称,text_or_mixed,1.0000,90,丽康琴保健品 | 都尔东康 | 普宁普慈,merchant_supplier,,date_range=..
绩效与商家销售额汇总\03_销售额与经营数据\销售额统计 (3).xlsx,销售额统计（按月）,月份,text_or_mixed,1.0000,1,202606.0 | 202606.0 | 202606.0,,,date_range=..
绩效与商家销售额汇总\03_销售额与经营数据\销售额统计 (3).xlsx,销售额统计（按月）,运营人员,text_or_mixed,0.6778,3,"高运,高运 | 高运,高运 | 高运",operator,,date_range=..
绩效与商家销售额汇总\03_销售额与经营数据\销售额统计 (3).xlsx,销售额统计（按月）,商务对接人,text_or_mixed,0.3444,2,蓝通 | 高运 | 高运,operator,,date_range=..
绩效与商家销售额汇总\03_销售额与经营数据\销售额统计 (3).xlsx,销售额统计（按月）,现金额,text_or_mixed,1.0000,89,23282.51 | 4447.00 | 28865.58,,,date_range=..
绩效与商家销售额汇总\03_销售额与经营数据\销售额统计 (3).xlsx,销售额统计（按月）,订单数,text_or_mixed,1.0000,76,131.0 | 37.0 | 391.0,,订单,date_range=..
绩效与商家销售额汇总\03_销售额与经营数据\销售额统计 (3).xlsx,销售额统计（按月）,单体金额,text_or_mixed,1.0000,87,10719.39 | 2663.0 | 19757.79,,,date_range=..
绩效与商家销售额汇总\03_销售额与经营数据\销售额统计 (3).xlsx,销售额统计（按月）,诊所金额,text_or_mixed,1.0000,80,2786.1 | 295.0 | 7134.93,,,date_range=..
绩效与商家销售额汇总\03_销售额与经营数据\销售额统计 (3).xlsx,销售额统计（按月）,连锁总部金额,text_or_mixed,1.0000,28,6956.32 | 1242.0 | 1090.0,,,date_range=..
绩效与商家销售额汇总\03_销售额与经营数据\销售额统计 (3).xlsx,销售额统计（按月）,连锁加盟金额,text_or_mixed,1.0000,68,2820.7 | 247.0 | 329.66,,,date_range=..
绩效与商家销售额汇总\03_销售额与经营数据\销售额统计 (3).xlsx,销售额统计（按月）,器械店金额,text_or_mixed,1.0000,40,0.0 | 0.0 | 553.2,,,date_range=..
绩效与商家销售额汇总\03_销售额与经营数据\销售额统计 (3).xlsx,销售额统计（按日）,供应商名称,text_or_mixed,1.0000,90,丽康琴保健品 | 丽康琴保健品 | 丽康琴保健品,merchant_supplier,,date_range=..
绩效与商家销售额汇总\03_销售额与经营数据\销售额统计 (3).xlsx,销售额统计（按日）,日期,date_candidate,1.0000,30,20260601.0 | 20260602.0 | 20260603.0,,,date_range=2026-06-01..2026-06-30
绩效与商家销售额汇总\03_销售额与经营数据\销售额统计 (3).xlsx,销售额统计（按日）,运营人员,text_or_mixed,0.6778,3,"高运,高运 | 高运,高运 | 高运,高运",operator,,date_range=..
绩效与商家销售额汇总\03_销售额与经营数据\销售额统计 (3).xlsx,销售额统计（按日）,商务对接人,text_or_mixed,0.3444,2,蓝通 | 蓝通 | 蓝通,operator,,date_range=..
绩效与商家销售额汇总\03_销售额与经营数据\销售额统计 (3).xlsx,销售额统计（按日）,现金额,text_or_mixed,1.0000,696,2581.76 | 2366.32 | 2557.30,,,date_range=..
绩效与商家销售额汇总\03_销售额与经营数据\销售额统计 (3).xlsx,销售额统计（按日）,订单数,text_or_mixed,1.0000,110,18.0 | 19.0 | 16.0,,订单,date_range=..
绩效与商家销售额汇总\03_销售额与经营数据\销售额统计 (3).xlsx,销售额统计（按日）,单体金额,text_or_mixed,1.0000,672,1187.46 | 1754.32 | 1602.3,,,date_range=..
绩效与商家销售额汇总\03_销售额与经营数据\销售额统计 (3).xlsx,销售额统计（按日）,诊所金额,text_or_mixed,1.0000,500,85.5 | 50.0 | 526.0,,,date_range=..
绩效与商家销售额汇总\03_销售额与经营数据\销售额统计 (3).xlsx,销售额统计（按日）,连锁总部金额,text_or_mixed,1.0000,112,580.0 | 299.8 | 144.0,,,date_range=..
绩效与商家销售额汇总\03_销售额与经营数据\销售额统计 (3).xlsx,销售额统计（按日）,连锁加盟金额,text_or_mixed,1.0000,417,728.8 | 262.2 | 285.0,,,date_range=..
绩效与商家销售额汇总\03_销售额与经营数据\销售额统计 (3).xlsx,销售额统计（按日）,器械店金额,text_or_mixed,1.0000,109,0.0 | 0.0 | 0.0,,,date_range=..
绩效与商家销售额汇总\03_销售额与经营数据\销售额统计 (4).xlsx,销售额统计（周期汇总）,供应商名称,text_or_mixed,1.0000,90,丽康琴保健品 | 都尔东康 | 普宁普慈,merchant_supplier,,date_range=..
绩效与商家销售额汇总\03_销售额与经营数据\销售额统计 (4).xlsx,销售额统计（周期汇总）,运营人员,text_or_mixed,0.6778,3,"高运,高运 | 高运,高运 | 高运",operator,,date_range=..
绩效与商家销售额汇总\03_销售额与经营数据\销售额统计 (4).xlsx,销售额统计（周期汇总）,商务对接人,text_or_mixed,0.3444,2,蓝通 | 高运 | 高运,operator,,date_range=..
绩效与商家销售额汇总\03_销售额与经营数据\销售额统计 (4).xlsx,销售额统计（周期汇总）,现金额,text_or_mixed,1.0000,89,23282.51 | 4447.00 | 28865.58,,,date_range=..
绩效与商家销售额汇总\03_销售额与经营数据\销售额统计 (4).xlsx,销售额统计（周期汇总）,订单数,text_or_mixed,1.0000,76,131.0 | 37.0 | 391.0,,订单,date_range=..
绩效与商家销售额汇总\03_销售额与经营数据\销售额统计 (4).xlsx,销售额统计（周期汇总）,单体金额,text_or_mixed,1.0000,87,10719.39 | 2663.0 | 19757.79,,,date_range=..
绩效与商家销售额汇总\03_销售额与经营数据\销售额统计 (4).xlsx,销售额统计（周期汇总）,诊所金额,text_or_mixed,1.0000,80,2786.1 | 295.0 | 7134.93,,,date_range=..
绩效与商家销售额汇总\03_销售额与经营数据\销售额统计 (4).xlsx,销售额统计（周期汇总）,连锁总部金额,text_or_mixed,1.0000,28,6956.32 | 1242.0 | 1090.0,,,date_range=..
绩效与商家销售额汇总\03_销售额与经营数据\销售额统计 (4).xlsx,销售额统计（周期汇总）,连锁加盟金额,text_or_mixed,1.0000,68,2820.7 | 247.0 | 329.66,,,date_range=..
绩效与商家销售额汇总\03_销售额与经营数据\销售额统计 (4).xlsx,销售额统计（周期汇总）,器械店金额,text_or_mixed,1.0000,40,0.0 | 0.0 | 553.2,,,date_range=..
绩效与商家销售额汇总\03_销售额与经营数据\销售额统计 (4).xlsx,销售额统计（按月）,供应商名称,text_or_mixed,1.0000,90,丽康琴保健品 | 都尔东康 | 普宁普慈,merchant_supplier,,date_range=..
绩效与商家销售额汇总\03_销售额与经营数据\销售额统计 (4).xlsx,销售额统计（按月）,月份,text_or_mixed,1.0000,1,202606.0 | 202606.0 | 202606.0,,,date_range=..
绩效与商家销售额汇总\03_销售额与经营数据\销售额统计 (4).xlsx,销售额统计（按月）,运营人员,text_or_mixed,0.6778,3,"高运,高运 | 高运,高运 | 高运",operator,,date_range=..
绩效与商家销售额汇总\03_销售额与经营数据\销售额统计 (4).xlsx,销售额统计（按月）,商务对接人,text_or_mixed,0.3444,2,蓝通 | 高运 | 高运,operator,,date_range=..
绩效与商家销售额汇总\03_销售额与经营数据\销售额统计 (4).xlsx,销售额统计（按月）,现金额,text_or_mixed,1.0000,89,23282.51 | 4447.00 | 28865.58,,,date_range=..
绩效与商家销售额汇总\03_销售额与经营数据\销售额统计 (4).xlsx,销售额统计（按月）,订单数,text_or_mixed,1.0000,76,131.0 | 37.0 | 391.0,,订单,date_range=..
绩效与商家销售额汇总\03_销售额与经营数据\销售额统计 (4).xlsx,销售额统计（按月）,单体金额,text_or_mixed,1.0000,87,10719.39 | 2663.0 | 19757.79,,,date_range=..
绩效与商家销售额汇总\03_销售额与经营数据\销售额统计 (4).xlsx,销售额统计（按月）,诊所金额,text_or_mixed,1.0000,80,2786.1 | 295.0 | 7134.93,,,date_range=..
绩效与商家销售额汇总\03_销售额与经营数据\销售额统计 (4).xlsx,销售额统计（按月）,连锁总部金额,text_or_mixed,1.0000,28,6956.32 | 1242.0 | 1090.0,,,date_range=..
绩效与商家销售额汇总\03_销售额与经营数据\销售额统计 (4).xlsx,销售额统计（按月）,连锁加盟金额,text_or_mixed,1.0000,68,2820.7 | 247.0 | 329.66,,,date_range=..
绩效与商家销售额汇总\03_销售额与经营数据\销售额统计 (4).xlsx,销售额统计（按月）,器械店金额,text_or_mixed,1.0000,40,0.0 | 0.0 | 553.2,,,date_range=..
绩效与商家销售额汇总\03_销售额与经营数据\销售额统计 (4).xlsx,销售额统计（按日）,供应商名称,text_or_mixed,1.0000,90,丽康琴保健品 | 丽康琴保健品 | 丽康琴保健品,merchant_supplier,,date_range=..
绩效与商家销售额汇总\03_销售额与经营数据\销售额统计 (4).xlsx,销售额统计（按日）,日期,date_candidate,1.0000,30,20260601.0 | 20260602.0 | 20260603.0,,,date_range=2026-06-01..2026-06-30
绩效与商家销售额汇总\03_销售额与经营数据\销售额统计 (4).xlsx,销售额统计（按日）,运营人员,text_or_mixed,0.6778,3,"高运,高运 | 高运,高运 | 高运,高运",operator,,date_range=..
绩效与商家销售额汇总\03_销售额与经营数据\销售额统计 (4).xlsx,销售额统计（按日）,商务对接人,text_or_mixed,0.3444,2,蓝通 | 蓝通 | 蓝通,operator,,date_range=..
绩效与商家销售额汇总\03_销售额与经营数据\销售额统计 (4).xlsx,销售额统计（按日）,现金额,text_or_mixed,1.0000,696,2581.76 | 2366.32 | 2557.30,,,date_range=..
绩效与商家销售额汇总\03_销售额与经营数据\销售额统计 (4).xlsx,销售额统计（按日）,订单数,text_or_mixed,1.0000,110,18.0 | 19.0 | 16.0,,订单,date_range=..
绩效与商家销售额汇总\03_销售额与经营数据\销售额统计 (4).xlsx,销售额统计（按日）,单体金额,text_or_mixed,1.0000,672,1187.46 | 1754.32 | 1602.3,,,date_range=..
绩效与商家销售额汇总\03_销售额与经营数据\销售额统计 (4).xlsx,销售额统计（按日）,诊所金额,text_or_mixed,1.0000,500,85.5 | 50.0 | 526.0,,,date_range=..
绩效与商家销售额汇总\03_销售额与经营数据\销售额统计 (4).xlsx,销售额统计（按日）,连锁总部金额,text_or_mixed,1.0000,112,580.0 | 299.8 | 144.0,,,date_range=..
绩效与商家销售额汇总\03_销售额与经营数据\销售额统计 (4).xlsx,销售额统计（按日）,连锁加盟金额,text_or_mixed,1.0000,417,728.8 | 262.2 | 285.0,,,date_range=..
绩效与商家销售额汇总\03_销售额与经营数据\销售额统计 (4).xlsx,销售额统计（按日）,器械店金额,text_or_mixed,1.0000,109,0.0 | 0.0 | 0.0,,,date_range=..
绩效与商家销售额汇总\03_销售额与经营数据\销售额统计 (5).xlsx,销售额统计（周期汇总）,供应商名称,text_or_mixed,1.0000,91,丽康琴保健品 | 都尔东康 | 普宁普慈,merchant_supplier,,date_range=..
绩效与商家销售额汇总\03_销售额与经营数据\销售额统计 (5).xlsx,销售额统计（周期汇总）,运营人员,text_or_mixed,0.6703,3,"高运,高运 | 高运,高运 | 高运",operator,,date_range=..
绩效与商家销售额汇总\03_销售额与经营数据\销售额统计 (5).xlsx,销售额统计（周期汇总）,商务对接人,text_or_mixed,0.3516,2,蓝通 | 高运 | 高运,operator,,date_range=..
绩效与商家销售额汇总\03_销售额与经营数据\销售额统计 (5).xlsx,销售额统计（周期汇总）,现金额,text_or_mixed,1.0000,91,228062.32 | 39428.12 | 314148.32,,,date_range=..
绩效与商家销售额汇总\03_销售额与经营数据\销售额统计 (5).xlsx,销售额统计（周期汇总）,订单数,text_or_mixed,1.0000,89,1479.0 | 387.0 | 4148.0,,订单,date_range=..
绩效与商家销售额汇总\03_销售额与经营数据\销售额统计 (5).xlsx,销售额统计（周期汇总）,单体金额,text_or_mixed,1.0000,90,136310.84 | 20727.5 | 227092.96,,,date_range=..
绩效与商家销售额汇总\03_销售额与经营数据\销售额统计 (5).xlsx,销售额统计（周期汇总）,诊所金额,text_or_mixed,1.0000,89,24786.14 | 9687.7 | 53755.88,,,date_range=..
绩效与商家销售额汇总\03_销售额与经营数据\销售额统计 (5).xlsx,销售额统计（周期汇总）,连锁总部金额,text_or_mixed,1.0000,35,30332.88 | 2865.0 | 3715.8,,,date_range=..
绩效与商家销售额汇总\03_销售额与经营数据\销售额统计 (5).xlsx,销售额统计（周期汇总）,连锁加盟金额,text_or_mixed,1.0000,77,36497.46 | 6003.92 | 8380.92,,,date_range=..
绩效与商家销售额汇总\03_销售额与经营数据\销售额统计 (5).xlsx,销售额统计（周期汇总）,器械店金额,text_or_mixed,1.0000,59,0.0 | 144.0 | 14752.36,,,date_range=..
绩效与商家销售额汇总\03_销售额与经营数据\销售额统计 (5).xlsx,销售额统计（按月）,供应商名称,text_or_mixed,1.0000,91,丽康琴保健品 | 丽康琴保健品 | 丽康琴保健品,merchant_supplier,,date_range=..
绩效与商家销售额汇总\03_销售额与经营数据\销售额统计 (5).xlsx,销售额统计（按月）,月份,text_or_mixed,1.0000,4,202603.0 | 202604.0 | 202605.0,,,date_range=..
绩效与商家销售额汇总\03_销售额与经营数据\销售额统计 (5).xlsx,销售额统计（按月）,运营人员,text_or_mixed,0.6703,3,"高运,高运 | 高运,高运 | 高运,高运",operator,,date_range=..
绩效与商家销售额汇总\03_销售额与经营数据\销售额统计 (5).xlsx,销售额统计（按月）,商务对接人,text_or_mixed,0.3516,2,蓝通 | 蓝通 | 蓝通,operator,,date_range=..
绩效与商家销售额汇总\03_销售额与经营数据\销售额统计 (5).xlsx,销售额统计（按月）,现金额,text_or_mixed,1.0000,337,62572.27 | 58447.64 | 57259.14,,,date_range=..
绩效与商家销售额汇总\03_销售额与经营数据\销售额统计 (5).xlsx,销售额统计（按月）,订单数,text_or_mixed,1.0000,296,380.0 | 406.0 | 410.0,,订单,date_range=..
绩效与商家销售额汇总\03_销售额与经营数据\销售额统计 (5).xlsx,销售额统计（按月）,单体金额,text_or_mixed,1.0000,336,35554.41 | 38445.02 | 35392.36,,,date_range=..
绩效与商家销售额汇总\03_销售额与经营数据\销售额统计 (5).xlsx,销售额统计（按月）,诊所金额,text_or_mixed,1.0000,326,8239.42 | 5096.09 | 5057.33,,,date_range=..
绩效与商家销售额汇总\03_销售额与经营数据\销售额统计 (5).xlsx,销售额统计（按月）,连锁总部金额,text_or_mixed,1.0000,120,7079.06 | 5776.5 | 7232.0,,,date_range=..
绩效与商家销售额汇总\03_销售额与经营数据\销售额统计 (5).xlsx,销售额统计（按月）,连锁加盟金额,text_or_mixed,1.0000,282,11564.38 | 9130.03 | 9577.45,,,date_range=..
绩效与商家销售额汇总\03_销售额与经营数据\销售额统计 (5).xlsx,销售额统计（按月）,器械店金额,text_or_mixed,1.0000,196,0.0 | 0.0 | 0.0,,,date_range=..
绩效与商家销售额汇总\03_销售额与经营数据\销售额统计 (5).xlsx,销售额统计（按日）,供应商名称,text_or_mixed,1.0000,91,丽康琴保健品 | 丽康琴保健品 | 丽康琴保健品,merchant_supplier,,date_range=..
绩效与商家销售额汇总\03_销售额与经营数据\销售额统计 (5).xlsx,销售额统计（按日）,日期,date_candidate,1.0000,122,20260301.0 | 20260302.0 | 20260303.0,,,date_range=2026-03-01..2026-06-30
绩效与商家销售额汇总\03_销售额与经营数据\销售额统计 (5).xlsx,销售额统计（按日）,运营人员,text_or_mixed,0.6703,3,"高运,高运 | 高运,高运 | 高运,高运",operator,,date_range=..
绩效与商家销售额汇总\03_销售额与经营数据\销售额统计 (5).xlsx,销售额统计（按日）,商务对接人,text_or_mixed,0.3516,2,蓝通 | 蓝通 | 蓝通,operator,,date_range=..
绩效与商家销售额汇总\03_销售额与经营数据\销售额统计 (5).xlsx,销售额统计（按日）,现金额,text_or_mixed,1.0000,7702,2257.06 | 2025.62 | 1100.42,,,date_range=..
绩效与商家销售额汇总\03_销售额与经营数据\销售额统计 (5).xlsx,销售额统计（按日）,订单数,text_or_mixed,1.0000,213,20.0 | 13.0 | 6.0,,订单,date_range=..
绩效与商家销售额汇总\03_销售额与经营数据\销售额统计 (5).xlsx,销售额统计（按日）,单体金额,text_or_mixed,1.0000,7299,845.22 | 1289.12 | 825.5,,,date_range=..
绩效与商家销售额汇总\03_销售额与经营数据\销售额统计 (5).xlsx,销售额统计（按日）,诊所金额,text_or_mixed,1.0000,5036,0.0 | 484.0 | 0.0,,,date_range=..
绩效与商家销售额汇总\03_销售额与经营数据\销售额统计 (5).xlsx,销售额统计（按日）,连锁总部金额,text_or_mixed,1.0000,1152,504.0 | 42.0 | 0.0,,,date_range=..
绩效与商家销售额汇总\03_销售额与经营数据\销售额统计 (5).xlsx,销售额统计（按日）,连锁加盟金额,text_or_mixed,1.0000,4662,772.84 | 210.5 | 274.92,,,date_range=..
绩效与商家销售额汇总\03_销售额与经营数据\销售额统计 (5).xlsx,销售额统计（按日）,器械店金额,text_or_mixed,1.0000,953,0.0 | 0.0 | 0.0,,,date_range=..
绩效与商家销售额汇总\03_销售额与经营数据\销售额统计 (6).xlsx,销售额统计（周期汇总）,供应商名称,text_or_mixed,1.0000,34,子钦医疗 | 有识医药 | 四川共创盛世商贸,merchant_supplier,,date_range=..
绩效与商家销售额汇总\03_销售额与经营数据\销售额统计 (6).xlsx,销售额统计（周期汇总）,运营人员,text_or_mixed,0.9118,1,高运 | 高运 | 高运,operator,,date_range=..
绩效与商家销售额汇总\03_销售额与经营数据\销售额统计 (6).xlsx,销售额统计（周期汇总）,商务对接人,text_or_mixed,1.0000,1,高运 | 高运 | 高运,operator,,date_range=..
绩效与商家销售额汇总\03_销售额与经营数据\销售额统计 (6).xlsx,销售额统计（周期汇总）,现金额,text_or_mixed,1.0000,34,1181.00 | 47164.84 | 307893.85,,,date_range=..
绩效与商家销售额汇总\03_销售额与经营数据\销售额统计 (6).xlsx,销售额统计（周期汇总）,订单数,text_or_mixed,1.0000,32,3.0 | 216.0 | 1504.0,,订单,date_range=..
绩效与商家销售额汇总\03_销售额与经营数据\销售额统计 (6).xlsx,销售额统计（周期汇总）,单体金额,text_or_mixed,1.0000,33,1181.0 | 21749.37 | 282126.44,,,date_range=..
绩效与商家销售额汇总\03_销售额与经营数据\销售额统计 (6).xlsx,销售额统计（周期汇总）,诊所金额,text_or_mixed,1.0000,32,0.0 | 1562.4 | 25767.41,,,date_range=..
绩效与商家销售额汇总\03_销售额与经营数据\销售额统计 (6).xlsx,销售额统计（周期汇总）,连锁总部金额,text_or_mixed,1.0000,4,0.0 | 8943.9 | 0.0,,,date_range=..
绩效与商家销售额汇总\03_销售额与经营数据\销售额统计 (6).xlsx,销售额统计（周期汇总）,连锁加盟金额,text_or_mixed,1.0000,17,0.0 | 4831.89 | 0.0,,,date_range=..
绩效与商家销售额汇总\03_销售额与经营数据\销售额统计 (6).xlsx,销售额统计（周期汇总）,器械店金额,text_or_mixed,1.0000,12,0.0 | 10077.28 | 0.0,,,date_range=..
绩效与商家销售额汇总\03_销售额与经营数据\销售额统计 (6).xlsx,销售额统计（按月）,供应商名称,text_or_mixed,1.0000,34,子钦医疗 | 有识医药 | 四川共创盛世商贸,merchant_supplier,,date_range=..
绩效与商家销售额汇总\03_销售额与经营数据\销售额统计 (6).xlsx,销售额统计（按月）,月份,text_or_mixed,1.0000,1,202606.0 | 202606.0 | 202606.0,,,date_range=..
绩效与商家销售额汇总\03_销售额与经营数据\销售额统计 (6).xlsx,销售额统计（按月）,运营人员,text_or_mixed,0.9118,1,高运 | 高运 | 高运,operator,,date_range=..
绩效与商家销售额汇总\03_销售额与经营数据\销售额统计 (6).xlsx,销售额统计（按月）,商务对接人,text_or_mixed,1.0000,1,高运 | 高运 | 高运,operator,,date_range=..
绩效与商家销售额汇总\03_销售额与经营数据\销售额统计 (6).xlsx,销售额统计（按月）,现金额,text_or_mixed,1.0000,34,1181.00 | 47164.84 | 307893.85,,,date_range=..
绩效与商家销售额汇总\03_销售额与经营数据\销售额统计 (6).xlsx,销售额统计（按月）,订单数,text_or_mixed,1.0000,32,3.0 | 216.0 | 1504.0,,订单,date_range=..
绩效与商家销售额汇总\03_销售额与经营数据\销售额统计 (6).xlsx,销售额统计（按月）,单体金额,text_or_mixed,1.0000,33,1181.0 | 21749.37 | 282126.44,,,date_range=..
绩效与商家销售额汇总\03_销售额与经营数据\销售额统计 (6).xlsx,销售额统计（按月）,诊所金额,text_or_mixed,1.0000,32,0.0 | 1562.4 | 25767.41,,,date_range=..
绩效与商家销售额汇总\03_销售额与经营数据\销售额统计 (6).xlsx,销售额统计（按月）,连锁总部金额,text_or_mixed,1.0000,4,0.0 | 8943.9 | 0.0,,,date_range=..
绩效与商家销售额汇总\03_销售额与经营数据\销售额统计 (6).xlsx,销售额统计（按月）,连锁加盟金额,text_or_mixed,1.0000,17,0.0 | 4831.89 | 0.0,,,date_range=..
绩效与商家销售额汇总\03_销售额与经营数据\销售额统计 (6).xlsx,销售额统计（按月）,器械店金额,text_or_mixed,1.0000,12,0.0 | 10077.28 | 0.0,,,date_range=..
绩效与商家销售额汇总\03_销售额与经营数据\销售额统计 (6).xlsx,销售额统计（按日）,供应商名称,text_or_mixed,1.0000,34,子钦医疗 | 子钦医疗 | 子钦医疗,merchant_supplier,,date_range=..
绩效与商家销售额汇总\03_销售额与经营数据\销售额统计 (6).xlsx,销售额统计（按日）,日期,date_candidate,1.0000,30,20260601.0 | 20260602.0 | 20260603.0,,,date_range=2026-06-01..2026-06-30
绩效与商家销售额汇总\03_销售额与经营数据\销售额统计 (6).xlsx,销售额统计（按日）,运营人员,text_or_mixed,0.9118,1,高运 | 高运 | 高运,operator,,date_range=..
绩效与商家销售额汇总\03_销售额与经营数据\销售额统计 (6).xlsx,销售额统计（按日）,商务对接人,text_or_mixed,1.0000,1,高运 | 高运 | 高运,operator,,date_range=..
绩效与商家销售额汇总\03_销售额与经营数据\销售额统计 (6).xlsx,销售额统计（按日）,现金额,text_or_mixed,1.0000,650,0 | 0 | 0,,,date_range=..
绩效与商家销售额汇总\03_销售额与经营数据\销售额统计 (6).xlsx,销售额统计（按日）,订单数,text_or_mixed,1.0000,101,0.0 | 0.0 | 0.0,,订单,date_range=..
绩效与商家销售额汇总\03_销售额与经营数据\销售额统计 (6).xlsx,销售额统计（按日）,单体金额,text_or_mixed,1.0000,612,0.0 | 0.0 | 0.0,,,date_range=..
绩效与商家销售额汇总\03_销售额与经营数据\销售额统计 (6).xlsx,销售额统计（按日）,诊所金额,text_or_mixed,1.0000,447,0.0 | 0.0 | 0.0,,,date_range=..
绩效与商家销售额汇总\03_销售额与经营数据\销售额统计 (6).xlsx,销售额统计（按日）,连锁总部金额,text_or_mixed,1.0000,31,0.0 | 0.0 | 0.0,,,date_range=..
绩效与商家销售额汇总\03_销售额与经营数据\销售额统计 (6).xlsx,销售额统计（按日）,连锁加盟金额,text_or_mixed,1.0000,294,0.0 | 0.0 | 0.0,,,date_range=..
绩效与商家销售额汇总\03_销售额与经营数据\销售额统计 (6).xlsx,销售额统计（按日）,器械店金额,text_or_mixed,1.0000,97,0.0 | 0.0 | 0.0,,,date_range=..
绩效与商家销售额汇总\03_销售额与经营数据\销售额统计.xlsx,销售额统计（周期汇总）,供应商名称,text_or_mixed,1.0000,86,丽康琴保健品 | 都尔东康 | 普宁普慈,merchant_supplier,,date_range=..
绩效与商家销售额汇总\03_销售额与经营数据\销售额统计.xlsx,销售额统计（周期汇总）,运营人员,text_or_mixed,0.7209,3,"高运,高运 | 高运,高运 | 高运",operator,,date_range=..
绩效与商家销售额汇总\03_销售额与经营数据\销售额统计.xlsx,销售额统计（周期汇总）,商务对接人,text_or_mixed,0.3023,2,蓝通 | 高运 | 高运,operator,,date_range=..
绩效与商家销售额汇总\03_销售额与经营数据\销售额统计.xlsx,销售额统计（周期汇总）,现金额,text_or_mixed,1.0000,86,59574.11 | 11132.70 | 79862.43,,,date_range=..
绩效与商家销售额汇总\03_销售额与经营数据\销售额统计.xlsx,销售额统计（周期汇总）,订单数,text_or_mixed,1.0000,82,406.0 | 93.0 | 997.0,,订单,date_range=..
绩效与商家销售额汇总\03_销售额与经营数据\销售额统计.xlsx,销售额统计（周期汇总）,单体金额,text_or_mixed,1.0000,86,39451.87 | 5648.5 | 55675.24,,,date_range=..
绩效与商家销售额汇总\03_销售额与经营数据\销售额统计.xlsx,销售额统计（周期汇总）,诊所金额,text_or_mixed,1.0000,86,5049.6 | 3353.2 | 14657.14,,,date_range=..
绩效与商家销售额汇总\03_销售额与经营数据\销售额统计.xlsx,销售额统计（周期汇总）,连锁总部金额,text_or_mixed,1.0000,31,6972.6 | 205.0 | 758.6,,,date_range=..
绩效与商家销售额汇总\03_销售额与经营数据\销售额统计.xlsx,销售额统计（周期汇总）,连锁加盟金额,text_or_mixed,1.0000,72,8100.04 | 1926.0 | 1406.5,,,date_range=..
绩效与商家销售额汇总\03_销售额与经营数据\销售额统计.xlsx,销售额统计（周期汇总）,器械店金额,text_or_mixed,1.0000,49,0.0 | 0.0 | 5432.95,,,date_range=..
绩效与商家销售额汇总\03_销售额与经营数据\销售额统计.xlsx,销售额统计（按月）,供应商名称,text_or_mixed,1.0000,86,丽康琴保健品 | 丽康琴保健品 | 都尔东康,merchant_supplier,,date_range=..
绩效与商家销售额汇总\03_销售额与经营数据\销售额统计.xlsx,销售额统计（按月）,月份,text_or_mixed,1.0000,2,202604.0 | 202605.0 | 202604.0,,,date_range=..
绩效与商家销售额汇总\03_销售额与经营数据\销售额统计.xlsx,销售额统计（按月）,运营人员,text_or_mixed,0.7209,3,"高运,高运 | 高运,高运 | 高运,高运",operator,,date_range=..
绩效与商家销售额汇总\03_销售额与经营数据\销售额统计.xlsx,销售额统计（按月）,商务对接人,text_or_mixed,0.3023,2,蓝通 | 蓝通 | 高运,operator,,date_range=..
绩效与商家销售额汇总\03_销售额与经营数据\销售额统计.xlsx,销售额统计（按月）,现金额,text_or_mixed,1.0000,170,34159.85 | 25414.26 | 4715.00,,,date_range=..
绩效与商家销售额汇总\03_销售额与经营数据\销售额统计.xlsx,销售额统计（按月）,订单数,text_or_mixed,1.0000,148,218.0 | 188.0 | 45.0,,订单,date_range=..
绩效与商家销售额汇总\03_销售额与经营数据\销售额统计.xlsx,销售额统计（按月）,单体金额,text_or_mixed,1.0000,168,23636.65 | 15815.22 | 2056.0,,,date_range=..
绩效与商家销售额汇总\03_销售额与经营数据\销售额统计.xlsx,销售额统计（按月）,诊所金额,text_or_mixed,1.0000,162,2263.0 | 2786.6 | 1173.0,,,date_range=..
绩效与商家销售额汇总\03_销售额与经营数据\销售额统计.xlsx,销售额统计（按月）,连锁总部金额,text_or_mixed,1.0000,57,3795.0 | 3177.6 | 70.0,,,date_range=..
绩效与商家销售额汇总\03_销售额与经营数据\销售额统计.xlsx,销售额统计（按月）,连锁加盟金额,text_or_mixed,1.0000,138,4465.2 | 3634.84 | 1416.0,,,date_range=..
绩效与商家销售额汇总\03_销售额与经营数据\销售额统计.xlsx,销售额统计（按月）,器械店金额,text_or_mixed,1.0000,87,0.0 | 0.0 | 0.0,,,date_range=..
绩效与商家销售额汇总\03_销售额与经营数据\销售额统计.xlsx,销售额统计（按日）,供应商名称,text_or_mixed,1.0000,86,丽康琴保健品 | 丽康琴保健品 | 丽康琴保健品,merchant_supplier,,date_range=..
绩效与商家销售额汇总\03_销售额与经营数据\销售额统计.xlsx,销售额统计（按日）,日期,date_candidate,1.0000,47,20260415.0 | 20260416.0 | 20260417.0,,,date_range=2026-04-15..2026-05-31
绩效与商家销售额汇总\03_销售额与经营数据\销售额统计.xlsx,销售额统计（按日）,运营人员,text_or_mixed,0.7209,3,"高运,高运 | 高运,高运 | 高运,高运",operator,,date_range=..
绩效与商家销售额汇总\03_销售额与经营数据\销售额统计.xlsx,销售额统计（按日）,商务对接人,text_or_mixed,0.3023,2,蓝通 | 蓝通 | 蓝通,operator,,date_range=..
绩效与商家销售额汇总\03_销售额与经营数据\销售额统计.xlsx,销售额统计（按日）,现金额,text_or_mixed,1.0000,2265,2544.00 | 662.00 | 1401.00,,,date_range=..
绩效与商家销售额汇总\03_销售额与经营数据\销售额统计.xlsx,销售额统计（按日）,订单数,text_or_mixed,1.0000,148,14.0 | 9.0 | 12.0,,订单,date_range=..
绩效与商家销售额汇总\03_销售额与经营数据\销售额统计.xlsx,销售额统计（按日）,单体金额,text_or_mixed,1.0000,2156,1547.0 | 404.0 | 754.5,,,date_range=..
绩效与商家销售额汇总\03_销售额与经营数据\销售额统计.xlsx,销售额统计（按日）,诊所金额,text_or_mixed,1.0000,1599,0.0 | 38.0 | 240.0,,,date_range=..
绩效与商家销售额汇总\03_销售额与经营数据\销售额统计.xlsx,销售额统计（按日）,连锁总部金额,text_or_mixed,1.0000,352,600.0 | 0.0 | 0.0,,,date_range=..
绩效与商家销售额汇总\03_销售额与经营数据\销售额统计.xlsx,销售额统计（按日）,连锁加盟金额,text_or_mixed,1.0000,1500,397.0 | 220.0 | 406.5,,,date_range=..
绩效与商家销售额汇总\03_销售额与经营数据\销售额统计.xlsx,销售额统计（按日）,器械店金额,text_or_mixed,1.0000,311,0.0 | 0.0 | 0.0,,,date_range=..
绩效与商家销售额汇总\24年非药商家售后订单率2025-01-03.xlsx,商家维度,供应商id,text_or_mixed,1.0000,2052,13569 | 14578 | 12646,merchant_supplier,,date_range=..
绩效与商家销售额汇总\24年非药商家售后订单率2025-01-03.xlsx,商家维度,供应商名称,text_or_mixed,0.9995,2051,【已退店】阿福医疗 | 【退店24.1.12】江西栢好康医疗器械 | 中森,merchant_supplier,,date_range=..
绩效与商家销售额汇总\24年非药商家售后订单率2025-01-03.xlsx,商家维度,订单数,text_or_mixed,1.0000,1765,2 | 2 | 2,,订单,date_range=..
绩效与商家销售额汇总\24年非药商家售后订单率2025-01-03.xlsx,商家维度,售后订单数,text_or_mixed,1.0000,959,2 | 2 | 1,,订单,date_range=..
绩效与商家销售额汇总\24年非药商家售后订单率2025-01-03.xlsx,商家维度,商家原因售后订单数,text_or_mixed,1.0000,787,2 | 2 | 1,merchant_supplier,订单,date_range=..
绩效与商家销售额汇总\24年非药商家售后订单率2025-01-03.xlsx,商家维度,商务对接人,text_or_mixed,0.9069,29,陈灵珠 | 蓝通 | 王子翔（医械）,operator,,date_range=..
绩效与商家销售额汇总\24年非药商家售后订单率2025-01-03.xlsx,商家维度,商家原因售后订单率,text_or_mixed,1.0000,1884,1 | 1 | 0.5,merchant_supplier,订单,date_range=..
绩效与商家销售额汇总\24年非药商家售后订单率2025-01-03.xlsx,商务维度,商务对接人,text_or_mixed,0.9667,29,黄少华 | 余斯亮 | 李安明,operator,,date_range=..
绩效与商家销售额汇总\24年非药商家售后订单率2025-01-03.xlsx,商务维度,订单数,text_or_mixed,1.0000,30,2082094 | 302520 | 12,,订单,date_range=..
绩效与商家销售额汇总\24年非药商家售后订单率2025-01-03.xlsx,商务维度,售后订单数,text_or_mixed,1.0000,30,92949 | 11400 | 0,,订单,date_range=..
绩效与商家销售额汇总\24年非药商家售后订单率2025-01-03.xlsx,商务维度,商家原因售后订单数,text_or_mixed,1.0000,29,58649 | 7225 | 0,merchant_supplier,订单,date_range=..
绩效与商家销售额汇总\24年非药商家售后订单率2025-01-03.xlsx,商务维度,商家原因售后订单率,text_or_mixed,1.0000,29,<PHONE_MASKED> | 0.0238827184979505 | 0,merchant_supplier,订单,date_range=..
绩效与商家销售额汇总\5万商家12-1月药采购现金情况.xlsx,Sheet1,"●保证金补缴到10万的、特殊合作协议的5万商家，正常经营药采购（药采购现金占比50%以上的必须商务跟进2月底补缴！）
●药采购采购占比10%以上的，没补缴的，停止药采购上架与提报，但现有链接正常销售
●采购占比10%以下的，没补缴的，直接关药采购",text_or_mixed,1.0000,1754,供应商ID | 10238 | 13778,merchant_supplier;operator,,date_range=..
绩效与商家销售额汇总\5万商家12-1月药采购现金情况.xlsx,Sheet1,<blank_2>,text_or_mixed,1.0000,1754,供应商名称 | 郑州眷轩 | 鑫众维器械,,,date_range=..
绩效与商家销售额汇总\5万商家12-1月药采购现金情况.xlsx,Sheet1,<blank_3>,text_or_mixed,1.0000,1515,12-1月药采购现金 | 448476.39 | 158487.42,,,date_range=..
绩效与商家销售额汇总\5万商家12-1月药采购现金情况.xlsx,Sheet1,<blank_4>,text_or_mixed,1.0000,877,12-1月医械城现金 | 78593.33 | 346451.15,,,date_range=..
绩效与商家销售额汇总\5万商家12-1月药采购现金情况.xlsx,Sheet1,<blank_5>,text_or_mixed,1.0000,1754,药采购现金占比 | =C3/(C3+D3) | =C4/(C4+D4),,,date_range=..
绩效与商家销售额汇总\5万商家12-1月药采购现金情况.xlsx,Sheet1,<blank_6>,text_or_mixed,0.8734,21,商务对接人 | 谭伟杰（商务） | 文洋（商务）,,,date_range=..
绩效与商家销售额汇总\5万商家12-1月药采购现金情况.xlsx,Sheet1,<blank_7>,text_or_mixed,1.0000,29,供应商省份 | 河南省 | 四川省,,,date_range=..
绩效与商家销售额汇总\5万商家12-1月药采购现金情况.xlsx,Sheet1,<blank_8>,text_or_mixed,0.9173,20,对应人 | 谭伟杰（商务） | 高运,,,date_range=..
绩效与商家销售额汇总\5万商家12-1月药采购现金情况.xlsx,Sheet1,<blank_9>,text_or_mixed,1.0000,1754,"只交5万保证金商业 | =VLOOKUP(A3,'Sheet1 (2)'!$A$2:$A$229,... | =VLOOKUP(A4,'Sheet1 (2)'!$A$2:$A$229,...",,,date_range=..
绩效与商家销售额汇总\5万商家12-1月药采购现金情况.xlsx,Sheet1,<blank_10>,text_or_mixed,0.0011,1,合作协议商家，5万正常经营 | 合作协议商家，5万正常经营,,,date_range=..
绩效与商家销售额汇总\5万商家12-1月药采购现金情况.xlsx,Sheet1,<blank_11>,text_or_mixed,0.0000,0,,,,date_range=..
绩效与商家销售额汇总\5万商家12-1月药采购现金情况.xlsx,Sheet1,<blank_12>,text_or_mixed,0.0000,0,,,,date_range=..
绩效与商家销售额汇总\5万商家12-1月药采购现金情况.xlsx,Sheet1,<blank_13>,text_or_mixed,0.0000,0,,,,date_range=..
绩效与商家销售额汇总\5万商家12-1月药采购现金情况.xlsx,Sheet1 (2),供应商ID,text_or_mixed,1.0000,194,17165 | 13817 | 13831,merchant_supplier,,date_range=..
绩效与商家销售额汇总\【2月考核结果】非药商家0211-0304连锁销售情况.xlsx,开通连锁+有售后订单的,商业id,text_or_mixed,1.0000,457,3584 | 1553 | 977,merchant_supplier,,date_range=..
绩效与商家销售额汇总\【2月考核结果】非药商家0211-0304连锁销售情况.xlsx,开通连锁+有售后订单的,商业名称,text_or_mixed,1.0000,457,可孚旗舰店 | 东莞市康洁医药旗舰店 | 广州仁冠贸易旗舰店,merchant_supplier,,date_range=..
绩效与商家销售额汇总\【2月考核结果】非药商家0211-0304连锁销售情况.xlsx,开通连锁+有售后订单的,是否关连锁,text_or_mixed,1.0000,2,不关 | 不关 | 不关,,,date_range=..
绩效与商家销售额汇总\【2月考核结果】非药商家0211-0304连锁销售情况.xlsx,开通连锁+有售后订单的,商务对接,text_or_mixed,1.0000,17,蓝通 | 0 | 0,operator,,date_range=..
绩效与商家销售额汇总\【2月考核结果】非药商家0211-0304连锁销售情况.xlsx,开通连锁+有售后订单的,处理状态,text_or_mixed,1.0000,3,连锁发票售后上传时长＞48h，不合格，但金额＞3w，重点提醒，本月暂时不关 | 连锁发票售后上传时长＞48h，不合格，但金额＞3w，重点提醒，本月暂时不关 | 连锁发票售后上传时长＜48h，合格，不关,,,date_range=..
绩效与商家销售额汇总\【2月考核结果】非药商家0211-0304连锁销售情况.xlsx,开通连锁+有售后订单的,开通连锁供货对象,text_or_mixed,1.0000,1,1 | 1 | 1,,,date_range=..
绩效与商家销售额汇总\【2月考核结果】非药商家0211-0304连锁销售情况.xlsx,开通连锁+有售后订单的,连锁订单数,text_or_mixed,1.0000,155,488 | 823 | 576,,订单,date_range=..
绩效与商家销售额汇总\【2月考核结果】非药商家0211-0304连锁销售情况.xlsx,开通连锁+有售后订单的,连锁发票订单数,text_or_mixed,1.0000,46,104 | 31 | 45,,订单,date_range=..
绩效与商家销售额汇总\【2月考核结果】非药商家0211-0304连锁销售情况.xlsx,开通连锁+有售后订单的,连锁发票售后订单数,text_or_mixed,1.0000,35,63 | 37 | 55,,订单,date_range=..
绩效与商家销售额汇总\【2月考核结果】非药商家0211-0304连锁销售情况.xlsx,开通连锁+有售后订单的,连锁平台介入订单数,text_or_mixed,1.0000,4,0 | 0 | 0,,订单,date_range=..
绩效与商家销售额汇总\【2月考核结果】非药商家0211-0304连锁销售情况.xlsx,开通连锁+有售后订单的,发票售后闭环订单数,text_or_mixed,1.0000,32,31 | 16 | 33,,订单,date_range=..
绩效与商家销售额汇总\【2月考核结果】非药商家0211-0304连锁销售情况.xlsx,开通连锁+有售后订单的,发票售后48小时闭环订单数,text_or_mixed,1.0000,30,21 | 7 | 26,,订单,date_range=..
绩效与商家销售额汇总\【2月考核结果】非药商家0211-0304连锁销售情况.xlsx,开通连锁+有售后订单的,连锁发票售后小时数-以上传发票为准,text_or_mixed,1.0000,380,3269.4 | 1616.79 | 881.63,,,date_range=..
绩效与商家销售额汇总\【2月考核结果】非药商家0211-0304连锁销售情况.xlsx,开通连锁+有售后订单的,发票上传率,text_or_mixed,1.0000,253,<PHONE_MASKED> | 0.0376670716889429 | 0.078125,,,date_range=..
绩效与商家销售额汇总\【2月考核结果】非药商家0211-0304连锁销售情况.xlsx,开通连锁+有售后订单的,发票售后率,text_or_mixed,1.0000,222,<PHONE_MASKED> | 0.0449574726609964 | 0.0954861111111111,,,date_range=..
绩效与商家销售额汇总\【2月考核结果】非药商家0211-0304连锁销售情况.xlsx,开通连锁+有售后订单的,48h发票售后闭环率,text_or_mixed,1.0000,61,0.333333333333333 | <PHONE_MASKED> | 0.472727272727273,,,date_range=..
绩效与商家销售额汇总\【2月考核结果】非药商家0211-0304连锁销售情况.xlsx,开通连锁+有售后订单的,发票售后平均处理时长-以上传发票为准,text_or_mixed,1.0000,382,105.464516129032 | 101.049375 | <PHONE_MASKED>,,,date_range=..
绩效与商家销售额汇总\【2月考核结果】非药商家0211-0304连锁销售情况.xlsx,开通连锁+有售后订单的,连锁销售额,text_or_mixed,1.0000,457,345271.99 | 335736.59 | 203376.12,,销售额,date_range=..
绩效与商家销售额汇总\【2月考核结果】非药商家0211-0304连锁销售情况.xlsx,开通连锁+有售后订单的,连锁销售店数,text_or_mixed,1.0000,132,212 | 376 | 338,,,date_range=..
绩效与商家销售额汇总\【2月考核结果】非药商家0211-0304连锁销售情况.xlsx,开通连锁+有售后订单的,动销批文数,text_or_mixed,1.0000,90,146 | 551 | 220,,,date_range=..
绩效与商家销售额汇总\【2月考核结果】非药商家0211-0304连锁销售情况.xlsx,开通连锁+有售后订单的,在架批文数,text_or_mixed,1.0000,383,295 | 3302 | 2629,,,date_range=..
绩效与商家销售额汇总\【2月考核结果】非药商家0211-0304连锁销售情况.xlsx,开通连锁+有售后订单的,处理状态,text_or_mixed,1.0000,5,上传时长＞72h，但金额＞3w，提醒，不关 | 上传时长＞72h，但金额＞3w，提醒，不关 | 上传时长＜72h，不关,,,date_range=..
绩效与商家销售额汇总\【2月考核结果】非药商家0211-0304连锁销售情况.xlsx,Sheet1,商业id,text_or_mixed,1.0000,1723,15195 | 5984 | 12858,merchant_supplier,,date_range=..
绩效与商家销售额汇总\【2月考核结果】非药商家0211-0304连锁销售情况.xlsx,Sheet1,商业名称,text_or_mixed,1.0000,1723,凯森医疗旗舰店 | 广州新多多医疗旗舰店 | 助康医疗器械旗舰店,merchant_supplier,,date_range=..
绩效与商家销售额汇总\【2月考核结果】非药商家0211-0304连锁销售情况.xlsx,Sheet1,商务对接,text_or_mixed,1.0000,23,0 | 黄少华 | 王子翔（医械）,operator,,date_range=..
绩效与商家销售额汇总\【2月考核结果】非药商家0211-0304连锁销售情况.xlsx,Sheet1,开通连锁供货对象,text_or_mixed,1.0000,2,1 | 1 | 1,,,date_range=..
绩效与商家销售额汇总\【2月考核结果】非药商家0211-0304连锁销售情况.xlsx,Sheet1,连锁订单数,text_or_mixed,1.0000,156,0 | 0 | 0,,订单,date_range=..
绩效与商家销售额汇总\【2月考核结果】非药商家0211-0304连锁销售情况.xlsx,Sheet1,连锁发票订单数,text_or_mixed,1.0000,48,0 | 0 | 0,,订单,date_range=..
绩效与商家销售额汇总\【2月考核结果】非药商家0211-0304连锁销售情况.xlsx,Sheet1,连锁发票售后订单数,text_or_mixed,1.0000,36,0 | 0 | 0,,订单,date_range=..
绩效与商家销售额汇总\【2月考核结果】非药商家0211-0304连锁销售情况.xlsx,Sheet1,连锁平台介入订单数,text_or_mixed,1.0000,4,0 | 0 | 0,,订单,date_range=..
绩效与商家销售额汇总\【2月考核结果】非药商家0211-0304连锁销售情况.xlsx,Sheet1,发票售后闭环订单数,text_or_mixed,1.0000,32,0 | 0 | 0,,订单,date_range=..
绩效与商家销售额汇总\【2月考核结果】非药商家0211-0304连锁销售情况.xlsx,Sheet1,发票售后48小时闭环订单数,text_or_mixed,1.0000,30,0 | 0 | 0,,订单,date_range=..
绩效与商家销售额汇总\【2月考核结果】非药商家0211-0304连锁销售情况.xlsx,Sheet1,连锁发票售后小时数-以上传发票为准,text_or_mixed,1.0000,380,0 | 0 | 0,,,date_range=..
绩效与商家销售额汇总\【2月考核结果】非药商家0211-0304连锁销售情况.xlsx,Sheet1,连锁发票售后小时数-以结束售后为准,text_or_mixed,0.0000,0,,,,date_range=..
绩效与商家销售额汇总\【2月考核结果】非药商家0211-0304连锁销售情况.xlsx,Sheet1,发票上传率,text_or_mixed,1.0000,1723,=F2/E2 | =F3/E3 | =F4/E4,,,date_range=..
绩效与商家销售额汇总\【2月考核结果】非药商家0211-0304连锁销售情况.xlsx,Sheet1,发票售后率,text_or_mixed,1.0000,1723,=G2/E2 | =G3/E3 | =G4/E4,,,date_range=..
绩效与商家销售额汇总\【2月考核结果】非药商家0211-0304连锁销售情况.xlsx,Sheet1,48h发票售后闭环率,text_or_mixed,1.0000,1723,=J2/G2 | =J3/G3 | =J4/G4,,,date_range=..
绩效与商家销售额汇总\【2月考核结果】非药商家0211-0304连锁销售情况.xlsx,Sheet1,发票售后平均处理时长-以上传发票为准,text_or_mixed,1.0000,1723,=K2/I2 | =K3/I3 | =K4/I4,,,date_range=..
绩效与商家销售额汇总\【2月考核结果】非药商家0211-0304连锁销售情况.xlsx,Sheet1,连锁销售额,text_or_mixed,1.0000,691,0 | 0 | 0,,销售额,date_range=..
绩效与商家销售额汇总\【2月考核结果】非药商家0211-0304连锁销售情况.xlsx,Sheet1,连锁销售店数,text_or_mixed,1.0000,133,0 | 0 | 0,,,date_range=..
绩效与商家销售额汇总\【2月考核结果】非药商家0211-0304连锁销售情况.xlsx,Sheet1,动销批文数,text_or_mixed,1.0000,91,0 | 0 | 0,,,date_range=..
绩效与商家销售额汇总\【2月考核结果】非药商家0211-0304连锁销售情况.xlsx,Sheet1,在架批文数,text_or_mixed,1.0000,497,237 | 711 | 260,,,date_range=..
绩效与商家销售额汇总\商家每月售后情况2025-02-06_四川.xlsx,Sheet1,供应商ID,text_or_mixed,1.0000,73,13778 | 12642 | 8521,merchant_supplier,,date_range=..
绩效与商家销售额汇总\商家每月售后情况2025-02-06_四川.xlsx,Sheet1,订单数202412,text_or_mixed,1.0000,73,2139 | 1258 | 2581,,订单,date_range=..
绩效与商家销售额汇总\商家每月售后情况2025-02-06_四川.xlsx,Sheet1,订单数202501,text_or_mixed,1.0000,69,1445 | 780 | 3114,,订单,date_range=..
绩效与商家销售额汇总\商家每月售后情况2025-02-06_四川.xlsx,Sheet1,订单数202502,text_or_mixed,1.0000,61,99 | 103 | 300,,订单,date_range=..
绩效与商家销售额汇总\商家每月售后情况2025-02-06_四川.xlsx,Sheet1,售后数202412,text_or_mixed,1.0000,51,102 | 69 | 184,,,date_range=..
绩效与商家销售额汇总\商家每月售后情况2025-02-06_四川.xlsx,Sheet1,售后数202501,text_or_mixed,1.0000,46,85 | 41 | 168,,,date_range=..
绩效与商家销售额汇总\商家每月售后情况2025-02-06_四川.xlsx,Sheet1,售后数202502,text_or_mixed,1.0000,15,0 | 0 | 9,,,date_range=..
绩效与商家销售额汇总\商家每月售后情况2025-02-06_四川.xlsx,Sheet1,商家原因售后数202412,text_or_mixed,1.0000,47,60 | 50 | 148,merchant_supplier,,date_range=..
绩效与商家销售额汇总\商家每月售后情况2025-02-06_四川.xlsx,Sheet1,商家原因售后数202501,text_or_mixed,1.0000,37,34 | 20 | 114,merchant_supplier,,date_range=..
绩效与商家销售额汇总\商家每月售后情况2025-02-06_四川.xlsx,Sheet1,商家原因售后数202502,text_or_mixed,1.0000,4,0 | 0 | 1,merchant_supplier,,date_range=..
绩效与商家销售额汇总\商家每月售后情况2025-02-06_四川.xlsx,Sheet1,商务对接人,text_or_mixed,0.6712,7,王子翔（医械） | 文洋（商务） | 文洋（商务）,operator,,date_range=..
绩效与商家销售额汇总\商家每月售后情况2025-02-06_四川.xlsx,Sheet1,供应商省份,text_or_mixed,1.0000,1,四川省 | 四川省 | 四川省,merchant_supplier;region,,date_range=..
绩效与商家销售额汇总\商家每月售后情况2025-02-06_四川.xlsx,Sheet1,对应人,text_or_mixed,1.0000,1,高运 | 高运 | 高运,,,date_range=..
绩效与商家销售额汇总\商家每月售后情况2025-02-06_四川.xlsx,Sheet2,商家原因明细（23条）,text_or_mixed,1.0000,23,药品近效期 | 商品质量问题 | 发票相关-无票,merchant_supplier,,date_range=..
绩效与商家销售额汇总\日化可开分店商家.xlsx,Sheet9,供应商名称,text_or_mixed,1.0000,39,须鲸医疗旗舰店 | 平行宇宙美妆旗舰店 | 湖南凡康,merchant_supplier,,date_range=..
绩效与商家销售额汇总\日化可开分店商家.xlsx,Sheet9,ID,text_or_mixed,1.0000,39,14736 | 21789 | 14545,,,date_range=..
绩效与商家销售额汇总\日化可开分店商家.xlsx,Sheet9,店铺近3月月均总额,text_or_mixed,1.0000,39,120401.48 | 201589.536666667 | 158106.813333333,,,date_range=..
绩效与商家销售额汇总\日化可开分店商家.xlsx,Sheet9,日/化近3月最高月,text_or_mixed,1.0000,39,91183.37 | 418713.88 | 131190.91,,,date_range=..
绩效与商家销售额汇总\日化可开分店商家.xlsx,Sheet9,对接人,text_or_mixed,1.0000,11,余超（非药） | 熊心意 | 熊心意,,,date_range=..
绩效与商家销售额汇总\日化可开分店商家.xlsx,Sheet9,近3个月商家售后率,text_or_mixed,1.0000,39,<PHONE_MASKED> | <PHONE_MASKED> | <PHONE_MASKED>,merchant_supplier,,date_range=..
绩效与商家销售额汇总\销售额统计 (1).xlsx,销售额统计（周期汇总）,供应商名称,text_or_mixed,1.0000,86,丽康琴保健品 | 都尔东康 | 普宁普慈,merchant_supplier,,date_range=..
绩效与商家销售额汇总\销售额统计 (1).xlsx,销售额统计（周期汇总）,运营人员,text_or_mixed,0.7209,3,"高运,高运 | 高运,高运 | 高运",operator,,date_range=..
绩效与商家销售额汇总\销售额统计 (1).xlsx,销售额统计（周期汇总）,商务对接人,text_or_mixed,0.3023,2,蓝通 | 高运 | 高运,operator,,date_range=..
绩效与商家销售额汇总\销售额统计 (1).xlsx,销售额统计（周期汇总）,现金额,text_or_mixed,1.0000,86,30785.08 | 7191.70 | 64007.00,,,date_range=..
绩效与商家销售额汇总\销售额统计 (1).xlsx,销售额统计（周期汇总）,订单数,text_or_mixed,1.0000,79,224.0 | 56.0 | 831.0,,订单,date_range=..
绩效与商家销售额汇总\销售额统计 (1).xlsx,销售额统计（周期汇总）,单体金额,text_or_mixed,1.0000,86,18219.94 | 4091.5 | 45774.13,,,date_range=..
绩效与商家销售额汇总\销售额统计 (1).xlsx,销售额统计（周期汇总）,诊所金额,text_or_mixed,1.0000,84,3467.0 | 2455.2 | 9049.12,,,date_range=..
绩效与商家销售额汇总\销售额统计 (1).xlsx,销售额统计（周期汇总）,连锁总部金额,text_or_mixed,1.0000,30,3684.4 | 135.0 | 1098.6,,,date_range=..
绩效与商家销售额汇总\销售额统计 (1).xlsx,销售额统计（周期汇总）,连锁加盟金额,text_or_mixed,1.0000,70,5413.74 | 510.0 | 960.3,,,date_range=..
绩效与商家销售额汇总\销售额统计 (1).xlsx,销售额统计（周期汇总）,器械店金额,text_or_mixed,1.0000,47,0.0 | 0.0 | 5792.85,,,date_range=..
绩效与商家销售额汇总\销售额统计 (1).xlsx,销售额统计（按月）,供应商名称,text_or_mixed,1.0000,86,丽康琴保健品 | 都尔东康 | 普宁普慈,merchant_supplier,,date_range=..
绩效与商家销售额汇总\销售额统计 (1).xlsx,销售额统计（按月）,月份,text_or_mixed,1.0000,1,202605.0 | 202605.0 | 202605.0,,,date_range=..
绩效与商家销售额汇总\销售额统计 (1).xlsx,销售额统计（按月）,运营人员,text_or_mixed,0.7209,3,"高运,高运 | 高运,高运 | 高运",operator,,date_range=..
绩效与商家销售额汇总\销售额统计 (1).xlsx,销售额统计（按月）,商务对接人,text_or_mixed,0.3023,2,蓝通 | 高运 | 高运,operator,,date_range=..
绩效与商家销售额汇总\销售额统计 (1).xlsx,销售额统计（按月）,现金额,text_or_mixed,1.0000,86,30785.08 | 7191.70 | 64007.00,,,date_range=..
绩效与商家销售额汇总\销售额统计 (1).xlsx,销售额统计（按月）,订单数,text_or_mixed,1.0000,79,224.0 | 56.0 | 831.0,,订单,date_range=..
绩效与商家销售额汇总\销售额统计 (1).xlsx,销售额统计（按月）,单体金额,text_or_mixed,1.0000,86,18219.94 | 4091.5 | 45774.13,,,date_range=..
绩效与商家销售额汇总\销售额统计 (1).xlsx,销售额统计（按月）,诊所金额,text_or_mixed,1.0000,84,3467.0 | 2455.2 | 9049.12,,,date_range=..
绩效与商家销售额汇总\销售额统计 (1).xlsx,销售额统计（按月）,连锁总部金额,text_or_mixed,1.0000,30,3684.4 | 135.0 | 1098.6,,,date_range=..
绩效与商家销售额汇总\销售额统计 (1).xlsx,销售额统计（按月）,连锁加盟金额,text_or_mixed,1.0000,70,5413.74 | 510.0 | 960.3,,,date_range=..
绩效与商家销售额汇总\销售额统计 (1).xlsx,销售额统计（按月）,器械店金额,text_or_mixed,1.0000,47,0.0 | 0.0 | 5792.85,,,date_range=..
绩效与商家销售额汇总\销售额统计 (1).xlsx,销售额统计（按日）,供应商名称,text_or_mixed,1.0000,86,丽康琴保健品 | 丽康琴保健品 | 丽康琴保健品,merchant_supplier,,date_range=..
绩效与商家销售额汇总\销售额统计 (1).xlsx,销售额统计（按日）,日期,date_candidate,1.0000,31,20260501.0 | 20260502.0 | 20260503.0,,,date_range=2026-05-01..2026-05-31
绩效与商家销售额汇总\销售额统计 (1).xlsx,销售额统计（按日）,运营人员,text_or_mixed,0.7209,3,"高运,高运 | 高运,高运 | 高运,高运",operator,,date_range=..
绩效与商家销售额汇总\销售额统计 (1).xlsx,销售额统计（按日）,商务对接人,text_or_mixed,0.3023,2,蓝通 | 蓝通 | 蓝通,operator,,date_range=..
绩效与商家销售额汇总\销售额统计 (1).xlsx,销售额统计（按日）,现金额,text_or_mixed,1.0000,1348,1213.74 | 695.00 | 1085.20,,,date_range=..
绩效与商家销售额汇总\销售额统计 (1).xlsx,销售额统计（按日）,订单数,text_or_mixed,1.0000,130,10.0 | 6.0 | 6.0,,订单,date_range=..
绩效与商家销售额汇总\销售额统计 (1).xlsx,销售额统计（按日）,单体金额,text_or_mixed,1.0000,1288,1064.34 | 478.2 | 1017.2,,,date_range=..
绩效与商家销售额汇总\销售额统计 (1).xlsx,销售额统计（按日）,诊所金额,text_or_mixed,1.0000,964,0.0 | 68.0 | 68.0,,,date_range=..
绩效与商家销售额汇总\销售额统计 (1).xlsx,销售额统计（按日）,连锁总部金额,text_or_mixed,1.0000,204,0.0 | 0.0 | 0.0,,,date_range=..
绩效与商家销售额汇总\销售额统计 (1).xlsx,销售额统计（按日）,连锁加盟金额,text_or_mixed,1.0000,885,149.4 | 148.8 | 0.0,,,date_range=..
绩效与商家销售额汇总\销售额统计 (1).xlsx,销售额统计（按日）,器械店金额,text_or_mixed,1.0000,176,0.0 | 0.0 | 0.0,,,date_range=..
绩效与商家销售额汇总\销售额统计 (2).xlsx,销售额统计（周期汇总）,供应商名称,text_or_mixed,1.0000,85,丽康琴保健品 | 都尔东康 | 普宁普慈,merchant_supplier,,date_range=..
绩效与商家销售额汇总\销售额统计 (2).xlsx,销售额统计（周期汇总）,运营人员,text_or_mixed,0.7059,3,"高运,高运 | 高运,高运 | 高运",operator,,date_range=..
绩效与商家销售额汇总\销售额统计 (2).xlsx,销售额统计（周期汇总）,商务对接人,text_or_mixed,0.3176,2,蓝通 | 高运 | 高运,operator,,date_range=..
绩效与商家销售额汇总\销售额统计 (2).xlsx,销售额统计（周期汇总）,现金额,text_or_mixed,1.0000,85,49702.79 | 10077.20 | 99651.97,,,date_range=..
绩效与商家销售额汇总\销售额统计 (2).xlsx,销售额统计（周期汇总）,订单数,text_or_mixed,1.0000,83,348.0 | 84.0 | 1329.0,,订单,date_range=..
绩效与商家销售额汇总\销售额统计 (2).xlsx,销售额统计（周期汇总）,单体金额,text_or_mixed,1.0000,85,30257.34 | 5379.0 | 71678.62,,,date_range=..
绩效与商家销售额汇总\销售额统计 (2).xlsx,销售额统计（周期汇总）,诊所金额,text_or_mixed,1.0000,84,4649.2 | 3470.7 | 13272.92,,,date_range=..
绩效与商家销售额汇总\销售额统计 (2).xlsx,销售额统计（周期汇总）,连锁总部金额,text_or_mixed,1.0000,31,6472.0 | 135.0 | 1081.8,,,date_range=..
绩效与商家销售额汇总\销售额统计 (2).xlsx,销售额统计（周期汇总）,连锁加盟金额,text_or_mixed,1.0000,72,8324.25 | 1092.5 | 1755.08,,,date_range=..
绩效与商家销售额汇总\销售额统计 (2).xlsx,销售额统计（周期汇总）,器械店金额,text_or_mixed,1.0000,50,0.0 | 0.0 | 8731.55,,,date_range=..
绩效与商家销售额汇总\销售额统计 (2).xlsx,销售额统计（按月）,供应商名称,text_or_mixed,1.0000,85,丽康琴保健品 | 都尔东康 | 普宁普慈,merchant_supplier,,date_range=..
绩效与商家销售额汇总\销售额统计 (2).xlsx,销售额统计（按月）,月份,text_or_mixed,1.0000,1,202605.0 | 202605.0 | 202605.0,,,date_range=..
绩效与商家销售额汇总\销售额统计 (2).xlsx,销售额统计（按月）,运营人员,text_or_mixed,0.7059,3,"高运,高运 | 高运,高运 | 高运",operator,,date_range=..
绩效与商家销售额汇总\销售额统计 (2).xlsx,销售额统计（按月）,商务对接人,text_or_mixed,0.3176,2,蓝通 | 高运 | 高运,operator,,date_range=..
绩效与商家销售额汇总\销售额统计 (2).xlsx,销售额统计（按月）,现金额,text_or_mixed,1.0000,85,49702.79 | 10077.20 | 99651.97,,,date_range=..
绩效与商家销售额汇总\销售额统计 (2).xlsx,销售额统计（按月）,订单数,text_or_mixed,1.0000,83,348.0 | 84.0 | 1329.0,,订单,date_range=..
绩效与商家销售额汇总\销售额统计 (2).xlsx,销售额统计（按月）,单体金额,text_or_mixed,1.0000,85,30257.34 | 5379.0 | 71678.62,,,date_range=..
绩效与商家销售额汇总\销售额统计 (2).xlsx,销售额统计（按月）,诊所金额,text_or_mixed,1.0000,84,4649.2 | 3470.7 | 13272.92,,,date_range=..
绩效与商家销售额汇总\销售额统计 (2).xlsx,销售额统计（按月）,连锁总部金额,text_or_mixed,1.0000,31,6472.0 | 135.0 | 1081.8,,,date_range=..
绩效与商家销售额汇总\销售额统计 (2).xlsx,销售额统计（按月）,连锁加盟金额,text_or_mixed,1.0000,72,8324.25 | 1092.5 | 1755.08,,,date_range=..
绩效与商家销售额汇总\销售额统计 (2).xlsx,销售额统计（按月）,器械店金额,text_or_mixed,1.0000,50,0.0 | 0.0 | 8731.55,,,date_range=..
绩效与商家销售额汇总\销售额统计 (2).xlsx,销售额统计（按日）,供应商名称,text_or_mixed,1.0000,85,丽康琴保健品 | 丽康琴保健品 | 丽康琴保健品,merchant_supplier,,date_range=..
绩效与商家销售额汇总\销售额统计 (2).xlsx,销售额统计（按日）,日期,date_candidate,1.0000,31,20260501.0 | 20260502.0 | 20260503.0,,,date_range=2026-05-01..2026-05-31
绩效与商家销售额汇总\销售额统计 (2).xlsx,销售额统计（按日）,运营人员,text_or_mixed,0.7059,3,"高运,高运 | 高运,高运 | 高运,高运",operator,,date_range=..
绩效与商家销售额汇总\销售额统计 (2).xlsx,销售额统计（按日）,商务对接人,text_or_mixed,0.3176,2,蓝通 | 蓝通 | 蓝通,operator,,date_range=..
绩效与商家销售额汇总\销售额统计 (2).xlsx,销售额统计（按日）,现金额,text_or_mixed,1.0000,1914,1213.74 | 695.00 | 1085.20,,,date_range=..
绩效与商家销售额汇总\销售额统计 (2).xlsx,销售额统计（按日）,订单数,text_or_mixed,1.0000,150,10.0 | 6.0 | 6.0,,订单,date_range=..
绩效与商家销售额汇总\销售额统计 (2).xlsx,销售额统计（按日）,单体金额,text_or_mixed,1.0000,1816,1064.34 | 478.2 | 1017.2,,,date_range=..
绩效与商家销售额汇总\销售额统计 (2).xlsx,销售额统计（按日）,诊所金额,text_or_mixed,1.0000,1335,0.0 | 68.0 | 68.0,,,date_range=..
绩效与商家销售额汇总\销售额统计 (2).xlsx,销售额统计（按日）,连锁总部金额,text_or_mixed,1.0000,308,0.0 | 0.0 | 0.0,,,date_range=..
绩效与商家销售额汇总\销售额统计 (2).xlsx,销售额统计（按日）,连锁加盟金额,text_or_mixed,1.0000,1233,149.4 | 148.8 | 0.0,,,date_range=..
绩效与商家销售额汇总\销售额统计 (2).xlsx,销售额统计（按日）,器械店金额,text_or_mixed,1.0000,275,0.0 | 0.0 | 0.0,,,date_range=..
绩效与商家销售额汇总\销售额统计 (20).xlsx,销售额统计（周期汇总）,供应商名称,text_or_mixed,1.0000,78,丽康琴保健品 | 都尔东康 | 普宁普慈,merchant_supplier,,date_range=..
绩效与商家销售额汇总\销售额统计 (20).xlsx,销售额统计（周期汇总）,运营人员,text_or_mixed,0.9872,3,"高运,高运 | 高运,高运 | 高运",operator,,date_range=..
绩效与商家销售额汇总\销售额统计 (20).xlsx,销售额统计（周期汇总）,商务对接人,text_or_mixed,0.0385,2,文洋（商务） | 高运 | 高运,operator,,date_range=..
绩效与商家销售额汇总\销售额统计 (20).xlsx,销售额统计（周期汇总）,现金额,text_or_mixed,1.0000,77,78711.70 | 14282.80 | 190991.86,,,date_range=..
绩效与商家销售额汇总\销售额统计 (20).xlsx,销售额统计（周期汇总）,订单数,text_or_mixed,1.0000,76,468.0 | 96.0 | 2432.0,,订单,date_range=..
绩效与商家销售额汇总\销售额统计 (20).xlsx,销售额统计（周期汇总）,单体金额,text_or_mixed,1.0000,77,36277.33 | 10276.8 | 137629.35,,,date_range=..
绩效与商家销售额汇总\销售额统计 (20).xlsx,销售额统计（周期汇总）,诊所金额,text_or_mixed,1.0000,76,8918.62 | 2453.0 | 32267.88,,,date_range=..
绩效与商家销售额汇总\销售额统计 (20).xlsx,销售额统计（周期汇总）,连锁总部金额,text_or_mixed,1.0000,35,19517.34 | 110.0 | 8596.4,,,date_range=..
绩效与商家销售额汇总\销售额统计 (20).xlsx,销售额统计（周期汇总）,连锁加盟金额,text_or_mixed,1.0000,70,13998.41 | 1443.0 | 8747.64,,,date_range=..
绩效与商家销售额汇总\销售额统计 (20).xlsx,销售额统计（按月）,供应商名称,text_or_mixed,1.0000,78,丽康琴保健品 | 都尔东康 | 普宁普慈,merchant_supplier,,date_range=..
绩效与商家销售额汇总\销售额统计 (20).xlsx,销售额统计（按月）,月份,text_or_mixed,1.0000,1,202506.0 | 202506.0 | 202506.0,,,date_range=..
绩效与商家销售额汇总\销售额统计 (20).xlsx,销售额统计（按月）,运营人员,text_or_mixed,0.9872,3,"高运,高运 | 高运,高运 | 高运",operator,,date_range=..
绩效与商家销售额汇总\销售额统计 (20).xlsx,销售额统计（按月）,商务对接人,text_or_mixed,0.0385,2,文洋（商务） | 高运 | 高运,operator,,date_range=..
绩效与商家销售额汇总\销售额统计 (20).xlsx,销售额统计（按月）,现金额,text_or_mixed,1.0000,77,78711.70 | 14282.80 | 190991.86,,,date_range=..
绩效与商家销售额汇总\销售额统计 (20).xlsx,销售额统计（按月）,订单数,text_or_mixed,1.0000,76,468.0 | 96.0 | 2432.0,,订单,date_range=..
绩效与商家销售额汇总\销售额统计 (20).xlsx,销售额统计（按月）,单体金额,text_or_mixed,1.0000,77,36277.33 | 10276.8 | 137629.35,,,date_range=..
绩效与商家销售额汇总\销售额统计 (20).xlsx,销售额统计（按月）,诊所金额,text_or_mixed,1.0000,76,8918.62 | 2453.0 | 32267.88,,,date_range=..
绩效与商家销售额汇总\销售额统计 (20).xlsx,销售额统计（按月）,连锁总部金额,text_or_mixed,1.0000,35,19517.34 | 110.0 | 8596.4,,,date_range=..
绩效与商家销售额汇总\销售额统计 (20).xlsx,销售额统计（按月）,连锁加盟金额,text_or_mixed,1.0000,70,13998.41 | 1443.0 | 8747.64,,,date_range=..
绩效与商家销售额汇总\销售额统计 (20).xlsx,销售额统计（按日）,供应商名称,text_or_mixed,1.0000,78,丽康琴保健品 | 丽康琴保健品 | 丽康琴保健品,merchant_supplier,,date_range=..
绩效与商家销售额汇总\销售额统计 (20).xlsx,销售额统计（按日）,日期,date_candidate,1.0000,30,20250601.0 | 20250602.0 | 20250603.0,,,date_range=2025-06-01..2025-06-30
绩效与商家销售额汇总\销售额统计 (20).xlsx,销售额统计（按日）,运营人员,text_or_mixed,0.9872,3,"高运,高运 | 高运,高运 | 高运,高运",operator,,date_range=..
绩效与商家销售额汇总\销售额统计 (20).xlsx,销售额统计（按日）,商务对接人,text_or_mixed,0.0385,2,文洋（商务） | 文洋（商务） | 文洋（商务）,operator,,date_range=..
绩效与商家销售额汇总\销售额统计 (20).xlsx,销售额统计（按日）,现金额,text_or_mixed,1.0000,2119,3453.42 | 2172.94 | 2928.24,,,date_range=..
绩效与商家销售额汇总\销售额统计 (20).xlsx,销售额统计（按日）,订单数,text_or_mixed,1.0000,164,24.0 | 19.0 | 16.0,,订单,date_range=..
绩效与商家销售额汇总\销售额统计 (20).xlsx,销售额统计（按日）,单体金额,text_or_mixed,1.0000,2009,2092.16 | 1692.4 | 1194.24,,,date_range=..
绩效与商家销售额汇总\销售额统计 (20).xlsx,销售额统计（按日）,诊所金额,text_or_mixed,1.0000,1596,47.0 | 95.76 | 122.0,,,date_range=..
绩效与商家销售额汇总\销售额统计 (20).xlsx,销售额统计（按日）,连锁总部金额,text_or_mixed,1.0000,426,0.0 | 77.14 | 1160.0,,,date_range=..
绩效与商家销售额汇总\销售额统计 (20).xlsx,销售额统计（按日）,连锁加盟金额,text_or_mixed,1.0000,1495,1314.26 | 307.64 | 452.0,,,date_range=..
绩效与商家销售额汇总\销售额统计 (3).xlsx,销售额统计（周期汇总）,供应商名称,text_or_mixed,1.0000,90,丽康琴保健品 | 都尔东康 | 普宁普慈,merchant_supplier,,date_range=..
绩效与商家销售额汇总\销售额统计 (3).xlsx,销售额统计（周期汇总）,运营人员,text_or_mixed,0.6778,3,"高运,高运 | 高运,高运 | 高运",operator,,date_range=..
绩效与商家销售额汇总\销售额统计 (3).xlsx,销售额统计（周期汇总）,商务对接人,text_or_mixed,0.3444,2,蓝通 | 高运 | 高运,operator,,date_range=..
绩效与商家销售额汇总\销售额统计 (3).xlsx,销售额统计（周期汇总）,现金额,text_or_mixed,1.0000,89,23282.51 | 4447.00 | 28865.58,,,date_range=..
绩效与商家销售额汇总\销售额统计 (3).xlsx,销售额统计（周期汇总）,订单数,text_or_mixed,1.0000,76,131.0 | 37.0 | 391.0,,订单,date_range=..
绩效与商家销售额汇总\销售额统计 (3).xlsx,销售额统计（周期汇总）,单体金额,text_or_mixed,1.0000,87,10719.39 | 2663.0 | 19757.79,,,date_range=..
绩效与商家销售额汇总\销售额统计 (3).xlsx,销售额统计（周期汇总）,诊所金额,text_or_mixed,1.0000,80,2786.1 | 295.0 | 7134.93,,,date_range=..
绩效与商家销售额汇总\销售额统计 (3).xlsx,销售额统计（周期汇总）,连锁总部金额,text_or_mixed,1.0000,28,6956.32 | 1242.0 | 1090.0,,,date_range=..
绩效与商家销售额汇总\销售额统计 (3).xlsx,销售额统计（周期汇总）,连锁加盟金额,text_or_mixed,1.0000,68,2820.7 | 247.0 | 329.66,,,date_range=..
绩效与商家销售额汇总\销售额统计 (3).xlsx,销售额统计（周期汇总）,器械店金额,text_or_mixed,1.0000,40,0.0 | 0.0 | 553.2,,,date_range=..
绩效与商家销售额汇总\销售额统计 (3).xlsx,销售额统计（按月）,供应商名称,text_or_mixed,1.0000,90,丽康琴保健品 | 都尔东康 | 普宁普慈,merchant_supplier,,date_range=..
绩效与商家销售额汇总\销售额统计 (3).xlsx,销售额统计（按月）,月份,text_or_mixed,1.0000,1,202606.0 | 202606.0 | 202606.0,,,date_range=..
绩效与商家销售额汇总\销售额统计 (3).xlsx,销售额统计（按月）,运营人员,text_or_mixed,0.6778,3,"高运,高运 | 高运,高运 | 高运",operator,,date_range=..
绩效与商家销售额汇总\销售额统计 (3).xlsx,销售额统计（按月）,商务对接人,text_or_mixed,0.3444,2,蓝通 | 高运 | 高运,operator,,date_range=..
绩效与商家销售额汇总\销售额统计 (3).xlsx,销售额统计（按月）,现金额,text_or_mixed,1.0000,89,23282.51 | 4447.00 | 28865.58,,,date_range=..
绩效与商家销售额汇总\销售额统计 (3).xlsx,销售额统计（按月）,订单数,text_or_mixed,1.0000,76,131.0 | 37.0 | 391.0,,订单,date_range=..
绩效与商家销售额汇总\销售额统计 (3).xlsx,销售额统计（按月）,单体金额,text_or_mixed,1.0000,87,10719.39 | 2663.0 | 19757.79,,,date_range=..
绩效与商家销售额汇总\销售额统计 (3).xlsx,销售额统计（按月）,诊所金额,text_or_mixed,1.0000,80,2786.1 | 295.0 | 7134.93,,,date_range=..
绩效与商家销售额汇总\销售额统计 (3).xlsx,销售额统计（按月）,连锁总部金额,text_or_mixed,1.0000,28,6956.32 | 1242.0 | 1090.0,,,date_range=..
绩效与商家销售额汇总\销售额统计 (3).xlsx,销售额统计（按月）,连锁加盟金额,text_or_mixed,1.0000,68,2820.7 | 247.0 | 329.66,,,date_range=..
绩效与商家销售额汇总\销售额统计 (3).xlsx,销售额统计（按月）,器械店金额,text_or_mixed,1.0000,40,0.0 | 0.0 | 553.2,,,date_range=..
绩效与商家销售额汇总\销售额统计 (3).xlsx,销售额统计（按日）,供应商名称,text_or_mixed,1.0000,90,丽康琴保健品 | 丽康琴保健品 | 丽康琴保健品,merchant_supplier,,date_range=..
绩效与商家销售额汇总\销售额统计 (3).xlsx,销售额统计（按日）,日期,date_candidate,1.0000,30,20260601.0 | 20260602.0 | 20260603.0,,,date_range=2026-06-01..2026-06-30
绩效与商家销售额汇总\销售额统计 (3).xlsx,销售额统计（按日）,运营人员,text_or_mixed,0.6778,3,"高运,高运 | 高运,高运 | 高运,高运",operator,,date_range=..
绩效与商家销售额汇总\销售额统计 (3).xlsx,销售额统计（按日）,商务对接人,text_or_mixed,0.3444,2,蓝通 | 蓝通 | 蓝通,operator,,date_range=..
绩效与商家销售额汇总\销售额统计 (3).xlsx,销售额统计（按日）,现金额,text_or_mixed,1.0000,696,2581.76 | 2366.32 | 2557.30,,,date_range=..
绩效与商家销售额汇总\销售额统计 (3).xlsx,销售额统计（按日）,订单数,text_or_mixed,1.0000,110,18.0 | 19.0 | 16.0,,订单,date_range=..
绩效与商家销售额汇总\销售额统计 (3).xlsx,销售额统计（按日）,单体金额,text_or_mixed,1.0000,672,1187.46 | 1754.32 | 1602.3,,,date_range=..
绩效与商家销售额汇总\销售额统计 (3).xlsx,销售额统计（按日）,诊所金额,text_or_mixed,1.0000,500,85.5 | 50.0 | 526.0,,,date_range=..
绩效与商家销售额汇总\销售额统计 (3).xlsx,销售额统计（按日）,连锁总部金额,text_or_mixed,1.0000,112,580.0 | 299.8 | 144.0,,,date_range=..
绩效与商家销售额汇总\销售额统计 (3).xlsx,销售额统计（按日）,连锁加盟金额,text_or_mixed,1.0000,417,728.8 | 262.2 | 285.0,,,date_range=..
绩效与商家销售额汇总\销售额统计 (3).xlsx,销售额统计（按日）,器械店金额,text_or_mixed,1.0000,109,0.0 | 0.0 | 0.0,,,date_range=..
